subscribers,beta,policy,accuracy,mean_confidence,comm_MB_per_1k_queries,pon_MB_per_1k_queries,latency_s_mean,latency_s_p95,J_per_query,forwarded_on_arrival,skipped_on_escalation,olt_rate_error,mean_olt_batch,olt_queued,final_user,final_onu,final_olt,J_recserve_same_accuracy,saving_same_accuracy
1000,0.1,recserve,0.504175455832635,0.8757545860672702,0.2575799693703586,0.011305342849712486,7.510851015241171,45.141447147377605,32.705394007096736,0.0,0.0,nan,1.003381258775023,0.0,0.8990955587019968,0.09098351971181168,0.009920921586191619,32.705394007096736,0.0
1000,0.1,recserve_no_onu,0.5340152762928502,0.8792845584803393,0.439453058629757,0.10986326465743924,3.89861481554748,11.466265097950718,95.60291679476606,0.0,0.1009044412980033,nan,1.0370722995946335,0.0,0.8990955587019968,0.0,0.1009044412980033,53.19400931010109,-0.797249690983753
1000,0.1,static_day,0.504175455832635,0.8757545860672702,0.2575799693703586,0.011305342849712486,7.510851015241171,45.141447147377605,32.705394007096736,0.0,0.0,0.14379093136880713,1.003381258775023,0.0,0.8990955587019968,0.09098351971181168,0.009920921586191619,32.705394007096736,0.0
1000,0.1,static_day_self,0.504175455832635,0.8757545860672702,0.2575799693703586,0.011305342849712486,7.510851015241171,45.141447147377605,32.705394007096736,0.0,0.0,0.010937340253517001,1.003381258775023,0.0,0.8990955587019968,0.09098351971181168,0.009920921586191619,32.705394007096736,0.0
1000,0.1,static_hour,0.504175455832635,0.8757545860672702,0.2575799693703586,0.011305342849712486,7.510851015241171,45.141447147377605,32.705394007096736,0.0,0.0,0.14460156595074058,1.003381258775023,0.0,0.8990955587019968,0.09098351971181168,0.009920921586191619,32.705394007096736,0.0
1000,0.1,static_hour_self,0.504175455832635,0.8757545860672702,0.2575799693703586,0.011305342849712486,7.510851015241171,45.141447147377605,32.705394007096736,0.0,0.0,0.010762683443706808,1.003381258775023,0.0,0.8990955587019968,0.09098351971181168,0.009920921586191619,32.705394007096736,0.0
1000,0.1,broadcast,0.504175455832635,0.8757545860672702,0.2575799693703586,0.011305342849712486,7.510851015241171,45.141447147377605,32.70539400709675,0.0,0.0,0.0017015533479427484,1.003381258775023,0.0,0.8990955587019968,0.09098351971181168,0.009920921586191619,32.705394007096736,-4.440892098500626e-16
1000,0.1,oracle,0.504175455832635,0.8757545860672702,0.2575799693703586,0.011305342849712486,7.510851015241171,45.141447147377605,32.705394007096736,0.0,0.0,0.0014825163434311424,1.003381258775023,0.0,0.8990955587019968,0.09098351971181168,0.009920921586191619,32.705394007096736,0.0
1000,0.1,piggyback,0.504175455832635,0.8757545860672702,0.2575799693703586,0.011305342849712486,7.510851015241171,45.141447147377605,32.705394007096736,0.0,0.0,0.030942307832793423,1.003381258775023,0.0,0.8990955587019968,0.09098351971181168,0.009920921586191619,32.705394007096736,0.0
1000,0.2,recserve,0.5514587607516783,0.883737082094444,0.5535746332630199,0.04334233921846255,12.255155118534363,57.34859620484893,65.17105331066301,0.0,0.0,nan,1.011729494295916,0.0,0.7995877519962242,0.16051665847949836,0.03989558952427736,65.17105331066301,0.0
1000,0.2,recserve_no_onu,0.5975958621088219,0.888965787742202,0.8573843442078192,0.2143460860519548,4.76341303197138,13.965613505169166,167.4646535224285,0.0,0.20041224800377572,nan,1.070893805656454,0.0,0.7995877519962242,0.0,0.20041224800377572,119.4150280459307,-0.4023750298665629
1000,0.2,static_day,0.5514587607516783,0.883737082094444,0.5535746332630199,0.04334233921846255,12.255155118534363,57.34859620484893,65.17105331066301,0.0,0.0,0.12523353853783764,1.011729494295916,0.0,0.7995877519962242,0.16051665847949836,0.03989558952427736,65.17105331066301,0.0
1000,0.2,static_day_self,0.5514587607516783,0.883737082094444,0.5535746332630199,0.04334233921846255,12.255155118534363,57.34859620484893,65.17105331066301,0.0,0.0,0.025370225829720223,1.011729494295916,0.0,0.7995877519962242,0.16051665847949836,0.03989558952427736,65.17105331066301,0.0
1000,0.2,static_hour,0.5514587607516783,0.883737082094444,0.5535746332630199,0.04334233921846255,12.255155118534363,57.34859620484893,65.17105331066301,0.0,0.0,0.12604315071024236,1.011729494295916,0.0,0.7995877519962242,0.16051665847949836,0.03989558952427736,65.17105331066301,0.0
1000,0.2,static_hour_self,0.5514587607516783,0.883737082094444,0.5535746332630199,0.04334233921846255,12.255155118534363,57.34859620484893,65.17105331066301,0.0,0.0,0.024176666289212518,1.011729494295916,0.0,0.7995877519962242,0.16051665847949836,0.03989558952427736,65.17105331066301,0.0
1000,0.2,broadcast,0.5514587607516783,0.883737082094444,0.5535746332630199,0.04334233921846255,12.255155118534363,57.34859620484893,65.17105331066311,0.0,0.0,0.007202924681126698,1.011729494295915,0.0,0.7995877519962242,0.16051665847949836,0.03989558952427736,65.17105331066301,-1.5543122344752192e-15
1000,0.2,oracle,0.5514587607516783,0.883737082094444,0.5535746332630199,0.04334233921846255,12.255155118534363,57.34859620484893,65.17105331066301,0.0,0.0,0.006442670355919577,1.011729494295916,0.0,0.7995877519962242,0.16051665847949836,0.03989558952427736,65.17105331066301,0.0
1000,0.2,piggyback,0.5514587607516783,0.883737082094444,0.5535746332630199,0.04334233921846255,12.255155118534363,57.34859620484893,65.17105331066301,0.0,0.0,0.03921952293950604,1.011729494295916,0.0,0.7995877519962242,0.16051665847949836,0.03989558952427736,65.17105331066301,0.0
1000,0.3,recserve,0.5935408058099999,0.8914071467075053,0.8963805010547,0.10106808834436193,16.908015089698686,63.2713916007232,113.89837122744984,0.0,0.0,nan,1.0303704161030924,0.0,0.6996946667822502,0.21040059332890262,0.08990473988884715,113.89837122744984,0.0
1000,0.3,recserve_no_onu,0.64720047003978,0.897536087052054,1.2782482542067597,0.3195620635516899,5.611211043986275,14.942647042025616,233.5769837713328,0.0,0.30030533321774977,nan,1.104568654921789,0.0,0.6996946667822502,0.0,0.30030533321774977,187.75005449946812,-0.2440847721404764
1000,0.3,static_day,0.5935408058099999,0.8914071467075053,0.8963805010547,0.10106808834436193,16.908015089698686,63.2713916007232,113.89837122744984,0.0,0.0,0.09750812423027372,1.0303704161030924,0.0,0.6996946667822502,0.21040059332890262,0.08990473988884715,113.89837122744984,0.0
1000,0.3,static_day_self,0.5935408058099999,0.8914071467075053,0.8963805010547,0.10106808834436193,16.908015089698686,63.2713916007232,113.89837122744984,0.0,0.0,0.04541460937269482,1.0303704161030924,0.0,0.6996946667822502,0.21040059332890262,0.08990473988884715,113.89837122744984,0.0
1000,0.3,static_hour,0.5935408058099999,0.8914071467075053,0.8963805010547,0.10106808834436193,16.908015089698686,63.2713916007232,113.89837122744984,0.0,0.0,0.0964261035466502,1.0303704161030924,0.0,0.6996946667822502,0.21040059332890262,0.08990473988884715,113.89837122744984,0.0
1000,0.3,static_hour_self,0.5935408058099999,0.8914071467075053,0.8963805010547,0.10106808834436193,16.908015089698686,63.2713916007232,113.89837122744984,0.0,0.0,0.04085333570289493,1.0303704161030924,0.0,0.6996946667822502,0.21040059332890262,0.08990473988884715,113.89837122744984,0.0
1000,0.3,broadcast,0.5935408058099999,0.8914071467075053,0.8963805010547,0.10106808834436193,16.90801508969868,63.2713916007232,113.89837122745008,0.0,0.0,0.0148910652504772,1.0303704161030922,0.0,0.6996946667822502,0.21040059332890262,0.08990473988884715,113.89837122744984,-2.220446049250313e-15
1000,0.3,oracle,0.5935408058099999,0.8914071467075053,0.8963805010547,0.10106808834436193,16.908015089698686,63.2713916007232,113.89837122744984,0.0,0.0,0.013580494558991827,1.0303704161030924,0.0,0.6996946667822502,0.21040059332890262,0.08990473988884715,113.89837122744984,0.0
1000,0.3,piggyback,0.5935408058099999,0.8914071467075053,0.8963805010547,0.10106808834436193,16.908015089698686,63.2713916007232,113.89837122744984,0.0,0.0,0.05621000171695294,1.0303704161030924,0.0,0.6996946667822502,0.21040059332890262,0.08990473988884715,113.89837122744984,0.0
1000,0.4,recserve,0.6378478342531858,0.899464647764497,1.2720669999325762,0.17478725883973376,22.03101049971445,67.56627525180075,174.17538159564992,0.0,0.0,nan,1.0552021532560814,0.0,0.5998979011953266,0.24015372612477245,0.15994837267990097,174.17538159564992,0.0
1000,0.4,recserve_no_onu,0.6928078134481463,0.9053397134626467,1.6929796091349534,0.42324490228373834,6.461769058958497,15.80442294151564,295.5475381505769,0.0,0.4001020988046734,nan,1.1401221355223417,0.0,0.5998979011953266,0.0,0.4001020988046734,254.651972922195,-0.16059394615755407
1000,0.4,static_day,0.6378478342531858,0.899464647764497,1.2720669999325762,0.17478725883973376,22.03101049971445,67.56627525180075,174.17538159564992,0.0,0.0,0.08293971547492757,1.0552021532560814,0.0,0.5998979011953266,0.24015372612477245,0.15994837267990097,174.17538159564992,0.0
1000,0.4,static_day_self,0.6378478342531858,0.899464647764497,1.2720669999325762,0.17478725883973376,22.03101049971445,67.56627525180075,174.17538159564992,0.0,0.0,0.06942112479696473,1.0552021532560814,0.0,0.5998979011953266,0.24015372612477245,0.15994837267990097,174.17538159564992,0.0
1000,0.4,static_hour,0.6378478342531858,0.899464647764497,1.2720669999325762,0.17478725883973376,22.03101049971445,67.56627525180075,174.17538159564992,0.0,0.0,0.07170142455835467,1.0552021532560814,0.0,0.5998979011953266,0.24015372612477245,0.15994837267990097,174.17538159564992,0.0
1000,0.4,static_hour_self,0.6378478342531858,0.899464647764497,1.2720669999325762,0.17478725883973376,22.03101049971445,67.56627525180075,174.17538159564992,0.0,0.0,0.05729126430553568,1.0552021532560814,0.0,0.5998979011953266,0.24015372612477245,0.15994837267990097,174.17538159564992,0.0
1000,0.4,broadcast,0.6378478342531858,0.899464647764497,1.2720669999325762,0.17478725883973376,22.03101049971442,67.56627525180075,174.17538159564995,0.0,0.0,0.022960534352455906,1.0552021532560845,0.0,0.5998979011953266,0.24015372612477245,0.15994837267990097,174.17538159564992,-2.220446049250313e-16
1000,0.4,oracle,0.6378478342531858,0.899464647764497,1.2720669999325762,0.17478725883973376,22.03101049971445,67.56627525180075,174.17538159564992,0.0,0.0,0.021259940127323507,1.0552021532560814,0.0,0.5998979011953266,0.24015372612477245,0.15994837267990097,174.17538159564992,0.0
1000,0.4,piggyback,0.6378478342531858,0.899464647764497,1.2720669999325762,0.17478725883973376,22.03101049971445,67.56627525180075,174.17538159564992,0.0,0.0,0.07785469928019656,1.0552021532560814,0.0,0.5998979011953266,0.24015372612477245,0.15994837267990097,174.17538159564992,0.0
1000,0.5,recserve,0.685111875246819,0.9070219741339578,1.6635019312085222,0.2664268982190501,27.10661703550311,71.62669310182322,242.77571109002307,0.0,0.0,nan,1.0876283376442786,0.0,0.5003323027133239,0.24964120938923726,0.25002648789743886,242.77571109002307,0.0
1000,0.5,recserve_no_onu,0.7386559559241387,0.9122974908068945,2.100339584477129,0.5250848961192822,7.306496531743188,16.235958755967886,353.6624378290221,0.0,0.4996676972866761,nan,1.174497720459145,0.0,0.5003323027133239,0.0,0.4996676972866761,325.66323916041523,-0.08597592636120366
1000,0.5,static_day,0.685111875246819,0.9070219741339578,1.6635019312085222,0.2664268982190501,27.10661703550311,71.62669310182322,242.77571109002307,0.0,0.0,0.09835911852773065,1.0876283376442786,0.0,0.5003323027133239,0.24964120938923726,0.25002648789743886,242.77571109002307,0.0
1000,0.5,static_day_self,0.685111875246819,0.9070219741339578,1.6635019312085222,0.2664268982190501,27.10661703550311,71.62669310182322,242.77571109002307,0.0,0.0,0.09835911852773065,1.0876283376442786,0.0,0.5003323027133239,0.24964120938923726,0.25002648789743886,242.77571109002307,0.0
1000,0.5,static_hour,0.685111875246819,0.9070219741339578,1.6635019312085222,0.2664268982190501,27.10661703550311,71.62669310182322,242.77571109002307,0.0,0.0,0.07597706350818789,1.0876283376442786,0.0,0.5003323027133239,0.24964120938923726,0.25002648789743886,242.77571109002307,0.0
1000,0.5,static_hour_self,0.685111875246819,0.9070219741339578,1.6635019312085222,0.2664268982190501,27.10661703550311,71.62669310182322,242.77571109002307,0.0,0.0,0.07597706350818789,1.0876283376442786,0.0,0.5003323027133239,0.24964120938923726,0.25002648789743886,242.77571109002307,0.0
1000,0.5,broadcast,0.685111875246819,0.9070219741339578,1.6635019312085222,0.2664268982190501,27.106617035503096,71.62669310182322,242.77571109002224,0.0,0.0,0.030875280417300897,1.0876283376442775,0.0,0.5003323027133239,0.24964120938923726,0.25002648789743886,242.77571109002307,3.4416913763379853e-15
1000,0.5,oracle,0.685111875246819,0.9070219741339578,1.6635019312085222,0.2664268982190501,27.10661703550311,71.62669310182322,242.77571109002307,0.0,0.0,0.028862407160974192,1.0876283376442786,0.0,0.5003323027133239,0.24964120938923726,0.25002648789743886,242.77571109002307,0.0
1000,0.5,piggyback,0.685111875246819,0.9070219741339578,1.6635019312085222,0.2664268982190501,27.10661703550311,71.62669310182322,242.77571109002307,0.0,0.0,0.10269419583610533,1.0876283376442786,0.0,0.5003323027133239,0.24964120938923726,0.25002648789743886,242.77571109002307,0.0
1000,0.6,recserve,0.7367199314204256,0.914306587159742,2.09764745090107,0.38210480538619357,32.24890914237543,73.62785068719982,322.41652572929354,0.0,0.0,nan,1.1270010030568123,0.0,0.4004199535739398,0.24021151790100267,0.3593685285250576,322.41652572929354,0.0
1000,0.6,recserve_no_onu,0.7809499041619711,0.9186208733266457,2.5123235568911877,0.6280808892227969,8.160034508223383,16.602253404332092,409.1021736597215,0.0,0.5995800464260602,nan,1.209054868483165,0.0,0.4004199535739398,0.0,0.5995800464260602,396.59019774775606,-0.03154887837122855
1000,0.6,static_day,0.7368451469355911,0.9143150052117544,2.0986259234644242,0.38266915171304455,32.189892472348696,73.61070587446316,322.5227293215199,0.0,0.0014640583311661417,0.15817370614770865,1.1277000981774965,0.0,0.4004199535739398,0.23965286406411035,0.35992718236194987,322.6265121701124,0.00032168109153341007
1000,0.6,static_day_self,0.7768948478631491,0.9182344527792404,2.475091378430183,0.6060031207559164,10.316152818739065,33.4907850042717,400.72138907398056,0.0,0.5458336945319348,0.29884666251746356,1.2060450384881296,0.0,0.4004199535739398,0.021623756272815712,0.5779562901532446,389.78986762585436,-0.02804465266044054
1000,0.6,static_hour,0.7369896263761667,0.9143295642567271,2.09996545978174,0.38347729264792285,32.10189861302883,73.58785597986876,322.74385879979303,0.0,0.0036601458279153544,0.12927757551013636,1.1283140620491567,0.0,0.4004199535739398,0.23886304312229703,0.3607170033037632,322.868804217211,0.00038698510288381893
1000,0.6,static_hour_self,0.7384247888192177,0.9144690286464949,2.1132819371803393,0.391400776336194,31.33980839630356,73.21829515704107,324.7229156503631,0.0,0.022702536095780237,0.11286772154563263,1.1360815076036859,0.0,0.4004199535739398,0.23112857707014958,0.36845146935591067,325.2755718850574,0.0016990400831254915
1000,0.6,broadcast,0.7387715394765991,0.9145110910686234,2.1172326215312895,0.39380764007281766,31.091301155660858,73.20525576486484,325.3525485876374,0.0,0.028847728301596015,0.03760301939991226,1.1379825456269852,0.0,0.4004199535739398,0.22872058639388948,0.37085946003217074,325.85707279809407,0.001548299093600769
1000,0.6,oracle,0.7657217711253022,0.9171040341257569,2.366286223403743,0.5414504965276775,16.64134224207154,60.73306727637021,377.28048770937994,0.0,0.3884666878569846,0.015043721408227708,1.1922255030898925,0.0,0.4004199535739398,0.08467458414001021,0.51490546228605,371.0526159835597,-0.016784335853048393
1000,0.6,piggyback,0.7686306238622244,0.9173786951091579,2.392223307423354,0.5569888654511129,15.126616563742395,57.35080478593375,384.2740770925842,0.0,0.4258868629660666,0.1902263363520748,1.1914022773202981,0.0,0.4004199535739398,0.06950424287957158,0.5300758035464886,375.93076253181226,-0.022193753191628973
1000,0.7,recserve,0.7875670625403338,0.9211111648594287,2.564169503279683,0.5158765375020468,37.64477970023788,76.7736782070946,407.68717350487356,0.0,0.0,nan,1.1746236475576022,0.0,0.3002090135906994,0.21025611388832702,0.4895348725209736,407.68717350487356,0.0
1000,0.7,recserve_no_onu,0.8244863755887537,0.9243499700880924,2.925245566889165,0.7313113917222912,9.020760469968687,16.832909920903106,461.5325595801122,0.0,0.6997909864093006,nan,1.244885651920848,0.0,0.3002090135906994,0.0,0.6997909864093006,485.37986104102816,0.049131213251759065
1000,0.7,static_day,0.823831402124811,0.9243070260344449,2.9202160834513244,0.7283229500775372,9.402809389892129,17.506693558224697,460.9952222818316,0.0,0.6904961423989366,0.4758081593255854,1.2434910516348796,0.0,0.3002090135906994,0.0028799568488070814,0.6969110295604936,484.00154046903276,0.04753356397359054
1000,0.7,static_day_self,0.8241299929686672,0.9243148239977872,2.9217969389622525,0.7293046878762485,9.256965849555609,17.253354715618467,460.93792816909365,0.0,0.6939829128981613,0.27438674483275766,1.2444623113510305,0.0,0.3002090135906994,0.0019071286155980004,0.6978838577937027,484.6298924945012,0.048886716837584165
1000,0.7,static_hour,0.8230704770711128,0.9242296284617759,2.912178268365745,0.7235506882037352,10.054923542496006,18.415866739887864,459.6380744828136,0.0,0.6743626048679939,0.44097654747511955,1.242858155343522,0.0,0.3002090135906994,0.007628514462392002,0.6921624719469086,482.4002562750969,0.04718526057188255
1000,0.7,static_hour_self,0.8225792469731558,0.9241865434288383,2.907109544311844,0.7205774457961299,10.409820288793433,19.6314055237268,457.7315217388203,0.0,0.6657034703961626,0.181054258290457,1.2453683738950705,0.0,0.3002090135906994,0.010402519721443638,0.689388466687857,481.36651584610036,0.04909978847560004
1000,0.7,broadcast,0.8235135473555446,0.9242721567671442,2.9163490623284307,0.7260619816800069,9.684593996360809,17.789399588369072,460.11664981373167,0.0,0.6834551776615521,0.020069845319853105,1.2437309709858089,0.0,0.3002090135906994,0.0050664123828512535,0.6947245740264494,483.3326496032114,0.048033170961114924
1000,0.7,oracle,0.8236194989453001,0.92428050374691,2.9172532531954034,0.7266115525760685,9.606259726710382,17.733793756797755,460.28981826033555,0.0,0.6853815702025602,0.01009024869946541,1.2437270630623718,0.0,0.3002090135906994,0.004517390508663951,0.6952735959006366,483.55561322515183,0.048114000393132295
1000,0.7,piggyback,0.8172142437464482,0.9236691521370802,2.8502361757255277,0.6866399283381975,14.937120203901028,55.62551972428678,449.4786695087278,0.0,0.5546951002205719,0.23279230303413398,1.2361225211745512,0.0,0.3002090135906994,0.043758006568998566,0.6560329798403021,470.07644880784363,0.04381793504302045
1000,0.8,recserve,0.8299188025543965,0.9273420926265344,3.0536599146608103,0.6657252578958015,43.246142593674904,80.55821854435992,496.8118140205198,0.0,0.0,nan,1.2287587593481835,0.0,0.20067231099681182,0.1602854913745774,0.6390421976286108,496.8118140205198,0.0
1000,0.8,recserve_no_onu,0.8537482782866664,0.9293130586556013,3.3367085271765826,0.8341771317941457,9.884321269832514,17.220310247666475,510.8769392220567,0.0,0.7993276890031882,nan,1.281654768607385,0.0,0.20067231099681182,0.0,0.7993276890031882,553.1943265042962,0.07649642314600069
1000,0.8,static_day,0.9102397395517284,0.9357772579742027,4.081980100365051,1.020248311998536,8.843427953902907,14.239640778396279,580.7332481043172,0.9100567322603327,0.07007252867916895,0.8958465201231401,1.3515398758878931,0.0,0.01800213829572052,0.00039491047090665666,0.9816029512333728,nan,nan
1000,0.8,static_day_self,0.9154121035243351,0.9363657142731664,4.152429681856272,1.0378935186522957,8.71812716578117,13.778239684179425,588.3621437038049,0.9953573939761705,0.003062964140202849,0.4200778291227379,1.3545327869843686,0.0,0.0009439323450939598,0.0003467506573814546,0.9987093169975246,nan,nan
1000,0.8,static_hour,0.8625326282736633,0.9302891046296945,3.448834339873436,0.8617500216719162,9.857460834775262,17.069518581628547,521.9973329086044,0.13910480538619355,0.6847651245894376,0.6092402681933234,1.2920636279542996,0.0,0.1727492511148997,0.0007320291655830708,0.8265187197195173,573.9788258515897,0.09056343300793779
1000,0.8,static_hour_self,0.910133787961973,0.9357685096799148,4.0809000876508605,1.01964168135541,8.949536327850195,14.323004700243473,580.4727372717945,0.9101048920738579,0.06748153071151308,0.32009119030826155,1.3518817669153478,0.0,0.01801177025842556,0.0009535643077990002,0.9810346654337755,nan,nan
1000,0.8,broadcast,0.9104805386193545,0.9357989027700122,4.084669806686509,1.0207159148919775,8.905960305770291,14.269555861130357,580.5115308337544,0.9134857109833271,0.06588262490247637,0.020894915252119648,1.3529222608898726,0.0,0.017241213242022328,0.0007320291655830708,0.9820267575923946,nan,nan
1000,0.8,oracle,0.8570231456063803,0.9296962721076804,3.3806052147446084,0.8446322131360707,9.97846964088363,17.259404838015804,513.3397527547004,0.05549936910644282,0.7511004517390508,0.009976155303988874,1.290820375375962,0.0,0.18959555388601534,0.0008283487926334749,0.8095760973213512,560.9429337171032,0.08486278746210252
1000,0.8,piggyback,0.8830487088353994,0.9326822355517801,3.722593444486183,0.926396268577648,10.709264235529854,18.201598933724696,548.3217601285627,0.4862696371639649,0.3781701197252964,0.2852082741543399,1.3181887022345025,0.0,0.10298494524229203,0.0070987565136147795,0.8899162982440932,nan,nan
1000,0.9,recserve,0.8705849490950771,0.932903336083028,3.5951614027990484,0.8419241193978098,49.10581801678125,84.1709226083967,593.0312835866089,0.0,0.0,nan,1.2910591116185195,0.0,0.10062511437955712,0.090347810173279,0.8090270754471639,593.0312835866089,0.0
1000,0.9,recserve_no_onu,0.8855337552132998,0.9336177663952834,3.7433775055142986,0.9358443763785746,10.75453752984555,17.55085954833919,558.3518535425164,0.0,0.8993748856204429,nan,1.3174432383840489,0.0,0.10062511437955712,0.0,0.8993748856204429,nan,nan
1000,0.9,static_day,0.9155565829649107,0.9363848037631444,4.1543056029127055,1.038536847073328,8.684788666431746,13.753616918809712,588.6037718523161,0.9953766579015806,0.00355419423815991,0.9074945835143249,1.3546600761591454,0.0,0.0005971816877125052,5.779177623024244e-05,0.9993450265360573,nan,nan
1000,0.9,static_day_self,0.9155565829649107,0.9363848037631444,4.1543056029127055,1.038536847073328,8.680720848978435,13.750328052788973,588.6103929187573,0.995463345565926,0.003525298350044789,0.41443900323933175,1.3546231208058448,0.0,0.0005971816877125052,5.779177623024244e-05,0.9993450265360573,nan,nan
1000,0.9,static_hour,0.9155469510022057,0.93638433178963,4.154221188391559,1.0384746631221045,8.706102700810755,13.767684639897197,588.609649755081,0.9953573939761705,0.0033711869467641423,0.8601094412322302,1.3546754316916143,0.0,0.0005971816877125052,0.00012521551516552528,0.999277602797122,nan,nan
1000,0.9,static_hour_self,0.9155565829649107,0.9363848037631444,4.1543056029127055,1.038536847073328,8.685671372425515,13.753659734502435,588.610151383239,0.9953766579015806,0.0035445622754548697,0.25305984559268535,1.354649842000869,0.0,0.0005971816877125052,5.779177623024244e-05,0.9993450265360573,nan,nan
1000,0.9,broadcast,0.91536394371081,0.9363663454866129,4.1517544427427975,1.037841457893875,8.72178017218398,13.807773244567215,588.3417759850184,0.989761223644542,0.008399071478795234,0.020688129640577653,1.354677281990974,0.0,0.0011654674873098892,0.0001444794405756061,0.9986900530721146,nan,nan
1000,0.9,oracle,0.9153061519345798,0.9363617586001751,4.151169589967347,1.0376952447000125,8.723667460851061,13.807773244567215,588.2521889525203,0.9885861241945271,0.009429691488234557,8.425003801407336e-05,1.3547180842181092,0.0,0.0013195788905905356,0.0001444794405756061,0.9985359416688339,nan,nan
1000,0.9,piggyback,0.9136205584611976,0.9362253090774968,4.128883289507903,1.0314175263193381,9.352595938088228,14.698597325012088,587.1245371384719,0.9390007801889791,0.04135964785544351,0.3136473714531443,1.3531535683171059,0.0,0.006270407720981305,0.0012906830024754143,0.9924389092765433,nan,nan
2000,0.1,recserve,0.5025742440864561,0.875674636877295,0.2537671824778182,0.010720350482129453,7.467364025730193,44.716477425317,32.194392651988295,0.0,0.0,nan,1.0071434196104458,0.0,0.8996574090112978,0.09071443693823739,0.009628154050464808,32.194392651988295,0.0
2000,0.1,recserve_no_onu,0.5320120484246589,0.8791860738509077,0.43265846757895954,0.10816461689473988,3.8869647106982055,11.242938394120886,92.02726281023006,0.0,0.1003425909887022,nan,1.0708304829028437,0.0,0.8996574090112978,0.0,0.1003425909887022,52.421435243861545,-0.7555273407171026
2000,0.1,static_day,0.5025742440864561,0.875674636877295,0.2537671824778182,0.010720350482129453,7.467364025730193,44.716477425317,32.194392651988295,0.0,0.0,0.26006997034529244,1.0071434196104458,0.0,0.8996574090112978,0.09071443693823739,0.009628154050464808,32.194392651988295,0.0
2000,0.1,static_day_self,0.5025742440864561,0.875674636877295,0.2537671824778182,0.010720350482129453,7.467364025730193,44.716477425317,32.194392651988295,0.0,0.0,0.016214370641432555,1.0071434196104458,0.0,0.8996574090112978,0.09071443693823739,0.009628154050464808,32.194392651988295,0.0
2000,0.1,static_hour,0.5025742440864561,0.875674636877295,0.2537671824778182,0.010720350482129453,7.467364025730193,44.716477425317,32.194392651988295,0.0,0.0,0.25734237762837253,1.0071434196104458,0.0,0.8996574090112978,0.09071443693823739,0.009628154050464808,32.194392651988295,0.0
2000,0.1,static_hour_self,0.5025742440864561,0.875674636877295,0.2537671824778182,0.010720350482129453,7.467364025730193,44.716477425317,32.194392651988295,0.0,0.0,0.014960290561068,1.0071434196104458,0.0,0.8996574090112978,0.09071443693823739,0.009628154050464808,32.194392651988295,0.0
2000,0.1,broadcast,0.5025742440864561,0.875674636877295,0.2537671824778182,0.010720350482129453,7.467364025730193,44.716477425317,32.19439265198827,0.0,0.0,0.003430534803773135,1.0071434196104452,0.0,0.8996574090112978,0.09071443693823739,0.009628154050464808,32.194392651988295,8.881784197001252e-16
2000,0.1,oracle,0.5025742440864561,0.875674636877295,0.2537671824778182,0.010720350482129453,7.467364025730193,44.716477425317,32.194392651988295,0.0,0.0,0.002893303993388492,1.0071434196104458,0.0,0.8996574090112978,0.09071443693823739,0.009628154050464808,32.194392651988295,0.0
2000,0.1,piggyback,0.5025742440864561,0.875674636877295,0.2537671824778182,0.010720350482129453,7.467364025730193,44.716477425317,32.194392651988295,0.0,0.0,0.03494924038096388,1.0071434196104458,0.0,0.8996574090112978,0.09071443693823739,0.009628154050464808,32.194392651988295,0.0
2000,0.2,recserve,0.5493533113921127,0.8836798626992098,0.5509921088592491,0.04280641203302731,12.237710444293958,57.35080478593375,64.33680979454988,0.0,0.0,nan,1.0267829983025518,0.0,0.7996516350058702,0.1606135843101026,0.03973478068402718,64.33680979454988,0.0
2000,0.2,recserve_no_onu,0.595473179744789,0.8888958665111749,0.8543187635929711,0.21357969089824277,4.761094700759437,13.965613505634828,157.78290143760898,0.0,0.20034836499412975,nan,1.1421614156810864,0.0,0.7996516350058702,0.0,0.20034836499412975,115.27230835186126,-0.36878408781393435
2000,0.2,static_day,0.5493533113921127,0.8836798626992098,0.5509921088592491,0.04280641203302731,12.237710444293958,57.35080478593375,64.33680979454988,0.0,0.0,0.22810430062172687,1.0267829983025518,0.0,0.7996516350058702,0.1606135843101026,0.03973478068402718,64.33680979454988,0.0
2000,0.2,static_day_self,0.5493533113921127,0.8836798626992098,0.5509921088592491,0.04280641203302731,12.237710444293958,57.35080478593375,64.33680979454988,0.0,0.0,0.03991641262632939,1.0267829983025518,0.0,0.7996516350058702,0.1606135843101026,0.03973478068402718,64.33680979454988,0.0
2000,0.2,static_hour,0.5493533113921127,0.8836798626992098,0.5509921088592491,0.04280641203302731,12.237710444293958,57.35080478593375,64.33680979454988,0.0,0.0,0.23069310275820634,1.0267829983025518,0.0,0.7996516350058702,0.1606135843101026,0.03973478068402718,64.33680979454988,0.0
2000,0.2,static_hour_self,0.5493533113921127,0.8836798626992098,0.5509921088592491,0.04280641203302731,12.237710444293958,57.35080478593375,64.33680979454988,0.0,0.0,0.03538302953199768,1.0267829983025518,0.0,0.7996516350058702,0.1606135843101026,0.03973478068402718,64.33680979454988,0.0
2000,0.2,broadcast,0.5493533113921127,0.8836798626992098,0.5509921088592491,0.04280641203302731,12.23771044429396,57.35080478593375,64.33680979454984,0.0,0.0,0.012884004904134482,1.0267829983025518,0.0,0.7996516350058702,0.1606135843101026,0.03973478068402718,64.33680979454988,6.661338147750939e-16
2000,0.2,oracle,0.5493533113921127,0.8836798626992098,0.5509921088592491,0.04280641203302731,12.237710444293958,57.35080478593375,64.33680979454988,0.0,0.0,0.011756309652896554,1.0267829983025518,0.0,0.7996516350058702,0.1606135843101026,0.03973478068402718,64.33680979454988,0.0
2000,0.2,piggyback,0.5493533113921127,0.8836798626992098,0.5509921088592491,0.04280641203302731,12.237710444293958,57.35080478593375,64.33680979454988,0.0,0.0,0.054729831121323846,1.0267829983025518,0.0,0.7996516350058702,0.1606135843101026,0.03973478068402718,64.33680979454988,0.0
2000,0.3,recserve,0.5924177685393691,0.8913024030653429,0.8949685990338163,0.10052453471139595,16.899380122822453,63.29834969536961,111.42736501692839,0.0,0.0,nan,1.0620721485235975,0.0,0.6998094578208903,0.2104288161364205,0.08976172604268914,111.42736501692839,0.0
2000,0.3,recserve_no_onu,0.6461063956733453,0.8974316598023134,1.2772998248551688,0.3193249562137922,5.613391753482185,14.922997508857474,214.6197775233444,0.0,0.3001905421791096,nan,1.2108968033715415,0.0,0.6998094578208903,0.0,0.3001905421791096,178.89654339585437,-0.19968655318534156
2000,0.3,static_day,0.5924177685393691,0.8913024030653429,0.8949685990338163,0.10052453471139595,16.899380122822453,63.29834969536961,111.42736501692839,0.0,0.0,0.17261215629638188,1.0620721485235975,0.0,0.6998094578208903,0.2104288161364205,0.08976172604268914,111.42736501692839,0.0
2000,0.3,static_day_self,0.5924177685393691,0.8913024030653429,0.8949685990338163,0.10052453471139595,16.899380122822453,63.29834969536961,111.42736501692839,0.0,0.0,0.0760639840308515,1.0620721485235975,0.0,0.6998094578208903,0.2104288161364205,0.08976172604268914,111.42736501692839,0.0
2000,0.3,static_hour,0.5924177685393691,0.8913024030653429,0.8949685990338163,0.10052453471139595,16.899380122822453,63.29834969536961,111.42736501692839,0.0,0.0,0.1753143344993881,1.0620721485235975,0.0,0.6998094578208903,0.2104288161364205,0.08976172604268914,111.42736501692839,0.0
2000,0.3,static_hour_self,0.5924177685393691,0.8913024030653429,0.8949685990338163,0.10052453471139595,16.899380122822453,63.29834969536961,111.42736501692839,0.0,0.0,0.05971475154398478,1.0620721485235975,0.0,0.6998094578208903,0.2104288161364205,0.08976172604268914,111.42736501692839,0.0
2000,0.3,broadcast,0.5924177685393691,0.8913024030653429,0.8949685990338163,0.10052453471139595,16.899380122822496,63.29834969536961,111.427365016928,0.0,0.0,0.0242926165358158,1.06207214852359,0.0,0.6998094578208903,0.2104288161364205,0.08976172604268914,111.42736501692839,3.552713678800501e-15
2000,0.3,oracle,0.5924177685393691,0.8913024030653429,0.8949685990338163,0.10052453471139595,16.899380122822453,63.29834969536961,111.42736501692839,0.0,0.0,0.022420081699351755,1.0620721485235975,0.0,0.6998094578208903,0.2104288161364205,0.08976172604268914,111.42736501692839,0.0
2000,0.3,piggyback,0.5924177685393691,0.8913024030653429,0.8949685990338163,0.10052453471139595,16.899380122822453,63.29834969536961,111.42736501692839,0.0,0.0,0.0875020744872136,1.0620721485235975,0.0,0.6998094578208903,0.2104288161364205,0.08976172604268914,111.42736501692839,0.0
2000,0.4,recserve,0.6372384856708432,0.8993714600547427,1.2705349038628095,0.1744933598937583,22.033046161511336,67.59357533427573,167.8299589774005,0.0,0.0,nan,1.1136485891210668,0.0,0.6002944742768058,0.23993398387127818,0.159771541851916,167.8299589774005,0.0
2000,0.4,recserve_no_onu,0.692207017341263,0.9052338680234129,1.692860249821968,0.423215062455492,6.469576972936084,15.868575815149068,264.8748798656019,0.0,0.3997055257231942,nan,1.2835782586614362,0.0,0.6002944742768058,0.0,0.3997055257231942,236.75561732144527,-0.11876914627110557
2000,0.4,static_day,0.6372384856708432,0.8993714600547427,1.2705349038628095,0.1744933598937583,22.033046161511336,67.59357533427573,167.8299589774005,0.0,0.0,0.14239082127160368,1.1136485891210668,0.0,0.6002944742768058,0.23993398387127818,0.159771541851916,167.8299589774005,0.0
2000,0.4,static_day_self,0.6372384856708432,0.8993714600547427,1.2705349038628095,0.1744933598937583,22.033046161511336,67.59357533427573,167.8299589774005,0.0,0.0,0.12486165935449701,1.1136485891210668,0.0,0.6002944742768058,0.23993398387127818,0.159771541851916,167.8299589774005,0.0
2000,0.4,static_hour,0.6372384856708432,0.8993714600547427,1.2705349038628095,0.1744933598937583,22.033046161511336,67.59357533427573,167.8299589774005,0.0,0.0,0.1183038539889924,1.1136485891210668,0.0,0.6002944742768058,0.23993398387127818,0.159771541851916,167.8299589774005,0.0
2000,0.4,static_hour_self,0.6372384856708432,0.8993714600547427,1.2705349038628095,0.1744933598937583,22.033046161511336,67.59357533427573,167.8299589774005,0.0,0.0,0.08864880952801132,1.1136485891210668,0.0,0.6002944742768058,0.23993398387127818,0.159771541851916,167.8299589774005,0.0
2000,0.4,broadcast,0.6372384856708432,0.8993714600547427,1.2705349038628095,0.1744933598937583,22.033046161511276,67.59357533427573,167.82995897739858,0.0,0.0,0.03602387481655014,1.1136485891210708,0.0,0.6002944742768058,0.23993398387127818,0.159771541851916,167.8299589774005,1.1546319456101628e-14
2000,0.4,oracle,0.6372384856708432,0.8993714600547427,1.2705349038628095,0.1744933598937583,22.033046161511336,67.59357533427573,167.8299589774005,0.0,0.0,0.033592286301853645,1.1136485891210668,0.0,0.6002944742768058,0.23993398387127818,0.159771541851916,167.8299589774005,0.0
2000,0.4,piggyback,0.6372384856708432,0.8993714600547427,1.2705349038628095,0.1744933598937583,22.033046161511336,67.59357533427573,167.8299589774005,0.0,0.0,0.1315437625442505,1.1136485891210668,0.0,0.6002944742768058,0.23993398387127818,0.159771541851916,167.8299589774005,0.0
2000,0.5,recserve,0.6863848952018015,0.9069714803471546,1.6665409376984814,0.2665315164462921,27.182403474367415,71.73157015707393,229.1615342623096,0.0,0.0,nan,1.1790506072346614,0.0,0.500226148545913,0.25012029177974093,0.2496535596743461,229.1615342623096,0.0
2000,0.5,recserve_no_onu,0.7394672517658833,0.9122651903681219,2.1060617626113904,0.5265154406528476,7.329559251722359,16.304214333691625,310.2219507883313,0.0,0.49977385145408704,nan,1.355311260338943,0.0,0.500226148545913,0.0,0.49977385145408704,298.46854262819147,-0.039379051663683384
2000,0.5,static_day,0.6863848952018015,0.9069714803471546,1.6665409376984814,0.2665315164462921,27.182403474367415,71.73157015707393,229.1615342623096,0.0,0.0,0.18831952632223353,1.1790506072346614,0.0,0.500226148545913,0.25012029177974093,0.2496535596743461,229.1615342623096,0.0
2000,0.5,static_day_self,0.6863848952018015,0.9069714803471546,1.6665409376984814,0.2665315164462921,27.182403474367415,71.73157015707393,229.1615342623096,0.0,0.0,0.18831952632223353,1.1790506072346614,0.0,0.500226148545913,0.25012029177974093,0.2496535596743461,229.1615342623096,0.0
2000,0.5,static_hour,0.6863848952018015,0.9069714803471546,1.6665409376984814,0.2665315164462921,27.182403474367415,71.73157015707393,229.1615342623096,0.0,0.0,0.12462819827687978,1.1790506072346614,0.0,0.500226148545913,0.25012029177974093,0.2496535596743461,229.1615342623096,0.0
2000,0.5,static_hour_self,0.6863848952018015,0.9069714803471546,1.6665409376984814,0.2665315164462921,27.182403474367415,71.73157015707393,229.1615342623096,0.0,0.0,0.12462819827687978,1.1790506072346614,0.0,0.500226148545913,0.25012029177974093,0.2496535596743461,229.1615342623096,0.0
2000,0.5,broadcast,0.6895605981869622,0.9072800700787386,1.6927132917604943,0.2820132224724291,26.00871139069581,70.87889151158,230.9949624128006,0.0,0.029534037761995497,0.045359401680101254,1.2180611511141586,0.0,0.500226148545913,0.23532440287160536,0.26444944858248165,233.30376138547444,0.009896106942138716
2000,0.5,oracle,0.6894643647631695,0.9072734987566372,1.6918507130896703,0.28158201012375617,26.03375423006333,70.96488948538969,230.9968427505914,0.0,0.02890852050734261,0.0409179627536549,1.2164779285829577,0.0,0.500226148545913,0.23566603152606963,0.2641078199280174,233.17823935143917,0.00935506077631898
2000,0.5,piggyback,0.6863848952018015,0.9069724964153194,1.6666097638431778,0.2665691725850222,27.180810915601455,71.73157015707393,229.1792531313125,0.0,4.3305040706738266e-05,0.1875318285002453,1.1790644902289094,0.0,0.500226148545913,0.2500769867390342,0.24969686471505284,229.1615342623096,-7.732043276775791e-05
2000,0.6,recserve,0.738302827337991,0.9142910474049005,2.102411311276633,0.3826817368208326,32.34808314426152,73.93771052476743,296.88067162435345,0.0,0.0,nan,1.2586553254440451,0.0,0.40016263448620976,0.24039590430548338,0.3594414612083069,296.88067162435345,0.0
2000,0.6,recserve_no_onu,0.7817329714956599,0.9185665371212588,2.5196546759820624,0.6299136689955156,8.189698792374237,16.673676007947755,350.58056935972155,0.0,0.5998373655137903,nan,1.4290071651132485,0.0,0.40016263448620976,0.0,0.5998373655137903,356.1043231972524,0.015511616899048897
2000,0.6,static_day,0.7718738572280924,0.9175590731624975,2.4233367977365896,0.5730653617414401,13.730926880717709,54.763530313744596,338.7304288463881,0.0,0.46220432280539675,0.8710515844827007,1.3976795792883463,0.0,0.40016263448620976,0.05520911522990165,0.5446282502838886,342.6599112680623,0.011467587227033782
2000,0.6,static_day_self,0.7812373693631272,0.9185214493395769,2.515152125796332,0.6272402226841427,8.4383263743486,16.888968996443534,350.12659180581426,0.0,0.5936206863367784,0.5436038254603316,1.4271307977940482,0.0,0.40016263448620976,0.0025790557576457454,0.5972583097561445,355.4284938030568,0.014916930098970549
2000,0.6,static_hour,0.7447456550609157,0.9149354292098361,2.165046326770214,0.4197993918047616,28.72375040228236,72.88192959976047,302.7513470144075,0.0,0.08973766768674096,0.4442773020493258,1.3061356438686524,0.0,0.40016263448620976,0.2043612987662875,0.39547606674750274,305.6664537488949,0.009536887999107013
2000,0.6,static_hour_self,0.7592865253960005,0.9163537493103683,2.302185220470774,0.5013347768346903,20.728728621790573,65.99944004756527,311.4205005271993,0.0,0.2881757992185846,0.3152830292434346,1.4148818772004474,0.0,0.40016263448620976,0.1249109840829917,0.47492638143079857,325.4951569455823,0.04324075525564919
2000,0.6,broadcast,0.7569191831706988,0.9162043119051204,2.287361520103162,0.48571246415304964,22.777968506140727,67.5909758931767,306.0994032908224,0.011957002906249398,0.23073888022788075,0.045430279685526195,1.421107960439193,0.0,0.39538945666608927,0.1449323479030737,0.45967819543083704,322.26692333447374,0.05016810250449255
2000,0.6,oracle,0.7633716342360028,0.9168660619093629,2.3519509402005503,0.5200712367919627,19.683310621367077,64.67833620939206,315.6710747255151,0.01865484920222492,0.3032844467540466,0.027885925489649098,1.4326943076949563,0.0,0.3926516157591855,0.11438785919125431,0.4929605250495602,331.0658283598735,0.046500581804607366
2000,0.6,piggyback,0.771070308139423,0.9174904372923766,2.417100092384087,0.5692984727755644,14.114689526785021,55.55316036270841,337.5409082640864,0.0,0.45273014223300034,0.4188229285794963,1.3974713161825785,0.0,0.40016263448620976,0.058942972073060415,0.5408943934407299,341.56414904640553,0.011778873144477897
2000,0.7,recserve,0.7887195180630137,0.9210820467470539,2.567723964047193,0.516543107762188,37.746659928886324,77.42112917449782,365.63154922028025,0.0,0.0,nan,1.3529617696161351,0.0,0.3002097888638682,0.21041919279404123,0.48937101834209057,365.63154922028025,0.0
2000,0.7,recserve_no_onu,0.8244894816867795,0.9242912237009396,2.9299238408684105,0.7324809602171026,9.052718139845961,16.92837573864671,386.7069935604358,0.0,0.6997902111361318,nan,1.5045163699742414,0.0,0.3002097888638682,0.0,0.6997902111361318,421.646286026688,0.0828639872427116
2000,0.7,static_day,0.8242729564832457,0.924278825007934,2.9284776064822835,0.7316096916681102,9.171822429222042,17.18130308669082,386.51563253502883,0.0,0.6968695267240218,1.434050631027851,1.5045217999523832,0.0,0.3002097888638682,0.0008420424581865773,0.6989481686779452,421.30721376999054,0.0825800748191221
2000,0.7,static_day_self,0.8244076832765556,0.9242881357563949,2.9294381026618166,0.7321689570221528,9.090206225054098,16.998898959343197,386.6449668476269,0.0,0.6988952402948592,0.7080036088043596,1.5044599703499717,0.0,0.3002097888638682,0.0002935119425678927,0.6994966991935639,421.5181920630467,0.08273243212763581
2000,0.7,static_hour,0.8242729564832457,0.924278937286349,2.928463171468714,0.7316030611852109,9.17482609234117,17.188056497254934,386.5143368558435,0.0,0.6968021633273669,1.2492877393526587,1.5045409883038512,0.0,0.3002097888638682,0.0008468541293762149,0.6989433570067556,421.30721376999054,0.08258315019771278
2000,0.7,static_hour_self,0.8273187443462864,0.9246728774489987,2.969457715033585,0.7419642059780203,9.133144384543945,16.99968156432335,387.54058005154974,0.0335806532324807,0.6739130434782609,0.42408024121513227,1.5201192655827023,0.0,0.2902111361318013,0.0006591989529803491,0.7091296649152183,426.0768301808672,0.09044436918327392
2000,0.7,broadcast,0.8343004792424505,0.9255918661287273,3.061086138537637,0.7642632320957715,9.247398120044936,16.97676872058749,387.74868765903557,0.10885443732317109,0.617977365898724,0.041229388181036546,1.5639798418376325,0.0,0.2675625998421772,0.0016600265604249668,0.7307773735973978,437.27439249030857,0.11326001632343619
2000,0.7,oracle,0.8342379275169852,0.9256066509215125,3.0625980041187906,0.7643166464576476,9.32029407147036,17.134485982358665,387.74078637284435,0.11124583790442097,0.6145081509709952,0.01455989933490235,1.5646510860911347,0.0,0.2668697191908694,0.0022229920896125644,0.730907288719518,437.1698795901574,0.11306609975886794
2000,0.7,piggyback,0.821414823796601,0.9239902152744109,2.897295013183979,0.712762967453856,11.71137864338345,41.176378398351595,384.3889885631135,0.0008997825124622284,0.6342071328213715,0.5514391950221131,1.4954530505251222,0.0,0.2999547702908174,0.01944877494851512,0.6805964547606674,416.8314599815851,0.07783114887706621
2000,0.8,recserve,0.8317791635390804,0.9273385100236596,3.0563912658544563,0.6662965529187598,43.352388652485025,80.85314914500958,433.0617186688333,0.0,0.0,nan,1.4636157108936765,0.0,0.20038685836364686,0.16024789729969013,0.639365244336663,433.0617186688333,0.0
2000,0.8,recserve_no_onu,0.8546682833881863,0.929290014337965,3.3396929191446776,0.8349232297861694,9.919420215084966,17.29353591058804,419.69494700608993,0.0,0.7996131416363531,nan,1.5796596766468283,0.0,0.20038685836364686,0.0,0.7996131416363531,471.3054006702792,0.10950533049438882
2000,0.8,static_day,0.9068941624805127,0.9352857249740467,4.029851242373501,1.0073643638008354,8.91411119355208,14.609676208417847,455.28630063660074,0.8436495563639164,0.12433839521142483,3.5274107552895404,1.7147609513684725,0.0,0.03137690782762669,0.0001587851492580403,0.9684643070231153,nan,nan
2000,0.8,static_day_self,0.9162480512731682,0.9363647740505162,4.154796408568624,1.0386345872548455,8.720140651097408,13.812141832406633,462.2796455892556,0.9956935542852744,0.0032045730122986314,1.4680060378427748,1.7341983141785131,0.0,0.0008901591700829532,0.00011548010855130203,0.9989943607213657,nan,nan
2000,0.8,static_hour,0.8613035779586966,0.9300776376152331,3.431513328329195,0.8577720903824316,9.812991036487979,17.09517788671542,422.57447497453154,0.11205419866428008,0.709346190118752,2.1090053234531845,1.6069145838738397,0.0,0.17789710722328078,0.00016840849163731548,0.8219344842850819,482.391807540154,0.12400155149948999
2000,0.8,static_hour_self,0.9104740458456031,0.9357177260196967,4.079532440287161,1.0197867707912311,8.841131584266835,14.268182825949042,456.01331734210896,0.904315106722867,0.07585599630463653,0.6797180658194756,1.7306530570295378,0.0,0.019198568046653965,0.00015397347806840272,0.9806474584752777,nan,nan
2000,0.8,broadcast,0.8772687029659141,0.9319371528710978,3.6436937467521218,0.9108171997998346,9.502101867996155,16.4419400212982,424.9383271032798,0.3708932386396443,0.5022807321438882,0.04700457359608442,1.68536223418984,0.0,0.12610909020921146,0.00016840849163731548,0.8737225012991512,nan,nan
2000,0.8,oracle,0.8775044748542064,0.9319746920630755,3.6486367958119215,0.9120529620647843,9.495404912059904,16.425835550350737,424.89266395274586,0.3766287506976923,0.4977337028696807,0.008610445934731642,1.687586463064749,0.0,0.12492060742537098,0.00016840849163731548,0.8749109840829917,nan,nan
2000,0.8,piggyback,0.9001530111438305,0.934545249170136,3.943309708027792,0.9831184344746617,9.916627883824091,16.332958796364252,452.07610037872263,0.7461458513771003,0.18142887387647477,0.9166565663783727,1.6967212540051457,0.0,0.05076313105067652,0.004407490809708028,0.9448293781396154,nan,nan
2000,0.9,recserve,0.8720287930403988,0.9328848484555408,3.5956620185922974,0.8418867140135112,49.21625889931808,84.2377179114283,500.3117501891394,0.0,0.0,nan,1.5961947544578543,0.0,0.1008285697788556,0.09064226187039283,0.8085291683507516,500.3117501891394,0.0
2000,0.9,recserve_no_onu,0.8861847296803126,0.9335996400673796,3.7452015705294763,0.9363003926323691,10.79437264083161,17.607942708257156,450.097497733188,0.0,0.8991714302211444,nan,1.6550609560754097,0.0,0.1008285697788556,0.0,0.8991714302211444,nan,nan
2000,0.9,static_day,0.916450141463133,0.9363870425649767,4.157066670516004,1.039213363935562,8.724321074048689,13.81235694810748,462.5396516142581,0.9969205304386319,0.0024924456762322688,3.811776435146155,1.734182407278301,0.0,0.0003560636680331813,8.179841022383894e-05,0.999562137921743,nan,nan
2000,0.9,static_day_self,0.9164934465038397,0.9363927594464275,4.157820062744192,1.0394367169005139,8.708066664035876,13.801843199180437,462.5974200486395,0.9986864137652289,0.0009815809226860672,1.4683952426550977,1.7341475252930219,0.0,0.00018284350520622822,2.887002713782551e-05,0.9997882864676559,nan,nan
2000,0.9,static_hour,0.9163683430529092,0.9363834336455603,4.156423504051427,1.039051225051485,8.730975621251403,13.816983089107088,462.5260570695713,0.9953856073291375,0.0035702600227110882,3.342771315500009,1.7340617847440412,0.0,0.000510037146101584,8.179841022383894e-05,0.9994081644436745,nan,nan
2000,0.9,static_hour_self,0.9163394730257713,0.9363789462382043,4.155823892834459,1.0389314529322322,8.721949932842294,13.819353124848567,462.3610814879451,0.994490636487865,0.004571087630155706,0.6738596907694918,1.7344519977343635,0.0,0.0006688222953596243,3.849336951710068e-05,0.9992926843351233,nan,nan
2000,0.9,broadcast,0.9163154146698231,0.9363743040527082,4.1553152799430295,1.0387983284254287,8.72662809269137,13.824563869764097,462.4247790366161,0.9927873048867333,0.006067517370132994,0.045291720190036494,1.734078592519672,0.0,0.0008276074446176646,4.3305040706738266e-05,0.9991290875146756,nan,nan
2000,0.9,oracle,0.9163346613545816,0.9363761587875267,4.155542679523452,1.0388551783205344,8.724913864222874,13.820971724810077,462.43224787767844,0.9935331139211271,0.005384260061204457,6.165922716321893e-05,1.734105336562972,0.0,0.000765055719152376,4.3305040706738266e-05,0.9991916392401409,nan,nan
2000,0.9,piggyback,0.9146505764382086,0.9362328895421023,4.1341576880882265,1.0325878466809093,9.389887874490626,14.64180755438283,462.5814554908695,0.947610524087226,0.033551783205342876,0.9716197472075699,1.7298322156636023,0.0,0.005374636718825182,0.0015108647535462016,0.9931144985276286,nan,nan
5000,0.1,recserve,0.5034381699695136,0.8758377187569911,0.255080275517562,0.010970806969519468,7.486016205186916,44.716477425317,32.33952806564834,0.0,0.0,nan,1.0148221971821865,0.0,0.8995729593779783,0.0906857201405039,0.009741320481517782,32.33952806564834,0.0
5000,0.1,recserve_no_onu,0.5328573831244526,0.8793652175278632,0.4341441653569337,0.10853604133923342,3.892691812611382,11.253499810407114,85.28701874288842,0.0,0.1004270406220217,nan,1.1808998472075576,0.0,0.8995729593779783,0.0,0.1004270406220217,51.606678026521735,-0.652635317837309
5000,0.1,static_day,0.5034381699695136,0.8758377187569911,0.255080275517562,0.010970806969519468,7.486016205186916,44.716477425317,32.33952806564834,0.0,0.0,0.4972404081733656,1.0148221971821865,0.0,0.8995729593779783,0.0906857201405039,0.009741320481517782,32.33952806564834,0.0
5000,0.1,static_day_self,0.5034381699695136,0.8758377187569911,0.255080275517562,0.010970806969519468,7.486016205186916,44.716477425317,32.33952806564834,0.0,0.0,0.028848558244737657,1.0148221971821865,0.0,0.8995729593779783,0.0906857201405039,0.009741320481517782,32.33952806564834,0.0
5000,0.1,static_hour,0.5034381699695136,0.8758377187569911,0.255080275517562,0.010970806969519468,7.486016205186916,44.716477425317,32.33952806564834,0.0,0.0,0.5041778401080337,1.0148221971821865,0.0,0.8995729593779783,0.0906857201405039,0.009741320481517782,32.33952806564834,0.0
5000,0.1,static_hour_self,0.5034381699695136,0.8758377187569911,0.255080275517562,0.010970806969519468,7.486016205186916,44.716477425317,32.33952806564834,0.0,0.0,0.027703793971279683,1.0148221971821865,0.0,0.8995729593779783,0.0906857201405039,0.009741320481517782,32.33952806564834,0.0
5000,0.1,broadcast,0.5034381699695136,0.8758377187569911,0.255080275517562,0.010970806969519468,7.486016205186916,44.716477425317,32.33952806564824,0.0,0.0,0.00812460629851228,1.0148221971821867,0.0,0.8995729593779783,0.0906857201405039,0.009741320481517782,32.33952806564834,3.1086244689504383e-15
5000,0.1,oracle,0.5034381699695136,0.8758377187569911,0.255080275517562,0.010970806969519468,7.486016205186916,44.716477425317,32.33952806564834,0.0,0.0,0.0072907009909175665,1.0148221971821865,0.0,0.8995729593779783,0.0906857201405039,0.009741320481517782,32.33952806564834,0.0
5000,0.1,piggyback,0.5034381699695136,0.8758377187569911,0.255080275517562,0.010970806969519468,7.486016205186916,44.716477425317,32.33952806564834,0.0,0.0,0.046126194670956196,1.0148221971821865,0.0,0.8995729593779783,0.0906857201405039,0.009741320481517782,32.33952806564834,0.0
5000,0.2,recserve,0.5509094670014943,0.8838596201816121,0.5523430630547033,0.043190695192748235,12.24733656858024,57.34859620484893,63.42929902367222,0.0,0.0,nan,1.069042216589366,0.0,0.7997703375921404,0.16033645156114376,0.03989321084671581,63.42929902367222,0.0
5000,0.2,recserve_no_onu,0.5965287725626883,0.8890698313015714,0.8545844830952616,0.2136461207738154,4.767338348123768,13.965613505169166,135.39928575083624,0.0,0.20022966240785955,nan,1.360355928741781,0.0,0.7997703375921404,0.0,0.20022966240785955,109.65575587354517,-0.23476679060038097
5000,0.2,static_day,0.5509094670014943,0.8838596201816121,0.5523430630547033,0.043190695192748235,12.24733656858024,57.34859620484893,63.42929902367222,0.0,0.0,0.44234312171404355,1.069042216589366,0.0,0.7997703375921404,0.16033645156114376,0.03989321084671581,63.42929902367222,0.0
5000,0.2,static_day_self,0.5509094670014943,0.8838596201816121,0.5523430630547033,0.043190695192748235,12.24733656858024,57.34859620484893,63.42929902367222,0.0,0.0,0.07729563582322878,1.069042216589366,0.0,0.7997703375921404,0.16033645156114376,0.03989321084671581,63.42929902367222,0.0
5000,0.2,static_hour,0.5509094670014943,0.8838596201816121,0.5523430630547033,0.043190695192748235,12.24733656858024,57.34859620484893,63.42929902367222,0.0,0.0,0.45331716309527753,1.069042216589366,0.0,0.7997703375921404,0.16033645156114376,0.03989321084671581,63.42929902367222,0.0
5000,0.2,static_hour_self,0.5509094670014943,0.8838596201816121,0.5523430630547033,0.043190695192748235,12.24733656858024,57.34859620484893,63.42929902367222,0.0,0.0,0.05924661532484032,1.069042216589366,0.0,0.7997703375921404,0.16033645156114376,0.03989321084671581,63.42929902367222,0.0
5000,0.2,broadcast,0.5509094670014943,0.8838596201816121,0.5523430630547033,0.043190695192748235,12.247336568580247,57.34859620484893,63.42929902367171,0.0,0.0,0.024755282717787576,1.0690422165893756,0.0,0.7997703375921404,0.16033645156114376,0.03989321084671581,63.42929902367222,8.104628079763643e-15
5000,0.2,oracle,0.5509094670014943,0.8838596201816121,0.5523430630547033,0.043190695192748235,12.24733656858024,57.34859620484893,63.42929902367222,0.0,0.0,0.022783030701337754,1.069042216589366,0.0,0.7997703375921404,0.16033645156114376,0.03989321084671581,63.42929902367222,0.0
5000,0.2,piggyback,0.5509094670014943,0.8838596201816121,0.5523430630547033,0.043190695192748235,12.24733656858024,57.34859620484893,63.42929902367222,0.0,0.0,0.09478727974895414,1.069042216589366,0.0,0.7997703375921404,0.16033645156114376,0.03989321084671581,63.42929902367222,0.0
5000,0.3,recserve,0.5930451727397681,0.8915129980176771,0.89646917632776,0.10092463670616163,16.922113639529172,63.29834969536961,106.00250697633088,0.0,0.0,nan,1.162187572516864,0.0,0.6997048026121199,0.21032475579037313,0.08997044159750696,106.00250697633088,0.0
5000,0.3,recserve_no_onu,0.6465344754591799,0.8976172426443101,1.2767163611267376,0.3191790902816844,5.6242608391664195,14.996117582421768,172.6778432328477,0.0,0.3002951973878801,nan,1.541179449827862,0.0,0.6997048026121199,0.0,0.3002951973878801,161.27362766750844,-0.07071345594613199
5000,0.3,static_day,0.5930451727397681,0.8915129980176771,0.89646917632776,0.10092463670616163,16.922113639529172,63.29834969536961,106.00250697633088,0.0,0.0,0.3313486452451009,1.162187572516864,0.0,0.6997048026121199,0.21032475579037313,0.08997044159750696,106.00250697633088,0.0
5000,0.3,static_day_self,0.5930451727397681,0.8915129980176771,0.89646917632776,0.10092463670616163,16.922113639529172,63.29834969536961,106.00250697633088,0.0,0.0,0.1673501715128187,1.162187572516864,0.0,0.6997048026121199,0.21032475579037313,0.08997044159750696,106.00250697633088,0.0
5000,0.3,static_hour,0.5930451727397681,0.8915130249603497,0.8964793719467756,0.10093065277866384,16.92184517266945,63.29834969536961,106.0066959829003,0.0,5.799555754029241e-06,0.3566664372926158,1.1621852044021084,0.0,0.6997048026121199,0.2103189562346191,0.089976241153261,106.00250697633088,-3.951799527124322e-05
5000,0.3,static_hour_self,0.5930451727397681,0.8915129980176771,0.89646917632776,0.10092463670616163,16.922113639529172,63.29834969536961,106.00250697633088,0.0,0.0,0.11057213231111246,1.162187572516864,0.0,0.6997048026121199,0.21032475579037313,0.08997044159750696,106.00250697633088,0.0
5000,0.3,broadcast,0.5930451727397681,0.8915129980176771,0.89646917632776,0.10092463670616163,16.92211363952917,63.29834969536961,106.0025069763317,0.0,0.0,0.04418132011526436,1.1621875725168687,0.0,0.6997048026121199,0.21032475579037313,0.08997044159750696,106.00250697633088,-7.771561172376096e-15
5000,0.3,oracle,0.5930451727397681,0.8915129980176771,0.89646917632776,0.10092463670616163,16.922113639529172,63.29834969536961,106.00250697633088,0.0,0.0,0.04134839648467317,1.162187572516864,0.0,0.6997048026121199,0.21032475579037313,0.08997044159750696,106.00250697633088,0.0
5000,0.3,piggyback,0.5930451727397681,0.8915129980176771,0.89646917632776,0.10092463670616163,16.922113639529172,63.29834969536961,106.00250697633088,0.0,0.0,0.18012417410609524,1.162187572516864,0.0,0.6997048026121199,0.21032475579037313,0.08997044159750696,106.00250697633088,0.0
5000,0.4,recserve,0.6376824201932798,0.8995042455833157,1.2710332604522494,0.17456743433452998,22.059013295791605,67.59357533427573,152.81355971588584,0.0,0.0,nan,1.2852003287392126,0.0,0.6000665015726462,0.24009774184630792,0.1598357565810459,152.81355971588584,0.0
5000,0.4,recserve_no_onu,0.6922871708027165,0.9053888954576005,1.692679429555696,0.423169857388924,6.4878489524196485,15.924926903502891,201.64601930505853,0.0,0.3999334984273538,nan,1.7299448066884822,0.0,0.6000665015726462,0.0,0.3999334984273538,204.42082664180091,0.013573995283780782
5000,0.4,static_day,0.6376824201932798,0.8995042455833157,1.2710332604522494,0.17456743433452998,22.059013295791605,67.59357533427573,152.81355971588584,0.0,0.0,0.2912120837338732,1.2852003287392126,0.0,0.6000665015726462,0.24009774184630792,0.1598357565810459,152.81355971588584,0.0
5000,0.4,static_day_self,0.6376824201932798,0.8995042455833157,1.2710332604522494,0.17456743433452998,22.059013295791605,67.59357533427573,152.81355971588584,0.0,0.0,0.305694560814926,1.2852003287392126,0.0,0.6000665015726462,0.24009774184630792,0.1598357565810459,152.81355971588584,0.0
5000,0.4,static_hour,0.6428304925176065,0.9000656162014378,1.3109589565439288,0.19815301161264381,20.57666536137912,67.08184746527793,153.46427504069823,0.0,0.038103081303972115,0.7893175910200739,1.4106890993678494,0.0,0.6000665015726462,0.2172339598786733,0.1826995385486805,157.7336647508653,0.027067079921780923
5000,0.4,static_hour_self,0.6376824201932798,0.8995042455833157,1.2710332604522494,0.17456743433452998,22.059013295791605,67.59357533427573,152.81355971588584,0.0,0.0,0.17972463045124962,1.2852003287392126,0.0,0.6000665015726462,0.24009774184630792,0.1598357565810459,152.81355971588584,0.0
5000,0.4,broadcast,0.6784107670685758,0.9048157108420458,1.6810546608129817,0.30641618772002066,19.187121815926265,65.848963657791,154.4303103631313,0.13143726523881605,0.029481075082981978,0.058368918678155086,2.101689965983206,0.0,0.5211751446505865,0.19085371393884562,0.28797114141056795,191.73837116047702,0.19457795834783864
5000,0.4,oracle,0.6780685932790882,0.9047579261047252,1.6769333031756435,0.3050447725704211,19.2217560674975,65.85353401762082,154.24251305340422,0.13010143423013798,0.02904997477193247,0.02711141223870786,2.097634188016373,0.0,0.5219638842331344,0.1914414022552539,0.2865947135116117,191.411349534044,0.1941830334048662
5000,0.4,piggyback,0.6377036852310446,0.8995067855793402,1.271178117889503,0.1746545436619555,22.053652648499565,67.59357533427573,152.8334426790139,0.0,0.0001372561528453587,0.3040734288269384,1.2854111821116205,0.0,0.6000665015726462,0.24001461488050016,0.15991888354685366,152.83388309379978,2.8816567175793395e-06
5000,0.5,recserve,0.685961788660322,0.9070583553280995,1.6643456805875336,0.266127070199756,27.175470866992,71.70174996204663,198.95501789972965,0.0,0.0,nan,1.4423057428308685,0.0,0.500138222745471,0.2501039087072597,0.24975786854726928,198.95501789972965,0.0
5000,0.5,recserve_no_onu,0.7390199910686841,0.9123776801705019,2.1034563960400634,0.5258640990100159,7.353402894392405,16.345667171166266,225.11856810851108,0.0,0.49986177725452896,nan,1.917846589581054,0.0,0.500138222745471,0.0,0.49986177725452896,244.75545398315927,0.08023063656019425
5000,0.5,static_day,0.7331276424225904,0.911794461336935,2.055171954894922,0.497329938660032,9.531128934296344,33.972070110230526,220.8071885300089,0.0,0.44499218026565834,4.239919963800961,1.895874448311727,0.0,0.500138222745471,0.027422232790301596,0.47243954446422737,239.71137538415968,0.07886228521218519
5000,0.5,static_day_self,0.7390141915129301,0.9123771812525743,2.103401698496562,0.5258283292833102,7.357056672320443,16.34969894699286,225.10688376891537,0.0,0.49977478391821856,2.184321956254298,1.917904423341528,0.0,0.500138222745471,3.479733452417545e-05,0.4998269799200048,244.75075328173804,0.08026071114972289
5000,0.5,static_hour,0.7089976241153261,0.9093726457106014,1.8539298911036748,0.3783093115734001,18.62280414505309,64.20069573246312,196.73291627518012,0.0,0.21608758102462686,3.0282170293499067,1.8493675693750944,0.0,0.500138222745471,0.1419808575996412,0.3578809196548878,218.8604509591799,0.10110339527778289
5000,0.5,static_hour_self,0.7233476582360457,0.9112702979206554,2.01600761288352,0.42330577577757544,18.146865968223413,63.33418114592217,195.43348487805454,0.07214260720962108,0.19497913126521174,1.6347868374698449,2.068784882107264,0.0,0.46397992580435005,0.13447623245392737,0.4015438417417226,231.26041987494858,0.1549203059315859
5000,0.5,broadcast,0.7762686044915627,0.9181799825059548,2.6036994592880847,0.591584309108589,15.714849409666622,59.83857447459141,199.08933522541614,0.32799387566912375,0.13797916412936104,0.0734598947667373,2.69218342464023,0.0,0.3360107949064435,0.09901001583278721,0.5649791892607693,274.9464923114212,0.27589788997956954
5000,0.5,oracle,0.7739855127097265,0.9178908218316891,2.579206129743795,0.5825641343873059,16.08226756050656,60.589000066030465,198.16733914004328,0.3202688674047568,0.1322840003789043,0.017300147356580243,2.680604396225622,0.0,0.339879098594381,0.10382751347913416,0.5562933879264849,273.0959828519196,0.2743674327589972
5000,0.5,piggyback,0.7077313877756963,0.9092444449295669,1.845345466003971,0.3729683131605452,19.033565479668365,64.61860905485969,209.5099526077113,0.00040790208803338996,0.2051863493923032,1.2947417768145009,1.6895754799232727,0.0,0.49992363918257193,0.14733191437535884,0.3527444464420692,217.766286923099,0.03791373968874845
5000,0.6,recserve,0.7381326590383177,0.9143793815870926,2.100476151260147,0.3824970451263433,32.35995905713544,73.89275563496986,244.03624666570695,0.0,0.0,nan,1.649968626053716,0.0,0.40009781917371795,0.23993728747044643,0.3599648933558356,244.03624666570695,0.0
5000,0.6,recserve_no_onu,0.7816254608230343,0.9186763697973245,2.5175440118620247,0.6293860029655062,8.223683992877861,16.732291334854583,244.00827370708228,0.0,0.599902180826282,nan,2.111496046655581,0.0,0.40009781917371795,0.0,0.599902180826282,279.2883735241892,0.12632140526269098
5000,0.6,static_day,0.7815094697079537,0.9186642102403022,2.5163507378001517,0.6286870521051422,8.289409106496679,16.787445308676062,243.92557170007464,0.0,0.598251240621635,7.549919670841378,2.111245124366684,0.0,0.40009781917371795,0.0006650157264620197,0.5992371650998201,279.194359495764,0.12632342522745144
5000,0.6,static_day_self,0.7816177280820289,0.9186759301955107,2.5174778621290947,0.6293433723643435,8.227397731522865,16.734891094827486,243.9952098237524,0.0,0.5998093879342176,3.242512391548002,2.1115582132057304,0.0,0.40009781917371795,4.253007552954777e-05,0.5998596507507525,279.28210592229414,0.12634857497228902
5000,0.6,static_hour,0.7791683823685772,0.9184317664873631,2.4939477034725805,0.6153858483106861,9.597589916858595,19.154346711130508,241.84842305430507,0.0,0.5659825124062163,5.200586148074925,2.112106215600915,0.0,0.40009781917371795,0.0136057577989526,0.5862964230273294,277.2968430220498,0.12783564205570852
5000,0.6,static_hour_self,0.8381614634985627,0.9262646576753604,3.2148573135297838,0.7925842143825116,10.382535354954872,21.16654716636576,235.19656080799265,0.44459781047438435,0.2866121121788738,1.1117558952682811,2.772400304925205,0.0,0.22224284286490323,0.018635905822947295,0.7591212513121495,326.896374920435,0.2805164607125473
5000,0.6,broadcast,0.838681490331174,0.9264428061557866,3.231333364264297,0.7893072044014762,11.646028694892745,45.36948924396796,233.20534221965556,0.4680338152764165,0.24140650826146717,0.08299374509788901,2.8182615518543233,0.0,0.21289395898940808,0.03113974802863434,0.7559662929819576,327.3110027961243,0.2875114486606041
5000,0.6,oracle,0.8393813033921601,0.9265340190953324,3.238304758922133,0.7906657078067821,11.722021634766579,45.683792309068565,233.1679341671471,0.4730001681871169,0.23671273447120617,0.011629844389063027,2.8252214412369265,0.0,0.21088151314275994,0.03177383279107487,0.7573446540661652,327.86897785560194,0.28883807278089757
5000,0.6,piggyback,0.7764464575346862,0.9182978452856901,2.478411466881637,0.5891352089096642,13.391890603324587,53.4665808996627,242.05492469878607,0.03070671453233349,0.4536934470819535,2.451929864222007,2.0934083480586656,0.0,0.38782015964243804,0.051163680862045965,0.561016159495516,275.0906471550064,0.12009031494845979
5000,0.7,recserve,0.7880938986740282,0.9211893984687667,2.564489312385338,0.5155469503036068,37.76192607194137,77.44167922792482,284.5312225093648,0.0,0.0,nan,1.897483557240965,0.0,0.30048271635726037,0.2102570943065761,0.4892601893361635,284.5312225093648,0.0
5000,0.7,recserve_no_onu,0.8244532468812888,0.9244007812858697,2.926974955585069,0.7317437388962672,9.097190850998118,17.013555348465363,259.2726750453811,0.0,0.6995172836427397,nan,2.3106432697549018,0.0,0.30048271635726037,0.0,0.6995172836427397,315.61584445638147,0.1785181903907459
5000,0.7,static_day,0.8244358482140268,0.9243995378755954,2.9268054423031193,0.7316425211828774,9.110806995798102,17.03233578633349,259.2562925814344,0.0,0.6991828425942572,11.455584709677355,2.3107587664606473,0.0,0.30048271635726037,9.859244781849711e-05,0.6994186911949212,315.60096984996284,0.17853138187539397
5000,0.7,static_day_self,0.9164515998074547,0.9364549021373019,4.15550013628956,1.038855755382471,8.79945178618794,13.96572911227122,277.33090831924716,0.9975158569520242,0.0016702720571604216,5.6622323242183725,2.9276395963081483,0.0,0.0007404099512643999,3.093096402148929e-05,0.9992286590847141,nan,nan
5000,0.7,static_hour,0.8260036614528661,0.9246125989704094,2.948299949157228,0.7364758264850245,9.226144468506694,17.181116501546676,258.9397345566686,0.01870743367724699,0.683189601009896,8.284913156191967,2.329922738482561,0.0,0.294857147275852,0.0009897908486876572,0.7041530618754603,316.9413371616935,0.18300422129990046
5000,0.7,static_hour_self,0.8830654905167598,0.9321394607834955,3.715282154186989,0.928691666618337,8.949235817035724,15.428170930128545,257.8216836982286,0.6402535565775661,0.2508965146603104,1.2955375570476002,2.8711696682874774,0.0,0.10810758562560774,0.00021071719239639577,0.8916816971819959,nan,nan
5000,0.7,broadcast,0.8834501943817771,0.9321762717440463,3.7190199253403855,0.9294701661186087,8.980488322855331,15.447618177360692,256.7069386785259,0.6438067510695348,0.24754050506397876,0.08959386723951278,2.886926419340002,0.0,0.10709266336865263,0.0004774967570817409,0.8924298398742656,nan,nan
5000,0.7,oracle,0.8831312188153054,0.9321416795336661,3.7156761721385476,0.9284195069990971,9.033996411392781,15.526735305795297,256.3508395110822,0.6416338508470251,0.2478382155926856,0.006351855452819243,2.88942895116628,0.0,0.10772288176059047,0.0008370692138315539,0.8914400490255779,nan,nan
5000,0.7,piggyback,0.8436555759828797,0.9269760141875923,3.189847757795086,0.7920857425654528,10.251514222597377,18.453479596399497,261.0162921734226,0.2249531685872862,0.5125106083540667,3.538138281814034,2.486105888360177,0.0,0.23277870248472302,0.008971912751483237,0.7582493847637938,331.27694154760553,0.21209037081165605
5000,0.8,recserve,0.8305408472377682,0.9274405267487311,3.054431212435794,0.6654541148814668,43.413396624080455,80.91201643677151,320.82030396888445,0.0,0.0,nan,2.186190223637442,0.0,0.2004423127855073,0.160320986079133,0.6392367011353597,320.82030396888445,0.0
5000,0.8,recserve_no_onu,0.8544214846476094,0.9293944015472425,3.338903783436855,0.8347259458592138,9.983191437672584,17.39123050023384,272.21675036352576,0.0,0.7995576872144927,nan,2.5133835038124523,0.0,0.2004423127855073,0.0,0.7995576872144927,339.8608175316707,0.19903461558007163
5000,0.8,static_day,0.9164709316599682,0.9364605402897668,4.155702355199591,1.038902911570307,8.805073732667486,13.974166595377028,277.29038866919103,0.9965511975116039,0.0026581297205967355,25.15631101545264,2.92843076280978,0.0,0.0006630825412106766,3.673051977551853e-05,0.9993001869390138,nan,nan
5000,0.8,static_day_self,0.916621720109573,0.936479551723542,4.157919869471332,1.039459668922694,8.799215589509314,13.959158641751856,277.43002349062,0.999464507685378,0.00033444104848235294,5.66403834078472,2.9280339320724065,0.0,0.00011985748558327098,3.2864149272832365e-05,0.9998472783651439,nan,nan
5000,0.8,static_hour,0.900636211266217,0.9346647499991828,3.947813084184418,0.9869281396378371,9.11091308341051,15.178276838269085,273.09527649686544,0.743155074321307,0.20521341398582202,17.63855129072012,2.8607992778005316,0.0,0.051471057317009516,4.059689027820469e-05,0.9484883457927122,nan,nan
5000,0.8,static_hour_self,0.9111140753284965,0.9358769464099151,4.0871446660519135,1.0216813279436128,8.93440003283632,14.392820107750595,271.3291963181433,0.9132676436984927,0.06860101182916055,1.321598222955646,2.957037061283812,0.0,0.017363869927563547,0.0001701203021181911,0.9824660097703183,nan,nan
5000,0.8,broadcast,0.9068688005165471,0.9353867196212117,4.030725450963789,1.0076524693541808,8.992589753829192,14.730770410830011,269.26378981714157,0.8447516920203912,0.12391330824058877,0.09193086184403647,2.94906107300739,0.0,0.031135881658131654,4.639644603223393e-05,0.9688177218958361,nan,nan
5000,0.8,oracle,0.9071471791927405,0.9354161050398292,4.034764211328079,1.0086633338552933,8.987088452180778,14.70737536996603,269.34820628711236,0.8493797375121066,0.12022092441052348,0.002137391783105577,2.9503707150936123,0.0,0.030213752293241004,4.446326078089085e-05,0.9697417844459781,nan,nan
5000,0.8,piggyback,0.9065478917648242,0.9353507592476664,4.026675234543701,1.0046001051652778,9.671016339580028,15.481678907293826,275.7743971365817,0.8463601021495086,0.10618213311527004,3.6376199029320557,2.883485541697199,0.0,0.030871035278697653,0.0033734082635936756,0.9657555564577087,nan,nan
5000,0.9,recserve,0.8716654970895896,0.9329911732903148,3.594990564122788,0.8415763753163175,49.32182416119825,84.37334370560167,353.60981623482405,0.0,0.0,nan,2.5361346353554945,0.0,0.10066868877843957,0.09052526576464243,0.808806045456918,353.60981623482405,0.0
5000,0.9,recserve_no_onu,0.8862127161059463,0.9337089042490213,3.7453606763055283,0.9363401690763821,10.876042621641291,17.687331004241525,283.3251246751469,0.0,0.8993313112215604,nan,2.717610667687709,0.0,0.10066868877843957,0.0,0.8993313112215604,nan,nan
5000,0.9,static_day,0.9166468515178404,0.9364829558946106,4.158258269683209,1.0395506272219548,8.800188459451306,13.958547878544778,277.45964356180883,0.9996481602842555,0.000216516748150425,25.14965422212445,2.927973524022788,0.0,3.866370502686161e-05,2.1265037764773886e-05,0.9999400712572084,nan,nan
5000,0.9,static_day_self,0.9166487847030917,0.9364828508916986,4.158297026181128,1.0395639700665595,8.798420059551225,13.95733432751149,277.4657098191614,0.9997602850288334,0.00014305570859938797,5.663764152414502,2.9278895964111755,0.0,3.479733452417545e-05,1.5465482010744644e-05,0.999949737183465,nan,nan
5000,0.9,static_hour,0.916633319221081,0.9364817839471008,4.158110524067189,1.0395072040148392,8.804532107869264,13.962384599726647,277.45623620198865,0.9992885878275057,0.0004639644603223393,18.466748452270323,2.9280232444578984,0.0,6.95946690483509e-05,3.093096402148929e-05,0.9998994743669302,nan,nan
5000,0.9,static_hour_self,0.9166352524063324,0.9364818279043895,4.1580898196531475,1.0395028814126173,8.803936870054923,13.962584851775318,277.43982206648747,0.9991339330073983,0.0006746816527187351,1.320932444302518,2.928188587021173,0.0,8.119378055640938e-05,2.8997778770146207e-05,0.9998898084406734,nan,nan
5000,0.9,broadcast,0.9166255864800756,0.9364803640240948,4.1578838232991355,1.0394540878168732,8.804690959554241,13.96523224003613,277.4231609979269,0.9984592513546796,0.0012817018216404624,0.09075144457323985,2.9283055759949606,0.0,0.0001391893380967018,2.5131408267460045e-05,0.9998356792536358,nan,nan
5000,0.9,oracle,0.9166101209980649,0.936479183704734,4.157690392649256,1.0394046408045143,8.806147081661425,13.967493353877217,277.4015378038112,0.9980010864501112,0.0016644725014063923,1.8473023035021608e-05,2.928478079474678,0.0,0.0001855857841289357,2.7064593518803126e-05,0.9997873496223523,nan,nan
5000,0.9,piggyback,0.9156396620018906,0.9364005892446587,4.145652653006779,1.0355708251414608,9.402104212349474,14.576766472309828,278.55190465837006,0.9741455804485376,0.01034254109468548,3.5178475707109884,2.921144070822445,0.0,0.002594334607302414,0.0013319646381753825,0.9960737007545222,nan,nan
10000,0.1,recserve,0.5035786500004837,0.8758102591946823,0.2552050540328744,0.01104941033058251,7.479581101159658,44.716477425317,32.22901879977759,0.0,0.0,nan,1.0351987111898853,0.0,0.8995733482967793,0.09063301181273763,0.009793639890483055,32.22901879977759,0.0
10000,0.1,recserve_no_onu,0.533323336203477,0.8793408814075638,0.43466909048692476,0.10866727262173119,3.8932208188921464,11.315146004243745,76.1912413076819,0.0,0.10042665170322068,nan,1.3642913102217227,0.0,0.8995733482967793,0.0,0.10042665170322068,50.87348362846827,-0.497661175792689
10000,0.1,static_day,0.5035786500004837,0.8758102591946823,0.2552050540328744,0.01104941033058251,7.479581101159658,44.716477425317,32.22901879977759,0.0,0.0,0.7060412297866245,1.0351987111898853,0.0,0.8995733482967793,0.09063301181273763,0.009793639890483055,32.22901879977759,0.0
10000,0.1,static_day_self,0.5035786500004837,0.8758102591946823,0.2552050540328744,0.01104941033058251,7.479581101159658,44.716477425317,32.22901879977759,0.0,0.0,0.04596485050615385,1.0351987111898853,0.0,0.8995733482967793,0.09063301181273763,0.009793639890483055,32.22901879977759,0.0
10000,0.1,static_hour,0.5127724620995907,0.8768944921526182,0.3101987268171396,0.041045452434623604,6.373798945631146,37.86693471089273,43.00445032287248,0.0,0.030973365711134546,0.6762773014479541,1.4658728923656104,0.0,0.8995733482967793,0.06268006927043526,0.037746582432785426,37.99185338319104,-0.13193873142022583
10000,0.1,static_hour_self,0.5035786500004837,0.8758102591946823,0.2552050540328744,0.01104941033058251,7.479581101159658,44.716477425317,32.22901879977759,0.0,0.0,0.039764687305301846,1.0351987111898853,0.0,0.8995733482967793,0.09063301181273763,0.009793639890483055,32.22901879977759,0.0
10000,0.1,broadcast,0.5035786500004837,0.8758102591946823,0.2552050540328744,0.01104941033058251,7.479581101159661,44.716477425317,32.22901879977749,0.0,0.0,0.013958880296085016,1.0351987111898853,0.0,0.8995733482967793,0.09063301181273763,0.009793639890483055,32.22901879977759,3.1086244689504383e-15
10000,0.1,oracle,0.5035786500004837,0.8758102591946823,0.2552050540328744,0.01104941033058251,7.479581101159658,44.716477425317,32.22901879977759,0.0,0.0,0.012599841209548764,1.0351987111898853,0.0,0.8995733482967793,0.09063301181273763,0.009793639890483055,32.22901879977759,0.0
10000,0.1,piggyback,0.5035786500004837,0.8758102591946823,0.2552050540328744,0.01104941033058251,7.479581101159658,44.716477425317,32.22901879977759,0.0,0.0,0.06389765689435253,1.0351987111898853,0.0,0.8995733482967793,0.09063301181273763,0.009793639890483055,32.22901879977759,0.0
10000,0.2,recserve,0.5507657478981841,0.8838191413494838,0.5529476118146726,0.04335332565811751,12.242979659270135,57.34859620484893,61.80667785180428,0.0,0.0,nan,1.13624949931612,0.0,0.7995278774803363,0.16054777821851146,0.03992434430115225,61.80667785180428,0.0
10000,0.2,recserve_no_onu,0.5971063146387005,0.8890616145419511,0.8562730764393448,0.2140682691098362,4.776020714109231,14.050089437647806,109.63335883777899,0.0,0.2004721225196637,nan,1.745940058280745,0.0,0.7995278774803363,0.0,0.2004721225196637,101.22128382550912,-0.08310579252058359
10000,0.2,static_day,0.5507657478981841,0.8838191413494838,0.5529476118146726,0.04335332565811751,12.242979659270135,57.34859620484893,61.80667785180428,0.0,0.0,0.6352884106794572,1.13624949931612,0.0,0.7995278774803363,0.16054777821851146,0.03992434430115225,61.80667785180428,0.0
10000,0.2,static_day_self,0.5507657478981841,0.8838191413494838,0.5529476118146726,0.04335332565811751,12.242979659270135,57.34859620484893,61.80667785180428,0.0,0.0,0.1422917648719199,1.13624949931612,0.0,0.7995278774803363,0.16054777821851146,0.03992434430115225,61.80667785180428,0.0
10000,0.2,static_hour,0.5709973588227896,0.8861185734414678,0.6858904037228022,0.1182073033870921,8.969118931795702,48.78449403558229,73.67584837316359,0.0,0.08798022503216818,0.6079122908010406,1.888201022507778,0.0,0.7995278774803363,0.09005350076913403,0.11041862175052969,79.10514534826085,0.06863392957809189
10000,0.2,static_hour_self,0.5507657478981841,0.8838191413494838,0.5529476118146726,0.04335332565811751,12.242979659270135,57.34859620484893,61.80667785180428,0.0,0.0,0.09399922081896302,1.13624949931612,0.0,0.7995278774803363,0.16054777821851146,0.03992434430115225,61.80667785180428,0.0
10000,0.2,broadcast,0.5507657478981841,0.8838191413494838,0.5529476118146726,0.04335332565811751,12.24297965927015,57.34859620484893,61.80667785180473,0.0,0.0,0.038670327646195955,1.1362494993161174,0.0,0.7995278774803363,0.16054777821851146,0.03992434430115225,61.80667785180428,-7.327471962526033e-15
10000,0.2,oracle,0.5507657478981841,0.8838191413494838,0.5529476118146726,0.04335332565811751,12.242979659270135,57.34859620484893,61.80667785180428,0.0,0.0,0.036083367690513,1.13624949931612,0.0,0.7995278774803363,0.16054777821851146,0.03992434430115225,61.80667785180428,0.0
10000,0.2,piggyback,0.5507657478981841,0.8838191413494838,0.5529476118146726,0.04335332565811751,12.242979659270135,57.34859620484893,61.80667785180428,0.0,0.0,0.16551001785507363,1.13624949931612,0.0,0.7995278774803363,0.16054777821851146,0.03992434430115225,61.80667785180428,0.0
10000,0.3,recserve,0.593521859853139,0.8914387689959944,0.896171008968393,0.10103835898725849,16.90184909520116,63.29834969536961,98.3640837689047,0.0,0.0,nan,1.3258259132980799,0.0,0.6999613014328144,0.21011387053394348,0.08992482803324207,98.3640837689047,0.0
10000,0.3,recserve_no_onu,0.6473167380977719,0.8975765098862754,1.2763917997736134,0.31909794994340335,5.637076129520001,15.0508541705405,130.0108826390751,0.0,0.30003869856718557,nan,2.1308244907222886,0.0,0.6999613014328144,0.0,0.30003869856718557,139.85201963463263,0.07036821506952684
10000,0.3,static_day,0.6397743873533083,0.8967190916005553,1.2234465717906793,0.288719754651084,7.204906420208001,18.526373583894898,124.73625501287943,0.0,0.25825779050530656,3.5617007828764065,2.08935444756993,0.0,0.6999613014328144,0.029251279471377574,0.270787419095808,135.00045270332518,0.07603083904468222
10000,0.3,static_day_self,0.593521859853139,0.8914387689959944,0.896171008968393,0.10103835898725849,16.90184909520116,63.29834969536961,98.3640837689047,0.0,0.0,0.3559444579992752,1.3258259132980799,0.0,0.6999613014328144,0.21011387053394348,0.08992482803324207,98.3640837689047,0.0
10000,0.3,static_hour,0.6179590375666341,0.8942341998272415,1.069182169635169,0.20028914021458358,11.774228743108267,54.9233285761808,100.35654181257426,0.0,0.13674428954267967,1.978080570138302,2.169793341814011,0.0,0.6999613014328144,0.11436781053181506,0.1856708880353705,117.84317047059774,0.14838898672016343
10000,0.3,static_hour_self,0.593521859853139,0.8914387689959944,0.896171008968393,0.10103835898725849,16.90184909520116,63.29834969536961,98.3640837689047,0.0,0.0,0.2022176377409007,1.3258259132980799,0.0,0.6999613014328144,0.21011387053394348,0.08992482803324207,98.3640837689047,0.0
10000,0.3,broadcast,0.6711047473467295,0.9022603708635315,1.6764385495777019,0.3267031742499734,14.92821352592667,59.36018758971706,98.98669940529481,0.23831351644205373,0.0032061762913228138,0.03395417667725966,3.880380208695189,0.0,0.533130810831729,0.15782630148118765,0.3090428876870834,155.15349830407706,0.3620079438280144
10000,0.3,oracle,0.668085291642077,0.9018063135247529,1.6428961736791694,0.31843210142894457,14.879798212246353,59.36018758971706,98.79688369705251,0.22656269651616148,0.006965742093398992,0.0136840892774337,3.7997536335624695,0.0,0.5413697357855325,0.15764635314377484,0.3009839110706926,153.21125351282376,0.3551590928744459
10000,0.3,piggyback,0.5935528187068874,0.8914428056057982,0.8964334781304721,0.10118994514478102,16.893550085044712,63.29834969536961,98.40554362928458,0.0,0.0002254191538558285,0.3669516303078997,1.3265144314891495,0.0,0.6999613014328144,0.2099648810502791,0.09007381751690643,98.38876134024375,-0.00017057119951746635
10000,0.4,recserve,0.638267078161431,0.8994753034519858,1.2711818852007004,0.17467504232655787,22.042391210500828,67.59357533427573,134.03088609493915,0.0,0.0,nan,1.5862112698273454,0.0,0.5999671062178923,0.2401429912057506,0.1598899025763571,134.03088609493915,0.0
10000,0.4,recserve_no_onu,0.6934299507560733,0.905392043388491,1.692927078354924,0.423231769588731,6.512511600987594,16.022628211729238,144.06506134404117,0.0,0.4000328937821077,nan,2.528137248033265,0.0,0.5999671062178923,0.0,0.4000328937821077,168.7471827721592,0.1462668651567569
10000,0.4,static_day,0.6932209784932712,0.9053713298656477,1.6914598105705136,0.42237333088242407,6.565547052773415,16.08424707319353,143.80599721175045,0.0,0.3986765090022542,8.230207826144673,2.5305688775454334,0.0,0.5999671062178923,0.0008184746959743816,0.3992144190861333,168.63691916128712,0.1472448742127931
10000,0.4,static_day_self,0.6934193086500973,0.9053908191629253,1.6928574983311244,0.4231891111906581,6.515229322653741,16.025707881003633,144.05177314052742,0.0,0.39996130143281444,4.514000689171997,2.5282731822328586,0.0,0.5999671062178923,4.35358880837437e-05,0.39998935789402396,168.74156749567962,0.1463172040035977
10000,0.4,static_hour,0.6740526107020888,0.9033078982142504,1.5447009858459988,0.3359196782214139,11.97082562851132,53.55867884161638,128.08956386166633,0.0,0.2595977283941062,4.156255812271306,2.580169001598551,0.0,0.5999671062178923,0.0843154707196966,0.31571742306241113,157.04969179300647,0.18440104912469335
10000,0.4,static_hour_self,0.7673258322610605,0.9164658132533319,2.5910802724379134,0.580298970618113,14.985565948155697,57.8168986773161,120.87367089167161,0.44564979731625437,0.033207240501920414,0.3367460286958238,4.880297857789424,0.0,0.33261128256726297,0.11317395973414085,0.5542147576985962,205.95335797804543,0.4131017232330987
10000,0.4,broadcast,0.8107620715343015,0.9222333099315072,3.0381692017453057,0.7175733608738136,12.57936137403946,50.942295524267706,124.4878515379659,0.5966100055145458,0.044140553196017916,0.03204116930960978,5.336547193962177,0.0,0.2420605052097946,0.07034625542989272,0.6875932393603127,226.2866975841394,0.44986668298662136
10000,0.4,oracle,0.8115466849839885,0.9223236558830167,3.044542952507183,0.7210688031500634,12.374118120955313,50.49620213625384,124.75112370141076,0.5968954074475392,0.04936002244516897,0.006117890644942769,5.324770677544261,0.0,0.24186701237386685,0.06714298153110881,0.6909900060950244,226.65631493937673,0.4496022591085641
10000,0.4,piggyback,0.6430231320685351,0.9000043790193718,1.3091588247245145,0.19527686019175142,20.8394011032787,67.11989872582109,135.40536088071568,0.00229675996246239,0.030223580971914514,1.092120741843936,1.6950042865439678,0.0,0.5985923396186256,0.22147867225215986,0.1799289881292145,137.090186124994,0.012289904127361528
10000,0.5,recserve,0.6867960488762903,0.9070633117674608,1.6638554376324217,0.26623776109439545,27.15398812846239,71.70355520036345,165.24682360665219,0.0,0.0,nan,1.9209336882733896,0.0,0.5002060698702631,0.2500759459381016,0.2497179841916353,165.24682360665219,0.0
10000,0.5,recserve_no_onu,0.7402523146580497,0.9123826584945822,2.1023067519325096,0.5255766879831274,7.388990049701745,16.434089525151926,154.0606360220907,0.0,0.49979393012973694,nan,2.931521111665298,0.0,0.5002060698702631,0.0,0.49979393012973694,193.36252717098202,0.2032549518456509
10000,0.5,static_day,0.7402107136983254,0.912378942038101,2.1020237106121145,0.5254024186604491,7.402552360257354,16.452041053105386,154.04014096020057,0.0,0.49944661048924666,12.840358061327537,2.9316315133054878,0.0,0.5002060698702631,0.00017511101651461355,0.4996188191132223,193.34318019682883,0.20328122872819532
10000,0.5,static_day_self,0.8274605032748662,0.924274250513588,3.113665665663729,0.7784044513026905,8.15572895955602,15.448057624277178,159.3135313574035,0.4929317067035593,0.2533459748652806,9.553017373210666,4.0514743918618095,0.0,0.25367878254307635,2.2251676131691224e-05,0.7462989657807919,234.1530299533082,0.31961789523214046
10000,0.5,static_hour,0.7349012702804678,0.9119700386980815,2.0693574044870986,0.49366978706113407,10.54847806407092,44.8948416778644,146.18774957874763,0.017641709315712586,0.4120971721022029,6.939023243848496,3.0880449679165665,0.0,0.491381829087778,0.03955767537706916,0.46906049553515283,190.62940473345742,0.23313116471642548
10000,0.5,static_hour_self,0.82648626684597,0.924292548865049,3.117449547710496,0.7638157938527326,10.306630643390868,30.25440608804358,140.18020298799775,0.5168154949063011,0.18963168638681152,0.716760428863806,4.753178360327244,0.0,0.2416735195379391,0.02597544575912077,0.7323510347029402,233.69408460592973,0.40015510780095787
10000,0.5,broadcast,0.8669814150131091,0.9298369048209382,3.588521381925834,0.880814691911032,10.75499561947216,33.788176406781986,139.9182038858397,0.7473767208769095,0.07182260576802144,0.04205953499065056,5.367538849768013,0.0,0.12634985439664095,0.02728732718671091,0.8463628184166482,251.52246904051702,0.4437148918759195
10000,0.5,oracle,0.8658804407766802,0.9297026511506015,3.5770542012132003,0.8778273163511121,10.76272732283824,33.972070110230526,139.8596082722511,0.7418844267291004,0.07419192554395673,0.00456577401120084,5.356460722073097,0.0,0.12911099716532995,0.027452763561429137,0.843436239273241,251.042120996416,0.44288389646672954
10000,0.5,piggyback,0.76727358919536,0.916427003730355,2.447946203186827,0.5856205373296053,11.180747950008284,46.751798774417054,155.884096192754,0.20593539274208372,0.3089567833750955,4.530332323266616,3.36624194498028,0.0,0.3972088658417422,0.044010912995946325,0.5587802211623115,205.92906177794603,0.24302041272424046
10000,0.6,recserve,0.7388088581020288,0.9143866531478202,2.09916730938537,0.3823307324671304,32.3391374329741,73.8493048850583,192.69123216082843,0.0,0.0,nan,2.3578258109958963,0.0,0.40025347561506536,0.24003947253852925,0.3597070518464054,192.69123216082843,0.0
10000,0.6,recserve_no_onu,0.7825150198813889,0.9186769566008791,2.515193409634008,0.628798352408502,8.274629197323831,16.84372265458993,161.68976901489594,0.0,0.5997465243849347,nan,3.33989419368281,0.0,0.40025347561506536,0.0,0.5997465243849347,213.01725319212832,0.24095458657960522
10000,0.6,static_day,0.7825111500246703,0.9186764149448117,2.5151444172479516,0.6287703075568627,8.277278704010511,16.84582530072442,161.67873494217028,0.0,0.5996788018923599,17.064802508109604,3.3401401673538733,0.0,0.40025347561506536,2.8056461209523718e-05,0.5997184679237251,213.0154534736024,0.2409999729798662
10000,0.6,static_day_self,0.9169799638168397,0.9364943343934924,4.15512258932113,1.0387710370248542,8.957012026883127,14.22005232076626,164.12807125816045,0.9999274401865271,9.674641796387488e-07,4.09228673070705,5.046201972395,0.0,3.289378210771746e-05,1.741435523349748e-05,0.9999496918626588,nan,nan
10000,0.6,static_hour,0.8166297417838104,0.9232151486103407,2.9319503419985877,0.7298912734730997,9.006360590019858,16.987144573816398,156.6610955859351,0.2596673858150402,0.43114073701421207,10.751063007079383,3.995524103888703,0.0,0.2962530112322591,0.0052078596789953855,0.6985391290887455,229.05085203483515,0.3160422928175385
10000,0.6,static_hour_self,0.8918578214641603,0.9331602305938418,3.8474687963778145,0.959884984955932,9.188453033250042,15.188141527585683,152.2532947133568,0.8159805733192729,0.10211487669669031,0.7244535333570477,5.149185723678224,0.0,0.07365304799589795,0.0033232394570591023,0.923023712547043,nan,nan
10000,0.6,broadcast,0.893856602459294,0.9334290029497051,3.87191146928785,0.9649478207869354,9.377441937043702,15.348698399052955,151.4069478795309,0.8327070615210472,0.08765322213945029,0.05010160777479621,5.212509894052867,0.0,0.06696593558623493,0.005088861584899819,0.9279452028288653,nan,nan
10000,0.6,oracle,0.8919922989851301,0.9332101954326225,3.850986358755067,0.9561041804127202,9.98311670745211,16.551296008750793,149.56016080804963,0.8264940065594072,0.076250689318228,0.0034030143501727274,5.284332996139156,0.0,0.06945522092044543,0.011158731847953329,0.9193860472316012,nan,nan
10000,0.6,piggyback,0.8539332256223213,0.9281938907548439,3.389503808906475,0.8374974236428897,10.313441056605704,18.733874876623066,161.0496703407236,0.5504193957218734,0.22803227460503275,3.5788227906366794,4.401254406313611,0.0,0.17997639387401682,0.016661668101738532,0.8033619380242446,245.82962715054296,0.3448728202231751
10000,0.7,recserve,0.7886990509176398,0.9212095200392382,2.5638841094008495,0.5155620695993731,37.770910143878694,77.13271805925743,215.89320339648614,0.0,0.0,nan,2.8784137384432245,0.0,0.30032893782107717,0.2102386734131169,0.48943238876580597,215.89320339648614,0.0
10000,0.7,recserve_no_onu,0.8251724504900206,0.9244236622797428,2.9263209310875267,0.7315802327718817,9.173519148706418,17.186576370943477,167.61035686689675,0.0,0.6996710621789228,nan,3.7573760863129797,0.0,0.30032893782107717,0.0,0.6996710621789228,233.07516923180856,0.2808742457666211
10000,0.7,static_day,0.9119801089364666,0.9358236673024646,4.086624471038959,1.021648776641545,8.96931601489034,14.44627510854043,164.32654730139473,0.9441734469781257,0.03901976529319002,28.083895333841525,4.979153862376129,0.0,0.016761316912241326,1.3544498514942484e-05,0.9832251385892438,nan,nan
10000,0.7,static_day_self,0.9169857686019175,0.9364950930989034,4.155186443891915,1.0387909426003503,8.9569079450195,14.219984516152179,164.13277960137182,0.9999448545417606,0.0,4.092531285580719,5.046128586469102,0.0,2.1284211952052475e-05,1.0642105976026237e-05,0.999968073682072,nan,nan
10000,0.7,static_hour,0.8656501843019262,0.9297258661559181,3.4658725423991177,0.8657320714375552,9.280254963782413,16.365567917655273,160.72998841767873,0.4408076390971624,0.38708822305854124,13.685994344899655,4.52834255884513,0.0,0.16799918733008912,0.0012364192215783211,0.8307643934483325,250.94166156364267,0.35949261108676
10000,0.7,static_hour_self,0.9085804398092161,0.9353636186033234,4.039775374166772,1.0093931793775337,9.115655928202795,14.693769549802642,157.33648388803866,0.9074543115041166,0.061621663457910474,0.7294064576492669,5.172484850001118,0.0,0.027802985594458367,0.0009345703975310314,0.9712624440080107,nan,nan
10000,0.7,broadcast,0.9084478972166056,0.9353546691326644,4.039020552809032,1.0094965026169906,9.04848840990434,14.646073446287412,157.55018322770223,0.9061046989735205,0.0642067277459052,0.05540132463140642,5.161486355964213,0.0,0.028211255478265918,0.00044406605845418573,0.9713446784632799,nan,nan
10000,0.7,oracle,0.9081915192090013,0.9353221061807098,4.035768185907917,1.00858900283467,9.071136705408142,14.672549512225254,157.35936598826493,0.9037266720199685,0.06534156322862146,0.0014996241494809144,5.166046383003125,0.0,0.028918471793581844,0.0006017627197353018,0.9704797654866829,nan,nan
10000,0.7,piggyback,0.8945618838462506,0.9335578713308555,3.8557506515871247,0.9599501843019262,9.915967380007121,16.479182609164823,163.04895343452876,0.7654005785435795,0.1418631425171483,2.9919885651971683,4.844830424299794,0.0,0.07051459419714985,0.006698721979818697,0.9227866838230314,nan,nan
10000,0.8,recserve,0.8311030059112061,0.9274444163969826,3.052061848050076,0.6649927198320483,43.41141747779163,80.92340848863775,235.86894776153073,0.0,0.0,nan,3.484531405440514,0.0,0.2005040488375918,0.1604616739065236,0.6390342772558846,235.86894776153073,0.0
10000,0.8,recserve_no_onu,0.854646246722715,0.929406484694143,3.336532093689231,0.8341330234223078,10.079896894429478,17.566781893314687,172.33645509863737,0.0,0.7994959511624082,nan,4.179710513470174,0.0,0.2005040488375918,0.0,0.7994959511624082,246.14071371337462,0.29984579755741125
10000,0.8,static_day,0.9169780288884805,0.9364943639347358,4.155067618006442,1.0387615916720683,8.95744923283528,14.221336326096207,164.1344204914826,0.9997194353879048,0.0001934928359277498,28.406488274044086,5.046049589306086,0.0,5.030813734121494e-05,9.674641796387488e-06,0.9999400172208623,nan,nan
10000,0.8,static_day_self,0.9169877035302768,0.9364955475076345,4.155219854299895,1.0387996507454311,8.957082432814202,14.220070571172982,164.13425010030147,0.9999496918626588,0.0,4.092663220267166,5.046129686322843,0.0,1.3544498514942484e-05,9.674641796387488e-06,0.9999767808596887,nan,nan
10000,0.8,static_hour,0.9149182976500295,0.9362571841992479,4.127570935441115,1.0318417402745663,9.010234674989407,14.382850004103963,163.7416803175763,0.9662925805172063,0.026853903234232753,20.167511566705,5.040701017060344,0.0,0.006746127724620996,8.32019194489324e-05,0.9931706703559301,nan,nan
10000,0.8,static_hour_self,0.914298153110881,0.936186332457503,4.119533368807019,1.0298583942029547,9.015165631342928,14.424698725994675,161.11069896350975,0.9566024592939446,0.034536536284744054,0.7600913474137428,5.118658510270206,0.0,0.008704275224209823,4.063349554482745e-05,0.9912550912802454,nan,nan
10000,0.8,broadcast,0.914496483267707,0.9362092362696152,4.1221352882559525,1.030519775935296,9.009710767666338,14.411369670438576,161.7194631729986,0.9594680881940346,0.03231233613575457,0.05678733120434998,5.100889826903203,0.0,0.008115089538809826,2.4186604490968723e-05,0.9918607238566992,nan,nan
10000,0.8,oracle,0.9145361492990722,0.9362149208156316,4.1228243220494765,1.030691162214719,9.00873895817793,14.40527897148858,161.74537372817872,0.9603300987780927,0.03161576192641467,0.0005085182352828722,5.1005080862505965,0.0,0.007945783307373045,2.612153285024622e-05,0.9920280951597767,nan,nan
10000,0.8,piggyback,0.9100538877548059,0.9356992496548165,4.062609363118331,1.0137417412420304,9.714625104542785,15.405929061956696,164.31418355450955,0.8935450789934503,0.0697493300310556,2.731270297561684,5.005418425071201,0.0,0.02141094975958515,0.0031113648017182163,0.9754776854386966,nan,nan
10000,0.9,recserve,0.8721467062682005,0.9329966915565789,3.592990009964881,0.8412185936940684,49.35526867767064,84.3615702849969,253.77605270260435,0.0,0.0,nan,4.217473616586455,0.0,0.10056886893762758,0.09058657353211497,0.8088445575302574,253.77605270260435,0.0
10000,0.9,recserve_no_onu,0.88647581823283,0.9337183270628743,3.7428970792256417,0.9357242698064104,11.001333975716175,17.879630907408757,176.38687350416245,0.0,0.8994311310623724,nan,4.605368284454771,0.0,0.10056886893762758,0.0,0.8994311310623724,nan,nan
10000,0.9,static_day,0.9169944757795343,0.9364959601556924,4.155254032874432,1.038808885191026,8.957258138379295,14.220262886234558,164.13574284326904,0.9999361473641438,1.9349283592774976e-05,28.406003960598685,5.046138955502842,0.0,6.772249257471242e-06,7.73971343710999e-06,0.9999854880373055,nan,nan
10000,0.9,static_day_self,0.9169944757795343,0.9364959601556924,4.155254032874432,1.038808885191026,8.95719675689744,14.220091969869097,164.1354064426773,0.9999554966477366,0.0,4.092522472234598,5.046139198216406,0.0,6.772249257471242e-06,7.73971343710999e-06,0.9999854880373055,nan,nan
10000,0.9,static_hour,0.9169867360660972,0.93649536029751,4.155122597060844,1.0387690140572545,8.960240196459292,14.223718152591024,164.1323364377536,0.9996381683968151,0.00024476843744860346,20.34513072944563,5.046353900354688,0.0,3.289378210771746e-05,1.838181941313623e-05,0.9999487243984791,nan,nan
10000,0.9,static_hour_self,0.9169722241034026,0.936494069770409,4.154957456730164,1.038732297824173,8.959908808680929,14.224362639384342,164.10835759811647,0.9992337683697261,0.000624014395866993,0.7579326915550568,5.04702229033756,0.0,7.93320627303774e-05,1.1609570155664987e-05,0.999909058367114,nan,nan
10000,0.9,broadcast,0.9169935083153546,0.9364959266713225,4.155235260199491,1.0387985255845902,8.959148773968222,14.221672781929371,164.1389851692921,0.9999032535820361,1.741435523349748e-05,0.05667393046560656,5.0461268927619845,0.0,7.73971343710999e-06,1.547942687421998e-05,0.9999767808596887,nan,nan
10000,0.9,oracle,0.9169906059228157,0.936495762592236,4.155217004150422,1.0387947844006076,8.959000692324286,14.221755359065718,164.13734815186925,0.9998364985536411,7.836459855073866e-05,6.329373703079796e-06,5.04617034823717,0.0,1.2577034335303735e-05,1.4511962694581234e-05,0.9999729110029701,nan,nan
10000,0.9,piggyback,0.9162485608970328,0.9364315262595079,4.145108483693392,1.0354554714936681,9.546045598476347,14.814902763441202,165.3891526523346,0.9803092015518126,0.004898271141510985,2.629175051962881,5.03537231355283,0.0,0.00196395228466666,0.0012934996081770073,0.9967425481071563,nan,nan
20000,0.1,recserve,0.5030958324904784,0.8757819285328553,0.25495017363214895,0.01098889603941037,7.476552648430332,44.716477425317,31.996953854030934,0.0,0.0,nan,1.0667629523583972,0.0,0.8995405374220369,0.09070777127579197,0.009751691302171114,31.996953854030934,0.0
20000,0.1,recserve_no_onu,0.5325478810022338,0.87932666416672,0.4346052768917407,0.10865131922293518,3.8979923381105395,11.344362558867912,62.908081857992215,0.0,0.10045946257796308,nan,1.7576095242304437,0.0,0.8995405374220369,0.0,0.10045946257796308,48.60642021226255,-0.29423400413514944
20000,0.1,static_day,0.5322823515098731,0.8792963504820575,0.4330120207615097,0.10778468792801543,3.9301225195166736,11.372623050763977,62.65055443669697,0.0,0.09956583514094547,0.6953687906787605,1.7560337409120252,0.0,0.8995405374220369,0.0007975540388725521,0.09966190853909053,48.456675002902216,-0.2929189721115748
20000,0.1,static_day_self,0.5030958324904784,0.8757819285328553,0.25495017363214895,0.01098889603941037,7.476552648430332,44.716477425317,31.996953854030934,0.0,0.0,0.07645444668917421,1.0667629523583972,0.0,0.8995405374220369,0.09070777127579197,0.009751691302171114,31.996953854030934,0.0
20000,0.1,static_hour,0.6218464148449332,0.8928316122762314,1.3278549832402613,0.3180410199615417,6.328790904528631,15.167727182991799,48.447726729166966,0.2526986245089515,0.0485474812596526,1.5609998558131517,7.904490514914804,4.1315813309730354e-05,0.6722492230848444,0.023937242345870993,0.3038135345692846,102.4691693615469,0.5271970385723874
20000,0.1,static_hour_self,0.5030958324904784,0.8757819285328553,0.25495017363214895,0.01098889603941037,7.476552648430332,44.716477425317,31.996953854030934,0.0,0.0,0.058454790758645805,1.0667629523583972,0.0,0.8995405374220369,0.09070777127579197,0.009751691302171114,31.996953854030934,0.0
20000,0.1,broadcast,0.5030958324904784,0.8757819285328553,0.25495017363214895,0.01098889603941037,7.476552648430339,44.716477425317,31.99695385403097,0.0,0.0,0.02309431298354912,1.0667629523583912,0.0,0.8995405374220369,0.09070777127579197,0.009751691302171114,31.996953854030934,-1.1102230246251565e-15
20000,0.1,oracle,0.5030958324904784,0.8757819285328553,0.25495017363214895,0.01098889603941037,7.476552648430332,44.716477425317,31.996953854030934,0.0,0.0,0.021142825763050103,1.0667629523583972,0.0,0.8995405374220369,0.09070777127579197,0.009751691302171114,31.996953854030934,0.0
20000,0.1,piggyback,0.5030958324904784,0.8757819285328553,0.25495017363214895,0.01098889603941037,7.476552648430332,44.716477425317,31.996953854030934,0.0,0.0,0.10109032248920952,1.0667629523583972,0.0,0.8995405374220369,0.09070777127579197,0.009751691302171114,31.996953854030934,0.0
20000,0.2,recserve,0.5505642984493561,0.8838090476032611,0.5523304306936645,0.043211129258308535,12.2367859766005,57.34859620484893,58.76676879936998,0.0,0.0,nan,1.277760425219794,0.0,0.7996913098956083,0.16045464442462898,0.039854045679762744,58.76676879936998,0.0
20000,0.2,recserve_no_onu,0.5965892495315819,0.889039251512389,0.8552659374422171,0.21381648436055428,4.78909214906689,14.127179710935504,80.25773893310047,0.0,0.2003086901043917,nan,2.560697995786698,0.0,0.7996913098956083,0.0,0.2003086901043917,88.84071829114191,0.09661087306739202
20000,0.2,static_day,0.5965795939136778,0.8890384241141307,0.8552193336368417,0.2137880818777087,4.790560409148666,14.128896648303753,80.246649723434,0.0,0.2002700676327756,3.46116548297961,2.5609334736854783,0.0,0.7996913098956083,2.800129192167556e-05,0.20028068881247005,88.83550824027007,0.09668271940996953
20000,0.2,static_day_self,0.5505642984493561,0.8838090476032611,0.5523304306936645,0.043211129258308535,12.2367859766005,57.34859620484893,58.76676879936998,0.0,0.0,0.2916395420219397,1.277760425219794,0.0,0.7996913098956083,0.16045464442462898,0.039854045679762744,58.76676879936998,0.0
20000,0.2,static_hour,0.7238078087878675,0.9082213725109987,2.203272821897783,0.5320500132040574,8.356095586402049,18.09314834244848,62.80363524621922,0.42620862990161407,0.07528726670216715,1.9665671323077083,9.008661456555691,2.4640859473178423e-05,0.4588446184172221,0.031745257763961664,0.5094101238188162,142.15496408857825,0.558203010011767
20000,0.2,static_hour_self,0.5505642984493561,0.8838090476032611,0.5523304306936645,0.043211129258308535,12.2367859766005,57.34859620484893,58.76676879936998,0.0,0.0,0.1674339270454371,1.277760425219794,0.0,0.7996913098956083,0.16045464442462898,0.039854045679762744,58.76676879936998,0.0
20000,0.2,broadcast,0.5999851303484278,0.8909232610423922,1.0389382730830823,0.17790522093743497,11.848584299082246,54.98291931170856,59.384025008267635,0.13475476903037803,0.0005349212318830434,0.015175581127252038,4.884977846348225,5.4057437449854614e-05,0.6919210962216119,0.13839204029482463,0.1696868634835635,90.67309318274731,0.3450755574359644
20000,0.2,oracle,0.6076753472280894,0.892024484062389,1.1142342095645654,0.19871482325632817,11.789971578300658,54.54054178743336,59.64495984912136,0.1556118692648647,0.000558094714852706,0.009626348744382549,5.302082435989253,4.8346671077240165e-05,0.6752337745789788,0.13503574751138517,0.18973047790963596,94.82263819957737,0.37098396562660496
20000,0.2,piggyback,0.5505686434774129,0.883809603774939,0.5523568832244743,0.04322756456832388,12.23600660498193,57.34859620484893,58.77098090327491,0.0,1.9794016703253412e-05,0.3223851326127476,1.2779633071828929,0.0,0.7996913098956083,0.16043822987419212,0.039870460230199585,58.76964531919963,-2.2725746735785535e-05
20000,0.3,recserve,0.5933570314382091,0.8914559847128248,0.8961246038179279,0.10085182440486391,16.911659495629713,63.29834969536961,87.09665376181313,0.0,0.0,nan,1.670280274464443,0.0,0.6998613936049877,0.21026073547807136,0.08987787091694092,87.09665376181313,0.0
20000,0.3,recserve_no_onu,0.6468510857500943,0.8975910485116776,1.2771386735015566,0.31928466837538916,5.6701417958059555,15.17908175880621,88.9083149148655,0.0,0.3001386063950123,nan,3.371939769941559,0.0,0.6998613936049877,0.0,0.3001386063950123,114.74166454966868,0.2251435843831654
20000,0.3,static_day,0.6468438440366663,0.8975903258076338,1.2770974314608035,0.31926014793372187,5.671479613104249,15.181026706588208,88.89965776034907,0.0,0.3001028806087674,7.0825457594166075,3.372227475729711,0.0,0.6998613936049877,2.462182565526644e-05,0.300113984569357,114.73876204863744,0.22519943414881227
20000,0.3,static_day_self,0.5933570314382091,0.8914559847128248,0.8961246038179279,0.10085182440486391,16.911659495629713,63.29834969536961,87.09665376181313,0.0,0.0,1.0133176967953115,1.670280274464443,0.0,0.6998613936049877,0.21026073547807136,0.08987787091694092,87.09665376181313,0.0
20000,0.3,static_hour,0.7589417056552471,0.9139787180069072,2.50256322764133,0.6077975004501932,9.0778351060719,19.02071338806683,74.27749088481356,0.4444379537235201,0.12331768962305915,2.2971086982445867,8.291223794042036,2.16142161687638e-05,0.3888124217593212,0.03044464603228935,0.5807429322083895,152.48903874969935,0.512899474651846
20000,0.3,static_hour_self,0.7373816764373473,0.9115079280990509,2.3495509596960025,0.5190678012661412,13.69448037193214,55.06409868804266,71.96225373399214,0.4455517292487495,0.0,0.046220322354430875,9.160541544256178,2.5337006549616194e-05,0.3880327306135711,0.1165534465003937,0.49541382288603525,146.3535842295469,0.5082986582609168
20000,0.3,broadcast,0.8452711369924585,0.926542367847322,3.4380460824020087,0.8334508082476357,10.98148465558592,38.05060479138796,72.18811904253512,0.7781298323350229,0.003121178487476422,0.009017198274909672,11.114451052278946,1.5685186246504767e-05,0.155269577610167,0.044465568790725586,0.8002648535991075,177.96210874321463,0.5943624204481814
20000,0.3,oracle,0.8436407859093636,0.9263117908065241,3.4212105991648856,0.8287600241004223,11.007552999288071,38.61726580815558,72.07620788147749,0.7728206908304942,0.003531059467502328,0.0016728738552317486,11.106995831198626,1.5774861181221605e-05,0.1589826454751602,0.045301745301214245,0.7957156092236256,177.47164248034088,0.5938719737184964
20000,0.3,piggyback,0.6008551015215805,0.8923707807483952,0.955369221655813,0.12979302507129467,15.636526941685142,61.93897090895607,88.9480677114481,0.005404732121778584,0.032870620030675896,2.3691173726527404,1.9613058905857912,0.0,0.6960759086057143,0.18608210268459974,0.11784198870968599,91.14251876629476,0.024077138579784108
20000,0.4,recserve,0.6380625423338497,0.8994823100529985,1.271510602109849,0.17463095890424185,22.064977333032488,67.64320124489727,111.21918929815968,0.0,0.0,nan,2.2190137091758064,0.0,0.5999643707699341,0.2401777019919057,0.15985792723816017,111.21918929815968,0.0
20000,0.4,recserve_no_onu,0.6928287243045903,0.9053952395150823,1.6937903272916524,0.4234475818229131,6.569214410104782,16.241770002967,94.22003903706556,0.0,0.40003562923006586,nan,4.204068116365381,0.0,0.5999643707699341,0.0,0.40003562923006586,132.57262459484943,0.289294910431108
20000,0.4,static_day,0.6928243792765335,0.905394681480485,1.693754994489056,0.42342623663119355,6.570445667244411,16.24313582901794,94.21440210759863,0.0,0.40000424847187777,9.760259247049914,4.2043171185826305,0.0,0.5999643707699341,2.0276797598454714e-05,0.4000153524324674,132.571280606328,0.2893302253949751
20000,0.4,static_day_self,0.9164581455516809,0.936461123412026,4.15696222191217,1.039228043486972,9.333187365729854,14.858148242812602,91.38229306949438,0.999928065646615,0.0,2.036088556416869,9.464748666375552,1.2553066883223164e-05,4.055359519690943e-05,2.0276797598454714e-05,0.9999391696072046,nan,nan
20000,0.4,static_hour,0.787718343694616,0.9187438000259878,2.756510053187971,0.6762205304506809,9.34431836760797,18.484194740653038,82.18790767691289,0.446778475503456,0.18524592617411106,3.233738844702234,8.043319592675298,1.941762074399361e-05,0.3319065548610484,0.021654654273359233,0.6464387908655923,160.64296119708965,0.4883815197101715
20000,0.4,static_hour_self,0.8571277529977073,0.9284921880961371,3.53158551135911,0.8619618820344195,11.058452798144021,35.73976410516336,78.07472196509256,0.770980812838882,0.03316415081495829,0.17153483264744557,10.452491457250392,1.516828335286736e-05,0.13737240704415948,0.03509141214860189,0.8275361808072387,181.5289908722985,0.5699049414095165
20000,0.4,broadcast,0.8902812826329711,0.9329716972397077,3.8835922770505755,0.96025294725667,10.260180906419723,16.890207976754752,78.07932897012994,0.9015909078839569,0.009637755010903606,0.011079975920679098,10.874949284434619,1.3597906759153352e-05,0.05904217235953852,0.017852271942753774,0.9231055556977077,nan,nan
20000,0.4,oracle,0.8897256018225944,0.9328933573680841,3.87724574754518,0.958420748377977,10.281652869049934,16.960381297208365,78.07496372122392,0.8993102509350259,0.009860799784486608,0.0011572242900367087,10.870028321364027,1.362402103548848e-05,0.060400717798634984,0.01826311848457008,0.9213361637167949,nan,nan
20000,0.4,piggyback,0.8093614112264904,0.9218366687902008,3.0035268988617476,0.7296377583903698,10.341181495214274,36.425820558561334,93.33328167147799,0.5575259989581588,0.11760977109909415,2.364465263667677,7.314887817281811,0.0,0.2654908698891004,0.035656265795987414,0.6988528643149122,167.15273345288526,0.44162874430177645
20000,0.5,recserve,0.6863029749441543,0.9070667803242778,1.6657526481739051,0.26661304145687825,27.197547241256984,71.79953965404812,130.55410316770923,0.0,0.0,nan,2.922399037167255,0.0,0.5000692790584614,0.25009450436023567,0.24983621658130295,130.55410316770923,0.0
20000,0.5,recserve_no_onu,0.7397318538351872,0.912384935124603,2.1044961153035273,0.5261240288258818,7.4777539521821055,16.696351939475235,97.83581001123277,0.0,0.4999307209415386,nan,5.0437342233189435,0.0,0.5000692790584614,0.0,0.4999307209415386,147.04588580902794,0.33465795746033655
20000,0.5,static_day,0.7702382958220624,0.9165380139822985,2.4585892823606827,0.6146356732596834,7.7869837613586625,16.42154753882795,96.86583719770857,0.17246092250739017,0.4137297093224508,12.833056028060643,5.851003445557081,0.0,0.4137789529737613,1.931123580805211e-05,0.5862017357904306,155.68995193539348,0.3778285882064829
20000,0.5,static_day_self,0.9164644217033185,0.9364618941983129,4.157021642584751,1.0392437633157006,9.33321721942654,14.858107905555512,91.38549192451715,0.9999415835116806,0.0,2.0366985667806548,9.464514614808452,1.2552897184530003e-05,2.800129192167556e-05,1.931123580805211e-05,0.9999526874722703,nan,nan
20000,0.5,static_hour,0.8274299690102943,0.9244687637279322,3.1354849143039774,0.7747810105859366,9.755447544052208,18.007344238033017,86.69392948226711,0.5152194263307734,0.21198426327394002,4.963979099270395,8.459940419714794,1.6908600559674678e-05,0.24246125562620785,0.015176700221548153,0.7423620441522439,172.59384962675398,0.49769977510931784
20000,0.5,static_hour_self,0.8973883001912295,0.9339502458718304,3.943595085869824,0.9794235137469446,10.051387845078711,16.20057314587756,81.7578023843834,0.9052325241764603,0.025761671348836716,0.14276025035498885,10.442996886718912,1.3328131944405285e-05,0.04738011705505585,0.010829741041155623,0.9417901419037885,nan,nan
20000,0.5,broadcast,0.9043654496886787,0.9348310599254077,4.017830984201961,1.004127334909452,9.279881108047942,15.06214626030996,84.91762294033451,0.9325333010191987,0.032655299751416116,0.013209621016716556,9.994473606269162,1.2997978814294376e-05,0.03373624617577183,0.0005518185632150891,0.9657119352610131,nan,nan
20000,0.5,oracle,0.9017907791745702,0.9345619591941214,3.9955248171105273,0.9925334854415007,10.073664136393614,16.094976133480667,82.17931281812164,0.9302743692105518,0.01362262851989516,0.0010932432497663207,10.46505663143902,1.3150540815991058e-05,0.03486160844248607,0.010629869750542283,0.9545085218069717,nan,nan
20000,0.5,piggyback,0.8689216074865799,0.9301385601729264,3.618348254964315,0.89304202752527,10.362647644734528,18.19274204180404,92.49847331893933,0.7541698992870774,0.08426023242037857,1.7778777667541992,8.630454641896272,0.0,0.12295463838986778,0.019324270892222543,0.8577210907179097,185.07699215620215,0.5002162492414398
20000,0.6,recserve,0.7383974474408509,0.9143655724615917,2.1007391317571824,0.3826239614779468,32.39676560873148,74.06616708548432,146.66777887944727,0.0,0.0,nan,3.837799626575237,0.0,0.4002789508012473,0.24008018025107503,0.35964086894767766,146.66777887944727,0.0
20000,0.6,recserve_no_onu,0.7819606987384452,0.9186648113087065,2.516881306868572,0.629220326717143,8.400079925170726,17.153257882694255,100.43122132040386,0.0,0.5997210491987527,nan,5.898591634564634,0.0,0.4002789508012473,0.0,0.5997210491987527,159.01152008197408,0.36840285993977506
20000,0.6,static_day,0.9147442733737163,0.9362342930603234,4.135905285147294,1.0339693168602055,9.316708379448563,14.89325834531337,91.49992322021382,0.9870720931882995,0.0077298049130680585,15.323744147394736,9.417558322819596,1.261775152638396e-05,0.005174928415662764,1.2069522380032569e-05,0.9948130020619572,nan,nan
20000,0.6,static_day_self,0.9164682839504802,0.9364624005102453,4.157055589806178,1.0392568930249266,9.332916100638501,14.85776105141267,91.38806529435706,0.9999551013767463,0.0,2.036598264762425,9.464252245630517,1.2552727490424924e-05,2.1725140284058624e-05,1.2069522380032569e-05,0.9999662053373359,nan,nan
20000,0.6,static_hour,0.8796596201576473,0.9316335828885925,3.7115136069381403,0.9255037316549295,9.557184855480436,16.091849067160236,88.40902657687136,0.732387790857385,0.15052046194407176,7.440043732436051,9.255267751880087,1.4121324993061541e-05,0.10711025219025623,0.003999839716742793,0.888889908093001,nan,nan
20000,0.6,static_hour_self,0.9088828305250773,0.9354903021352968,4.067111217752047,1.0139734755348369,9.778778513272396,15.534552400372919,85.34091961971681,0.9500896282731941,0.018116353092428886,0.18671340910689818,10.122798327674317,1.2870586255203924e-05,0.01998906018491474,0.004740425609981592,0.9752705142051037,nan,nan
20000,0.6,broadcast,0.9084150158376273,0.9354410329386881,4.06238045355334,1.012524271085335,9.823800079247354,15.600539796147494,85.33678715821553,0.9477568309875815,0.018313810478566218,0.015125066940449855,10.126306050965272,1.2889338583590584e-05,0.020946414700098923,0.005201964145794037,0.9738516211541071,nan,nan
20000,0.6,oracle,0.9092584340615439,0.9355230019540907,4.070156437424596,1.0170907116335228,9.379242089966091,15.088602414727209,86.71735868989121,0.9477925567738263,0.029423564438938597,0.000725129790675744,9.884776652085186,1.2830439329046979e-05,0.020921792874443654,0.0007560348818852401,0.9783221722436711,nan,nan
20000,0.6,piggyback,0.8929655444102904,0.9334272499872647,3.8757515744691946,0.962572005563567,10.240293646894996,16.943590052612112,92.26488283670727,0.8397413646188228,0.0693355438261255,1.6020340358522458,9.11731233027859,1.0437160466123587e-06,0.06412585518600823,0.01075491000239942,0.9251192348115923,nan,nan
20000,0.7,recserve,0.788154777623878,0.9211775146771741,2.56504867734932,0.5158305805971324,37.863626452813435,77.81970441725147,160.76662569214787,0.0,0.0,nan,4.92157723096051,0.0,0.30049731260014684,0.21021728519750324,0.4892854022023499,160.76662569214787,0.0
20000,0.7,recserve_no_onu,0.8245834928521875,0.9243925970802678,2.9274228702000116,0.7318557175500029,9.34460166618341,17.596766939992,102.56139726222933,0.0,0.6995026873998531,nan,6.762297294932322,0.0,0.30049731260014684,0.0,0.6995026873998531,171.73666956580357,0.40279849654979283
20000,0.7,static_day,0.916465387265109,0.9364620450213075,4.156998374476726,1.0392428494114658,9.333092048872901,14.858249916508793,91.38996395344854,0.9998773736526189,6.372707816657196e-05,15.32537098423974,9.464082529147369,1.2552885063370343e-05,3.57257862448964e-05,1.062117969442866e-05,0.9999536530340607,nan,nan
20000,0.7,static_day_self,0.9164716634167466,0.936462911685443,4.157093090294994,1.039266528366033,9.333015599298212,14.857777574751525,91.38912610066743,0.9999633086519647,0.0,2.036639564281133,9.46422237683575,1.2552606283158797e-05,1.3517865065636477e-05,1.062117969442866e-05,0.9999758609552399,nan,nan
20000,0.7,static_hour,0.9022006601545961,0.9345851165177135,3.9656638145580647,0.991315566352682,9.396557639428318,15.446579538253328,89.63539323881223,0.8443157136008551,0.10839589771417729,9.22474637885574,9.471901144416167,1.3170105077176816e-05,0.04674477739697094,0.00016462828526364425,0.9530905943177654,nan,nan
20000,0.7,static_hour_self,0.9125452063960744,0.9359453497892237,4.104381439391927,1.0260805650274485,9.350222721518033,15.021932135894895,88.48172275279141,0.9570503632202065,0.029964761822459256,0.19962207682467956,9.732100427394766,1.2716859131438522e-05,0.01291535450842525,2.462182565526644e-05,0.9870600236659195,nan,nan
20000,0.7,broadcast,0.912851289483632,0.935992150073207,4.109006000483747,1.0270840762928992,9.384105024905121,15.039094254043654,88.4722010544566,0.9611926233010337,0.026189898002880272,0.016102681603449638,9.743820548732591,1.2704207926839399e-05,0.011676538731338709,0.00028049570011195687,0.9880429655685493,nan,nan
20000,0.7,oracle,0.9127846657200943,0.9359818874048682,4.108026483428787,1.0269045585620467,9.369110292883306,15.027238376997408,88.46697977551862,0.9602898230270073,0.02718249552341415,0.0005810223430947606,9.740555766355516,1.2706461675601101e-05,0.011956551650555463,0.00017573224585327419,0.9878677161035913,nan,nan
20000,0.7,piggyback,0.9062256044778894,0.9351617625514752,4.023413767849013,1.002671396149243,10.052476489251085,16.103849676996465,92.2338466703711,0.898598149114604,0.053217903639830005,1.4655311759300036,9.343413703593036,4.005647963628717e-06,0.03047409566689663,0.005325556054965571,0.9642003482781378,nan,nan
20000,0.8,recserve,0.8307877101364194,0.9274190948332451,3.053795025715324,0.6655065018517062,43.57432067380153,81.25974152945598,173.60499062470345,0.0,0.0,nan,6.187191525174944,0.0,0.20061332484926372,0.1603561571220079,0.6390305180287283,173.60499062470345,0.0
20000,0.8,recserve_no_onu,0.854414524366676,0.9293800163447753,3.338075519484313,0.8345188798710782,10.309536365996317,18.019424272338696,104.26912312853787,0.0,0.7993866751507362,nan,7.643123311211663,0.0,0.20061332484926372,0.0,0.7993866751507362,180.71275741143074,0.42301183036487455
20000,0.8,static_day,0.9164740773212227,0.9364632226940719,4.157117468799078,1.0392753898093643,9.33294561786385,14.857722559198734,91.39103025837645,0.9999628258710695,6.7589325328182385e-06,15.325257800996193,9.464069965485152,1.2552509319031197e-05,1.0138398799227357e-05,6.2761516376169355e-06,0.9999835854495631,nan,nan
20000,0.8,static_day_self,0.9164740773212227,0.9364632337702734,4.157119473305355,1.0392758909359336,9.332928661553488,14.857722559198734,91.39091465315941,0.9999700675844975,0.0,2.0368157047446873,9.464075212698473,1.2552503258822962e-05,9.655617904026055e-06,6.2761516376169355e-06,0.9999840682304584,nan,nan
20000,0.8,static_hour,0.9129212927134362,0.9360618056297993,4.1103623792021855,1.027581329510996,9.403384994623893,15.1028841421357,89.9827180592962,0.942985507400307,0.04548809872676195,10.530462481312314,9.603085963466018,1.2698015788517477e-05,0.011459770109393324,1.544898864644169e-05,0.9885247809019603,nan,nan
20000,0.8,static_hour_self,0.9151541543537423,0.9363142095366068,4.139852279667248,1.034958332146497,9.359677708662977,14.948171137459575,90.00193499383968,0.9787769518469507,0.016936436584556902,0.21196763771917074,9.608129549825819,1.260602393399098e-05,0.004253782467618678,7.724494323220845e-06,0.9957384930380581,nan,nan
20000,0.8,broadcast,0.914980836012365,0.9362966821617954,4.137738595387608,1.034416601290087,9.366841458670205,14.964805272687226,89.91873502948235,0.9763099414724721,0.018801419182719534,0.016737886101703046,9.617356578229515,1.2612628345620944e-05,0.004752495132361624,3.0415196397682073e-05,0.9952170896712407,nan,nan
20000,0.8,oracle,0.9149624903383473,0.9362936711226034,4.137533968705176,1.0343686080412953,9.365886795504576,14.964346335455772,89.89913110174359,0.9760704821484523,0.019016739461979314,0.00029460947496602586,9.619141205255131,1.2613240215278903e-05,0.004807532154414573,2.3656263864863836e-05,0.9951688115817205,nan,nan
20000,0.8,piggyback,0.912757629989963,0.9360552302110637,4.108756084125536,1.025404628323886,9.98369009811736,15.737699955701817,92.41384595921689,0.9471065251217453,0.027832801389250303,1.3781966764119309,9.441084793416886,5.872757891151369e-06,0.010612006857419835,0.0029058582082166413,0.9864821349343635,nan,nan
20000,0.9,recserve,0.8714890362872604,0.9329602645669004,3.5946944088661743,0.8416658354788921,49.61315176666028,84.60020282764737,185.84936396134356,0.0,0.0,nan,7.710095269265437,0.0,0.10070037024466853,0.09054121186694751,0.808758417888384,185.84936396134356,0.0
20000,0.9,recserve_no_onu,0.885937702918845,0.9336843865663943,3.7447318166610586,0.9361829541652646,11.298116819193162,18.388033834970177,105.74607421147185,0.0,0.8992996297553315,nan,8.53813850714357,0.0,0.10070037024466853,0.0,0.8992996297553315,nan,nan
20000,0.9,static_day,0.9164755256639082,0.9364634429646731,4.157140425030644,1.039282254953694,9.332910462005236,14.857750648725778,91.39092423112957,0.9999705503653927,4.345028056811724e-06,15.325189267554894,9.464115616694105,1.2552430536780553e-05,5.31058984721433e-06,4.827808952013027e-06,0.9999898616012007,nan,nan
20000,0.9,static_day_self,0.9164755256639082,0.9364634429646731,4.157140425030644,1.039282254953694,9.332897403068385,14.857743036933241,91.39085722376376,0.9999748953934495,0.0,2.036732604251301,9.464115516167443,1.2552430536780553e-05,5.31058984721433e-06,4.827808952013027e-06,0.9999898616012007,nan,nan
20000,0.9,static_hour,0.9164673183886898,0.936462863449883,4.157056284045105,1.0392594855583335,9.33411374419417,14.859693757258356,91.38679614748585,0.9997296426986872,0.00021338915567897581,10.771023050787411,9.464881762225044,1.2552721430006025e-05,2.6070168340870346e-05,7.241713428019541e-06,0.9999666881182311,nan,nan
20000,0.9,static_hour_self,0.9164740773212227,0.9364633255427662,4.157123424384201,1.039275962387506,9.333900845455448,14.858892810530957,91.38979949577397,0.9999179272478158,3.52430053496951e-05,0.2137751466565452,9.464452768448565,1.2552515379245285e-05,8.690056113623449e-06,8.207275218422147e-06,0.999983102668668,nan,nan
20000,0.9,broadcast,0.9164716634167466,0.9364631299212248,4.1570915106359045,1.0392679318100952,9.334019599141719,14.859224894829094,91.39051000087443,0.9998175088216139,0.00013035084170435175,0.016867023142445852,9.46444734919731,1.255261234346651e-05,1.6897331332045595e-05,7.724494323220845e-06,0.9999753781743448,nan,nan
20000,0.9,oracle,0.9164716634167466,0.9364631299212248,4.1570915106359045,1.0392679318100952,9.333978799164516,14.859208802506327,91.3903274642254,0.9998179916025091,0.00012938527991394912,5.663685683092237e-06,9.464458104501677,1.255261234346651e-05,1.6897331332045595e-05,7.724494323220845e-06,0.9999753781743448,nan,nan
20000,0.9,piggyback,0.9157378364560407,0.9364063375870648,4.147916588013612,1.0361707219457228,9.90645295569386,15.486953846551478,92.71368274673462,0.9828743133045242,0.002677985625681626,1.3249001519359878,9.441929868074252,1.210589266431328e-05,0.0017201483296022417,0.0012841971812354654,0.9969956544891623,nan,nan
