subscribers,beta,policy,accuracy,mean_confidence,comm_MB_per_1k_queries,pon_MB_per_1k_queries,latency_s_mean,latency_s_p95,J_per_query,forwarded_on_arrival,skipped_on_escalation,olt_rate_error,mean_olt_batch,olt_queued,final_user,final_onu,final_olt,J_recserve_same_accuracy,saving_same_accuracy
1000,0.1,recserve,0.5049635050498269,0.8758883929321571,0.255212111911453,0.011082868953875372,7.47642380411378,44.279093508070225,32.52263830407981,0.0,0.0,nan,1.0048940438322198,0.0,0.8996844457659144,0.09048445727549131,0.009831096958594297,32.52263830407981,0.0
1000,0.1,recserve_no_onu,0.5349843182014368,0.8793986834256025,0.4345723904432146,0.10864309761080365,3.8891876037356012,11.242938394120886,94.86786265743123,0.0,0.10031555423408561,nan,1.0368012787231284,0.0,0.8996844457659144,0.0,0.10031555423408561,53.20610930456391,-0.7830257445509865
1000,0.1,static_day,0.5049635050498269,0.8758883929321571,0.255212111911453,0.011082868953875372,7.47642380411378,44.279093508070225,32.52263830407981,0.0,0.0,0.1325337373875558,1.0048940438322198,0.0,0.8996844457659144,0.09048445727549131,0.009831096958594297,32.52263830407981,0.0
1000,0.1,static_day_self,0.5049635050498269,0.8758883929321571,0.255212111911453,0.011082868953875372,7.47642380411378,44.279093508070225,32.52263830407981,0.0,0.0,0.009682792488095435,1.0048940438322198,0.0,0.8996844457659144,0.09048445727549131,0.009831096958594297,32.52263830407981,0.0
1000,0.1,static_hour,0.5049635050498269,0.8758883929321571,0.255212111911453,0.011082868953875372,7.47642380411378,44.279093508070225,32.52263830407981,0.0,0.0,0.13558644251442772,1.0048940438322198,0.0,0.8996844457659144,0.09048445727549131,0.009831096958594297,32.52263830407981,0.0
1000,0.1,static_hour_self,0.5049635050498269,0.8758883929321571,0.255212111911453,0.011082868953875372,7.47642380411378,44.279093508070225,32.52263830407981,0.0,0.0,0.00962471624724403,1.0048940438322198,0.0,0.8996844457659144,0.09048445727549131,0.009831096958594297,32.52263830407981,0.0
1000,0.1,broadcast,0.5049635050498269,0.8758883929321571,0.255212111911453,0.011082868953875372,7.47642380411378,44.279093508070225,32.522638304079834,0.0,0.0,0.0016800147850352957,1.00489404383222,0.0,0.8996844457659144,0.09048445727549131,0.009831096958594297,32.52263830407981,-6.661338147750939e-16
1000,0.1,oracle,0.5049635050498269,0.8758883929321571,0.255212111911453,0.011082868953875372,7.47642380411378,44.279093508070225,32.52263830407981,0.0,0.0,0.0013290010828483567,1.0048940438322198,0.0,0.8996844457659144,0.09048445727549131,0.009831096958594297,32.52263830407981,0.0
1000,0.1,piggyback,0.5049635050498269,0.8758883929321571,0.255212111911453,0.011082868953875372,7.47642380411378,44.279093508070225,32.52263830407981,0.0,0.0,0.03107096083216468,1.0048940438322198,0.0,0.8996844457659144,0.09048445727549131,0.009831096958594297,32.52263830407981,0.0
1000,0.2,recserve,0.5518554397137951,0.8839046253636683,0.5529476218336674,0.043163109887685715,12.243652629773194,57.35080478593375,64.82982351857397,0.0,0.0,nan,1.0173383223876056,0.0,0.7994935786152061,0.16067369390280162,0.039832727481992306,64.82982351857397,0.0
1000,0.2,recserve_no_onu,0.5986994178072338,0.8891435867166604,0.858459980241893,0.21461499506047324,4.765425961140156,13.965613505634828,167.51397223237518,0.0,0.20050642138479394,nan,1.0723228000155807,0.0,0.7994935786152061,0.0,0.20050642138479394,118.49721013376914,-0.41365330072557827
1000,0.2,static_day,0.5518554397137951,0.8839046253636683,0.5529476218336674,0.043163109887685715,12.243652629773194,57.35080478593375,64.82982351857397,0.0,0.0,0.11276345961206925,1.0173383223876056,0.0,0.7994935786152061,0.16067369390280162,0.039832727481992306,64.82982351857397,0.0
1000,0.2,static_day_self,0.5518554397137951,0.8839046253636683,0.5529476218336674,0.043163109887685715,12.243652629773194,57.35080478593375,64.82982351857397,0.0,0.0,0.026755604631985713,1.0173383223876056,0.0,0.7994935786152061,0.16067369390280162,0.039832727481992306,64.82982351857397,0.0
1000,0.2,static_hour,0.5518554397137951,0.8839046253636683,0.5529476218336674,0.043163109887685715,12.243652629773194,57.35080478593375,64.82982351857397,0.0,0.0,0.11370501046361271,1.0173383223876056,0.0,0.7994935786152061,0.16067369390280162,0.039832727481992306,64.82982351857397,0.0
1000,0.2,static_hour_self,0.5518554397137951,0.8839046253636683,0.5529476218336674,0.043163109887685715,12.243652629773194,57.35080478593375,64.82982351857397,0.0,0.0,0.025972991291501112,1.0173383223876056,0.0,0.7994935786152061,0.16067369390280162,0.039832727481992306,64.82982351857397,0.0
1000,0.2,broadcast,0.5518554397137951,0.8839046253636683,0.5529476218336674,0.043163109887685715,12.243652629773194,57.35080478593375,64.82982351857405,0.0,0.0,0.007525483371725638,1.0173383223876056,0.0,0.7994935786152061,0.16067369390280162,0.039832727481992306,64.82982351857397,-1.1102230246251565e-15
1000,0.2,oracle,0.5518554397137951,0.8839046253636683,0.5529476218336674,0.043163109887685715,12.243652629773194,57.35080478593375,64.82982351857397,0.0,0.0,0.006800131675408151,1.0173383223876056,0.0,0.7994935786152061,0.16067369390280162,0.039832727481992306,64.82982351857397,0.0
1000,0.2,piggyback,0.5518554397137951,0.8839046253636683,0.5529476218336674,0.043163109887685715,12.243652629773194,57.35080478593375,64.82982351857397,0.0,0.0,0.04146443471869983,1.0173383223876056,0.0,0.7994935786152061,0.16067369390280162,0.039832727481992306,64.82982351857397,0.0
1000,0.3,recserve,0.5950067618764447,0.8915095595817114,0.8982034509548154,0.10113997563806217,16.916918564395615,63.29834969536961,113.64133121906947,0.0,0.0,nan,1.0343858576410543,0.0,0.6999069642531723,0.21040465754212984,0.08968837820469783,113.64133121906947,0.0
1000,0.3,recserve_no_onu,0.64876607744027,0.8976235476122767,1.280208783725458,0.3200521959313645,5.613390062562003,14.958754802931118,232.80656173777595,0.0,0.30009303574682766,nan,1.1098075982838103,0.0,0.6999069642531723,0.0,0.30009303574682766,185.11230880410446,-0.25765035962111016
1000,0.3,static_day,0.5950067618764447,0.8915095595817114,0.8982034509548154,0.10113997563806217,16.916918564395615,63.29834969536961,113.64133121906947,0.0,0.0,0.08683484653044173,1.0343858576410543,0.0,0.6999069642531723,0.21040465754212984,0.08968837820469783,113.64133121906947,0.0
1000,0.3,static_day_self,0.5950067618764447,0.8915095595817114,0.8982034509548154,0.10113997563806217,16.916918564395615,63.29834969536961,113.64133121906947,0.0,0.0,0.0497745217144835,1.0343858576410543,0.0,0.6999069642531723,0.21040465754212984,0.08968837820469783,113.64133121906947,0.0
1000,0.3,static_hour,0.5950067618764447,0.8915095595817114,0.8982034509548154,0.10113997563806217,16.916918564395615,63.29834969536961,113.64133121906947,0.0,0.0,0.08438428903049473,1.0343858576410543,0.0,0.6999069642531723,0.21040465754212984,0.08968837820469783,113.64133121906947,0.0
1000,0.3,static_hour_self,0.5950067618764447,0.8915095595817114,0.8982034509548154,0.10113997563806217,16.916918564395615,63.29834969536961,113.64133121906947,0.0,0.0,0.04318240947748804,1.0343858576410543,0.0,0.6999069642531723,0.21040465754212984,0.08968837820469783,113.64133121906947,0.0
1000,0.3,broadcast,0.5950067618764447,0.8915095595817114,0.8982034509548154,0.10113997563806217,16.91691856439561,63.29834969536961,113.64133121906995,0.0,0.0,0.015929521614651755,1.0343858576410545,0.0,0.6999069642531723,0.21040465754212984,0.08968837820469783,113.64133121906947,-4.218847493575595e-15
1000,0.3,oracle,0.5950067618764447,0.8915095595817114,0.8982034509548154,0.10113997563806217,16.916918564395615,63.29834969536961,113.64133121906947,0.0,0.0,0.014628672095947634,1.0343858576410543,0.0,0.6999069642531723,0.21040465754212984,0.08968837820469783,113.64133121906947,0.0
1000,0.3,piggyback,0.5950067618764447,0.8915095595817114,0.8982034509548154,0.10113997563806217,16.916918564395615,63.29834969536961,113.64133121906947,0.0,0.0,0.06052508370486153,1.0343858576410543,0.0,0.6999069642531723,0.21040465754212984,0.08968837820469783,113.64133121906947,0.0
1000,0.4,recserve,0.6402681731424023,0.8994791041103654,1.2734935977978343,0.17441556286626833,22.079654079744696,67.59357533427573,173.16053277353168,0.0,0.0,nan,1.06307699137383,0.0,0.5999558799551127,0.24062688828996462,0.15941723175492276,173.16053277353168,0.0
1000,0.4,recserve_no_onu,0.6951208985143055,0.9054187744708617,1.6990067618764446,0.42475169046911115,6.472101766974767,15.863677674429908,294.5265974694114,0.0,0.4000441200448874,nan,1.1480196085772123,0.0,0.5999558799551127,0.0,0.4000441200448874,250.92914115346642,-0.17374409411173608
1000,0.4,static_day,0.6402681731424023,0.8994791041103654,1.2734935977978343,0.17441556286626833,22.079654079744696,67.59357533427573,173.16053277353168,0.0,0.0,0.08316710448611525,1.06307699137383,0.0,0.5999558799551127,0.24062688828996462,0.15941723175492276,173.16053277353168,0.0
1000,0.4,static_day_self,0.6402681731424023,0.8994791041103654,1.2734935977978343,0.17441556286626833,22.079654079744696,67.59357533427573,173.16053277353168,0.0,0.0,0.07877390602693052,1.06307699137383,0.0,0.5999558799551127,0.24062688828996462,0.15941723175492276,173.16053277353168,0.0
1000,0.4,static_hour,0.6402681731424023,0.8994791041103654,1.2734935977978343,0.17441556286626833,22.079654079744696,67.59357533427573,173.16053277353168,0.0,0.0,0.06801310766829453,1.06307699137383,0.0,0.5999558799551127,0.24062688828996462,0.15941723175492276,173.16053277353168,0.0
1000,0.4,static_hour_self,0.6402681731424023,0.8994791041103654,1.2734935977978343,0.17441556286626833,22.079654079744696,67.59357533427573,173.16053277353168,0.0,0.0,0.06333375042738768,1.06307699137383,0.0,0.5999558799551127,0.24062688828996462,0.15941723175492276,173.16053277353168,0.0
1000,0.4,broadcast,0.6402681731424023,0.8994791041103654,1.2734935977978343,0.17441556286626833,22.07965407974471,67.59357533427573,173.1605327735324,0.0,0.0,0.024359087393216697,1.063076991373831,0.0,0.5999558799551127,0.24062688828996462,0.15941723175492276,173.16053277353168,-3.9968028886505635e-15
1000,0.4,oracle,0.6402681731424023,0.8994791041103654,1.2734935977978343,0.17441556286626833,22.079654079744696,67.59357533427573,173.16053277353168,0.0,0.0,0.02265427975222164,1.06307699137383,0.0,0.5999558799551127,0.24062688828996462,0.15941723175492276,173.16053277353168,0.0
1000,0.4,piggyback,0.6402681731424023,0.8994791041103654,1.2734935977978343,0.17441556286626833,22.079654079744696,67.59357533427573,173.16053277353168,0.0,0.0,0.08512404595373413,1.06307699137383,0.0,0.5999558799551127,0.24062688828996462,0.15941723175492276,173.16053277353168,0.0
1000,0.5,recserve,0.688848179089017,0.907032955769228,1.6650098886448432,0.2657723405683812,27.167986394998845,71.68491654061671,241.48530206794652,0.0,0.0,nan,1.093464881901162,0.0,0.5002253958814897,0.25062103758835996,0.2491535665301503,241.48530206794652,0.0
1000,0.5,recserve_no_onu,0.7422238420886046,0.9124046312932117,2.1070071838942654,0.5267517959735664,7.3215033118287325,16.25016360592258,351.8394404313274,0.0,0.49977460411851027,nan,1.185235868118717,0.0,0.5002253958814897,0.0,0.49977460411851027,322.0114831522996,-0.09263010432742935
1000,0.5,static_day,0.688848179089017,0.907032955769228,1.6650098886448432,0.2657723405683812,27.167986394998845,71.68491654061671,241.48530206794652,0.0,0.0,0.11483543429292942,1.093464881901162,0.0,0.5002253958814897,0.25062103758835996,0.2491535665301503,241.48530206794652,0.0
1000,0.5,static_day_self,0.688848179089017,0.907032955769228,1.6650098886448432,0.2657723405683812,27.167986394998845,71.68491654061671,241.48530206794652,0.0,0.0,0.11483543429292942,1.093464881901162,0.0,0.5002253958814897,0.25062103758835996,0.2491535665301503,241.48530206794652,0.0
1000,0.5,static_hour,0.688848179089017,0.907032955769228,1.6650098886448432,0.2657723405683812,27.167986394998845,71.68491654061671,241.48530206794652,0.0,0.0,0.08854581090935,1.093464881901162,0.0,0.5002253958814897,0.25062103758835996,0.2491535665301503,241.48530206794652,0.0
1000,0.5,static_hour_self,0.688848179089017,0.907032955769228,1.6650098886448432,0.2657723405683812,27.167986394998845,71.68491654061671,241.48530206794652,0.0,0.0,0.08854581090935,1.093464881901162,0.0,0.5002253958814897,0.25062103758835996,0.2491535665301503,241.48530206794652,0.0
1000,0.5,broadcast,0.688848179089017,0.9070331390846993,1.6650226834578605,0.26577994648046727,27.166696303073078,71.68491654061671,241.47622932238738,0.0,3.836525642378262e-05,0.032234818247712134,1.0935367664566107,0.0,0.5002253958814897,0.250611446274254,0.24916315784425624,241.48530206794652,3.7570591176483425e-05
1000,0.5,oracle,0.688848179089017,0.9070331390846993,1.6650226834578605,0.26577994648046727,27.167101968424532,71.68491654061671,241.4838023860185,0.0,2.8773942317836968e-05,0.030135814995995453,1.09349500485148,0.0,0.5002253958814897,0.250611446274254,0.24916315784425624,241.48530206794652,6.2102410174347256e-06
1000,0.5,piggyback,0.688848179089017,0.907032955769228,1.6650098886448432,0.2657723405683812,27.167986394998845,71.68491654061671,241.48530206794652,0.0,0.0,0.11357965790063976,1.093464881901162,0.0,0.5002253958814897,0.25062103758835996,0.2491535665301503,241.48530206794652,0.0
1000,0.6,recserve,0.7414085803895992,0.9143715134523648,2.09911880760783,0.38232850250812866,32.31110942163681,73.89275563543552,320.6171647417213,0.0,0.0,nan,1.136098097899682,0.0,0.4010416167119057,0.23966775687937003,0.3592906264087243,320.6171647417213,0.0
1000,0.6,recserve_no_onu,0.7840707455328455,0.9186908958775243,2.516599879149442,0.6291499697873605,8.170021174960675,16.60852346846712,405.87366335457216,0.0,0.5989583832880943,nan,1.221635116110237,0.0,0.4010416167119057,0.0,0.5989583832880943,393.58102697998424,-0.03123279714195437
1000,0.6,static_day,0.7414085803895992,0.9143718894786962,2.099161910973422,0.3823510900528481,32.30576049272949,73.89275563543552,320.61888776524296,0.0,0.00012468708337729352,0.19009997729961725,1.1361107168830704,0.0,0.4010416167119057,0.23964857425115815,0.35930980903693616,320.6171647417213,-5.374083833054044e-06
1000,0.6,static_day_self,0.7414085803895992,0.9143722746472155,2.0991738425681703,0.3823582643557994,32.30484550816029,73.89275563543552,320.61815929732387,0.0,0.00014386971158918482,0.16425823822005484,1.1361276683024182,0.0,0.4010416167119057,0.23963898293705221,0.3593194003510421,320.6171647417213,-3.1020036104223436e-06
1000,0.6,static_hour,0.761742166294204,0.9164336482868131,2.297623080538265,0.4997566204045616,20.838606828357907,65.99944004756527,363.09609493018417,0.0,0.28443041981181844,0.2795812507218985,1.179251747471654,0.0,0.4010416167119057,0.12593395421106646,0.47302442907702785,355.39310627614515,-0.021674558448113723
1000,0.6,static_hour_self,0.7431733821850932,0.9145568881013683,2.115983004191404,0.392203239945905,31.35592717912148,73.55670562533065,322.9939616534981,0.0,0.023834415553274955,0.13157983163024262,1.1460009106383902,0.0,0.4010416167119057,0.22998052963236493,0.3689778536557294,323.63545400697313,0.0019821448655659157
1000,0.6,broadcast,0.7466262552632336,0.9149107972238741,2.1500133894744917,0.41229157594882077,29.36123307293194,73.0367153749001,326.9042851897091,0.00026855679496647837,0.07308581348730589,0.03664730200536262,1.1693505378824438,0.0,0.40094570357084625,0.2103087444010704,0.38874555202808336,329.54080256942234,0.008000579470452074
1000,0.6,oracle,0.7700194703676351,0.9172656268216483,2.3782674058372737,0.5472742348529172,16.167095286916606,60.411960851627946,375.2160371543539,0.00026855679496647837,0.4004757291796549,0.015393734379268616,1.2095715852384419,0.0,0.40094570357084625,0.07955035919471327,0.5195039372344404,369.5495390800167,-0.0153335276467772
1000,0.6,piggyback,0.741437354331917,0.914375746685853,2.099571536816259,0.3825984020870699,32.27466744868869,73.89275563496986,320.6758762216121,0.0,0.0008728095836410546,0.15102558115289286,1.1363359153742523,0.0,0.4010416167119057,0.23937042614208573,0.35958795714600855,320.6663759797417,-2.9626560756002007e-05
1000,0.7,recserve,0.7906983435800539,0.9211807173852418,2.564252577665666,0.5158483996892415,37.697584767785344,76.84537388051899,404.91601547068547,0.0,0.0,nan,1.185589395272734,0.0,0.3010425758433163,0.20994427446504446,0.4890131496916392,404.91601547068547,0.0
1000,0.7,recserve_no_onu,0.8264835365093371,0.9244173541528303,2.9266256414191307,0.7316564103547827,9.028229776132605,16.86006581429224,456.92124711653116,0.0,0.6989574241566837,nan,1.2596493777173814,0.0,0.3010425758433163,0.0,0.6989574241566837,479.191946452978,0.04647552927651766
1000,0.7,static_day,0.8253421701307296,0.9243273665483461,2.91661267396246,0.7256538782478588,9.830289026005719,18.026806148497904,456.07391361511753,0.0,0.6795541957203557,0.5855509305733466,1.256407796539354,0.0,0.3010425758433163,0.005841110290520904,0.6931163138661628,476.8229205117042,0.04351512061190299
1000,0.7,static_day_self,0.8264547625670193,0.924409717310124,2.926060751383547,0.731328358638417,9.067407923554141,16.92837573864671,456.73706613748345,0.0,0.6979599274896654,0.36844038437988624,1.2598585818903885,0.0,0.3010425758433163,0.00030692205139026097,0.6986505021052934,479.13222310992074,0.04674107875082212
1000,0.7,static_hour,0.8255435877269545,0.9243340523459345,2.9175572649408696,0.7261449247561409,9.759196622337447,17.873778402228147,455.77940539368535,0.0,0.6812134930606842,0.5512239042833363,1.2577445895649286,0.0,0.3010425758433163,0.005380727213435512,0.6935766969432482,477.2409839131054,0.04497010785504485
1000,0.7,static_hour_self,0.825639500868014,0.9243464446463541,2.9189809420588717,0.7270823414315994,9.617614226923303,17.729890191737187,455.64853684175495,0.0,0.684599226940083,0.25327991331476446,1.2589187461565234,0.0,0.3010425758433163,0.004412004488735002,0.6945454196679487,477.4400617232966,0.04564243059722761
1000,0.7,broadcast,0.8262629362849004,0.9244037006017369,2.9247800423936083,0.7297856724949885,9.331907335204676,17.352371967786212,456.3138412198126,0.0015250189428453592,0.6905362503716634,0.0210090845250642,1.2599784978789277,0.0,0.30055341882391307,0.00234028064185074,0.6971063005342362,478.73406748953863,0.04683231838355839
1000,0.7,oracle,0.8260423360604636,0.924390552613461,2.9234497846749985,0.7289358916565158,9.472832377900602,17.605831092094572,456.05004504145995,0.0018031670519177833,0.6868915510114041,0.010676122843735682,1.2601082529659824,0.0,0.3004766883110655,0.0032706381101274685,0.696252673578807,478.276188526099,0.046471356964546406
1000,0.7,piggyback,0.820843843815041,0.9239312167110898,2.872755124159561,0.6995887724077076,13.298360179164144,51.08754313598376,449.0079041331538,9.591314105945655e-06,0.5955055102099539,0.2666623390097338,1.2519886669641758,0.0,0.3010425758433163,0.031056675075052033,0.6679007490816317,467.48617121374235,0.039526874201675666
1000,0.8,recserve,0.8328425777615791,0.9274521614973017,3.0534666845704526,0.6652016669703915,43.326242885748904,80.78748000537699,492.3908052686467,0.0,0.0,nan,1.2429193473347253,0.0,0.2006502910963831,0.1605873720758481,0.6387623368277687,492.3908052686467,0.0
1000,0.8,recserve_no_onu,0.8562933407506162,0.9294464373027997,3.338133722101265,0.8345334305253163,9.89381198825127,17.23549507253545,505.4481426059681,0.0,0.7993497089036169,nan,1.2978217230034124,0.0,0.2006502910963831,0.0,0.7993497089036169,547.1842960013,0.07627439913815215
1000,0.8,static_day,0.8718216782881423,0.9313115493567156,3.552622418737591,0.8880419140426429,9.602227409983424,16.639924069391533,524.2582003515876,0.26437498201628606,0.5871994321942049,0.9741302149025365,1.3231202573777516,0.0,0.14756236751997392,0.0001918262821189131,0.8522458061979071,583.4667751408361,0.10147720026552831
1000,0.8,static_day_self,0.8794084077459453,0.9321467531918892,3.6481919605605166,0.9119342994983742,9.454398807467681,16.349777164423585,533.7173300867229,0.38160002301915386,0.49342515418037425,0.5896129445131658,1.3307846025155827,0.0,0.12414996978736056,0.0001918262821189131,0.8756582039305205,nan,nan
1000,0.8,static_hour,0.8587391258476323,0.9297531493741058,3.3739680417413984,0.8433783197935949,9.87346884379753,17.208977140056554,509.1309230094333,0.0450408110415208,0.7624998801085737,0.7281787015983179,1.3007331581883792,0.0,0.19156731663805257,0.0001918262821189131,0.8082408570798285,552.8989545439694,0.07916099528644605
1000,0.8,static_hour_self,0.8601490490212064,0.9298834781497061,3.387751680877797,0.8468242295776945,9.854921203708669,17.173660381323018,508.724070823295,0.06124054056646301,0.7495132408091233,0.3446286089195106,1.3068491756049052,0.0,0.18834463509845484,0.0001918262821189131,0.8114635386194262,556.1932871156258,0.08534661850829306
1000,0.8,broadcast,0.8704213464286742,0.9310890355027823,3.5265780109532807,0.881524712020794,9.654358226873775,16.717376508883294,518.3414236120764,0.22999012094647087,0.6146785471077393,0.023779092262038986,1.330041067029863,0.0,0.1543434265928775,0.00020141759622485878,0.8454551558108977,580.1948529948372,0.10660802842956496
1000,0.8,oracle,0.8617028419063696,0.9300755366347886,3.4091013322335297,0.852155542340856,9.824037896544144,17.13172141433347,507.9702126157726,0.08844150737092489,0.7275970880770374,0.00965485269154028,1.3165096427384877,0.0,0.18297349919912528,0.00020141759622485878,0.8168250832046499,559.8237760721453,0.0926247967176197
1000,0.8,piggyback,0.8888750347685136,0.9332717722354695,3.7763358110894774,0.9407460987329874,10.31807234700394,17.27693840785537,546.5229962662374,0.5499947247772418,0.33332693912392936,0.3577475876141822,1.341041562945786,0.0,0.09025426573694861,0.005428683783965241,0.9043170504790862,nan,nan
1000,0.9,recserve,0.8728767228397962,0.9330190319494313,3.5902539204496406,0.8404705306874094,49.16379441726034,84.17717635898552,585.931921963164,0.0,0.0,nan,1.3094709229816355,0.0,0.10090062439454829,0.09065710092939834,0.8084422746760533,585.931921963164,0.0
1000,0.9,recserve_no_onu,0.8871965547999732,0.9337450995551698,3.740814417663364,0.935203604415841,10.757878373528024,17.508230333869847,551.2288259784344,0.0,0.8990993756054517,nan,1.3357009462229983,0.0,0.10090062439454829,0.0,0.8990993756054517,nan,nan
1000,0.9,static_day,0.9175146986888674,0.9365225980270511,4.150749311823214,1.0376268691073365,8.688110150903572,13.764393381308764,580.4578081882369,0.9966046748064953,0.0022731414431091204,1.19214091833224,1.373975531580837,0.0,0.0004603830770853915,0.00010550445516540221,0.9994341124677492,nan,nan
1000,0.9,static_day_self,0.9175146986888674,0.9365223116334133,4.1507751508234145,1.0376276651864074,8.689369494597695,13.764393381308764,580.4301277959518,0.996815683716826,0.0020525412186723703,0.6250404713750103,1.374039861511744,0.0,0.0004507917629794458,0.00011509576927134787,0.9994341124677492,nan,nan
1000,0.9,static_hour,0.9175146986888674,0.936522373402319,4.150700396121272,1.037598852878833,8.694139545213035,13.768584351986647,580.4467400839187,0.9965950834923893,0.002138863045625881,1.1311888837880542,1.3739995278454977,0.0,0.0004603830770853915,0.00012468708337729352,0.9994149298395373,nan,nan
1000,0.9,static_hour_self,0.9168433067014512,0.9364599074529573,4.141762710889019,1.0353644315707695,8.735899737533673,13.876298173796386,579.4244550947897,0.9759737581646062,0.02060214269957127,0.4143963564559907,1.3741220702024097,0.0,0.0026280200650291097,0.00012468708337729352,0.9972472928515936,nan,nan
1000,0.9,broadcast,0.9175146986888674,0.9365224020801192,4.150756179204112,1.037608012583804,8.695715178137995,13.768584351986647,580.4376099396926,0.9969211881719915,0.0017648017954940006,0.022506865256441414,1.3740279334741765,0.0,0.00044120044887350015,0.00013427839748323918,0.9994245211536432,nan,nan
1000,0.9,oracle,0.9175146986888674,0.9365224020801192,4.150756179204112,1.037608012583804,8.695701672016712,13.768584351986647,580.438221935683,0.9969211881719915,0.0017648017954940006,1.773726942807816e-05,1.3740263492366211,0.0,0.00044120044887350015,0.00013427839748323918,0.9994245211536432,nan,nan
1000,0.9,piggyback,0.9145126173737064,0.9362687490161677,4.113677463289245,1.0274419965279442,9.424083935132433,14.904172112699598,578.7780511178885,0.9135055293925821,0.06393569983023374,0.3820319703623019,1.3697625144864296,0.0,0.008891148176211623,0.001563384199269142,0.9895454676245192,nan,nan
2000,0.1,recserve,0.5024914527673007,0.8757155986008597,0.25398815546665265,0.011008048942145843,7.452072992041479,44.279093508070225,32.36451703323961,0.0,0.0,nan,1.0064978814271175,0.0,0.899550346419222,0.09071272238302093,0.009736931197756976,32.36451703323961,0.0
2000,0.1,recserve_no_onu,0.5313493898920927,0.8792637731394134,0.4333724972224474,0.10834312430561185,3.8885340023936052,11.242938394120886,91.58597126736764,0.0,0.10044965358077791,nan,1.077844558873655,0.0,0.899550346419222,0.0,0.10044965358077791,51.88819709260359,-0.765063663783045
2000,0.1,static_day,0.5024914527673007,0.8757155986008597,0.25398815546665265,0.011008048942145843,7.452072992041479,44.279093508070225,32.36451703323961,0.0,0.0,0.23971532710783874,1.0064978814271175,0.0,0.899550346419222,0.09071272238302093,0.009736931197756976,32.36451703323961,0.0
2000,0.1,static_day_self,0.5024914527673007,0.8757155986008597,0.25398815546665265,0.011008048942145843,7.452072992041479,44.279093508070225,32.36451703323961,0.0,0.0,0.017056336048248855,1.0064978814271175,0.0,0.899550346419222,0.09071272238302093,0.009736931197756976,32.36451703323961,0.0
2000,0.1,static_hour,0.5024914527673007,0.8757155986008597,0.25398815546665265,0.011008048942145843,7.452072992041479,44.279093508070225,32.36451703323961,0.0,0.0,0.2433700113621962,1.0064978814271175,0.0,0.899550346419222,0.09071272238302093,0.009736931197756976,32.36451703323961,0.0
2000,0.1,static_hour_self,0.5024914527673007,0.8757155986008597,0.25398815546665265,0.011008048942145843,7.452072992041479,44.279093508070225,32.36451703323961,0.0,0.0,0.01729595195255343,1.0064978814271175,0.0,0.899550346419222,0.09071272238302093,0.009736931197756976,32.36451703323961,0.0
2000,0.1,broadcast,0.5024914527673007,0.8757155986008597,0.25398815546665265,0.011008048942145843,7.452072992041479,44.279093508070225,32.36451703323967,0.0,0.0,0.003479997877991481,1.0064978814271177,0.0,0.899550346419222,0.09071272238302093,0.009736931197756976,32.36451703323961,-1.9984014443252818e-15
2000,0.1,oracle,0.5024914527673007,0.8757155986008597,0.25398815546665265,0.011008048942145843,7.452072992041479,44.279093508070225,32.36451703323961,0.0,0.0,0.003152426919293753,1.0064978814271175,0.0,0.899550346419222,0.09071272238302093,0.009736931197756976,32.36451703323961,0.0
2000,0.1,piggyback,0.5024914527673007,0.8757155986008597,0.25398815546665265,0.011008048942145843,7.452072992041479,44.279093508070225,32.36451703323961,0.0,0.0,0.03597907686248968,1.0064978814271175,0.0,0.899550346419222,0.09071272238302093,0.009736931197756976,32.36451703323961,0.0
2000,0.2,recserve,0.5498314395113415,0.8837243704333689,0.5513358382963708,0.043062837061373184,12.2150829693277,57.34859620484893,64.39212701826366,0.0,0.0,nan,1.0300519203645975,0.0,0.7998159424367123,0.16036849659302774,0.03981556097025992,64.39212701826366,0.0
2000,0.2,recserve_no_onu,0.5956694020990192,0.8889581971070409,0.8541955301668439,0.21354888254171098,4.760228129509996,13.965613505169166,156.4540839813527,0.0,0.20018405756328767,nan,1.1517932372442619,0.0,0.7998159424367123,0.0,0.20018405756328767,114.82305552390505,-0.36256680566021404
2000,0.2,static_day,0.5498314395113415,0.8837243704333689,0.5513358382963708,0.043062837061373184,12.2150829693277,57.34859620484893,64.39212701826366,0.0,0.0,0.2039680796870499,1.0300519203645975,0.0,0.7998159424367123,0.16036849659302774,0.03981556097025992,64.39212701826366,0.0
2000,0.2,static_day_self,0.5498314395113415,0.8837243704333689,0.5513358382963708,0.043062837061373184,12.2150829693277,57.34859620484893,64.39212701826366,0.0,0.0,0.043503641222613604,1.0300519203645975,0.0,0.7998159424367123,0.16036849659302774,0.03981556097025992,64.39212701826366,0.0
2000,0.2,static_hour,0.5498314395113415,0.8837243704333689,0.5513358382963708,0.043062837061373184,12.2150829693277,57.34859620484893,64.39212701826366,0.0,0.0,0.21070323177101127,1.0300519203645975,0.0,0.7998159424367123,0.16036849659302774,0.03981556097025992,64.39212701826366,0.0
2000,0.2,static_hour_self,0.5498314395113415,0.8837243704333689,0.5513358382963708,0.043062837061373184,12.2150829693277,57.34859620484893,64.39212701826366,0.0,0.0,0.03882634563423147,1.0300519203645975,0.0,0.7998159424367123,0.16036849659302774,0.03981556097025992,64.39212701826366,0.0
2000,0.2,broadcast,0.5498314395113415,0.8837243704333689,0.5513358382963708,0.043062837061373184,12.215082969327705,57.34859620484893,64.39212701826355,0.0,0.0,0.013602976906645076,1.030051920364595,0.0,0.7998159424367123,0.16036849659302774,0.03981556097025992,64.39212701826366,1.7763568394002505e-15
2000,0.2,oracle,0.5498314395113415,0.8837243704333689,0.5513358382963708,0.043062837061373184,12.2150829693277,57.34859620484893,64.39212701826366,0.0,0.0,0.012459724148212725,1.0300519203645975,0.0,0.7998159424367123,0.16036849659302774,0.03981556097025992,64.39212701826366,0.0
2000,0.2,piggyback,0.5498314395113415,0.8837243704333689,0.5513358382963708,0.043062837061373184,12.2150829693277,57.34859620484893,64.39212701826366,0.0,0.0,0.05726165395614816,1.0300519203645975,0.0,0.7998159424367123,0.16036849659302774,0.03981556097025992,64.39212701826366,0.0
2000,0.3,recserve,0.5925985971571213,0.8913718637672082,0.895414811388681,0.10060717538396984,16.89042896685877,63.29834969536961,110.985276709043,0.0,0.0,nan,1.0688862615227326,0.0,0.6997811336229299,0.2103215285360748,0.08989733784099524,110.985276709043,0.0
2000,0.3,recserve_no_onu,0.6461517187447846,0.8975227151494333,1.2769182088242725,0.31922955220606813,5.612246214817454,14.93847154554435,211.8435421212902,0.0,0.30021886637707007,nan,1.2271111230530656,0.0,0.6997811336229299,0.0,0.30021886637707007,177.727497963534,-0.19195703843620238
2000,0.3,static_day,0.5925985971571213,0.8913718637672082,0.895414811388681,0.10060717538396984,16.89042896685877,63.29834969536961,110.985276709043,0.0,0.0,0.1516633824034831,1.0688862615227326,0.0,0.6997811336229299,0.2103215285360748,0.08989733784099524,110.985276709043,0.0
2000,0.3,static_day_self,0.5925985971571213,0.8913718637672082,0.895414811388681,0.10060717538396984,16.89042896685877,63.29834969536961,110.985276709043,0.0,0.0,0.08786302714920068,1.0688862615227326,0.0,0.6997811336229299,0.2103215285360748,0.08989733784099524,110.985276709043,0.0
2000,0.3,static_hour,0.5925985971571213,0.8913718637672082,0.895414811388681,0.10060717538396984,16.89042896685877,63.29834969536961,110.985276709043,0.0,0.0,0.1499626564969821,1.0688862615227326,0.0,0.6997811336229299,0.2103215285360748,0.08989733784099524,110.985276709043,0.0
2000,0.3,static_hour_self,0.5925985971571213,0.8913718637672082,0.895414811388681,0.10060717538396984,16.89042896685877,63.29834969536961,110.985276709043,0.0,0.0,0.07122171835250408,1.0688862615227326,0.0,0.6997811336229299,0.2103215285360748,0.08989733784099524,110.985276709043,0.0
2000,0.3,broadcast,0.5925985971571213,0.8913718637672082,0.895414811388681,0.10060717538396984,16.890428966858796,63.29834969536961,110.98527670904231,0.0,0.0,0.025517324857761755,1.0688862615227335,0.0,0.6997811336229299,0.2103215285360748,0.08989733784099524,110.985276709043,6.328271240363392e-15
2000,0.3,oracle,0.5925985971571213,0.8913718637672082,0.895414811388681,0.10060717538396984,16.89042896685877,63.29834969536961,110.985276709043,0.0,0.0,0.02364884577023981,1.0688862615227326,0.0,0.6997811336229299,0.2103215285360748,0.08989733784099524,110.985276709043,0.0
2000,0.3,piggyback,0.5925985971571213,0.8913718637672082,0.895414811388681,0.10060717538396984,16.89042896685877,63.29834969536961,110.985276709043,0.0,0.0,0.09801426927811077,1.0688862615227326,0.0,0.6997811336229299,0.2103215285360748,0.08989733784099524,110.985276709043,0.0
2000,0.4,recserve,0.6371157321533304,0.8993977047940032,1.2713052542235488,0.1744625137685548,22.01533042596847,67.58835081109268,166.62115095679394,0.0,0.0,nan,1.1231984856564876,0.0,0.5999179847127319,0.24021896174368315,0.15986305354358493,166.62115095679394,0.0
2000,0.4,recserve_no_onu,0.6920707429535994,0.9053283863935316,1.6938457445033068,0.4234614361258267,6.4707794315796665,15.87295993394944,260.81641138872936,0.0,0.40008201528726806,nan,1.3050030072655818,0.0,0.5999179847127319,0.0,0.40008201528726806,234.45567763397068,-0.11243376155689755
2000,0.4,static_day,0.6371157321533304,0.8993977047940032,1.2713052542235488,0.1744625137685548,22.01533042596847,67.58835081109268,166.62115095679394,0.0,0.0,0.15104004455449374,1.1231984856564876,0.0,0.5999179847127319,0.24021896174368315,0.15986305354358493,166.62115095679394,0.0
2000,0.4,static_day_self,0.6371157321533304,0.8993977047940032,1.2713052542235488,0.1744625137685548,22.01533042596847,67.58835081109268,166.62115095679394,0.0,0.0,0.15106286463981938,1.1231984856564876,0.0,0.5999179847127319,0.24021896174368315,0.15986305354358493,166.62115095679394,0.0
2000,0.4,static_hour,0.6371157321533304,0.8993977047940032,1.2713052542235488,0.1744625137685548,22.01533042596847,67.58835081109268,166.62115095679394,0.0,0.0,0.11324159446785388,1.1231984856564876,0.0,0.5999179847127319,0.24021896174368315,0.15986305354358493,166.62115095679394,0.0
2000,0.4,static_hour_self,0.6371157321533304,0.8993977047940032,1.2713052542235488,0.1744625137685548,22.01533042596847,67.58835081109268,166.62115095679394,0.0,0.0,0.11414854398558315,1.1231984856564876,0.0,0.5999179847127319,0.24021896174368315,0.15986305354358493,166.62115095679394,0.0
2000,0.4,broadcast,0.6376164068721182,0.8994553708894019,1.2756849659302776,0.17700303742662732,21.861621440783747,67.58095960215363,166.98168510680458,0.0,0.003962482774405508,0.03753125403673059,1.133376239113039,0.0,0.5999179847127319,0.2377728081176061,0.16230920716966196,167.2365422157427,0.001523931944307666
2000,0.4,oracle,0.6376164068721182,0.8994553708894019,1.2756849659302776,0.17700303742662732,21.861573019356477,67.58095960215363,166.98307935106914,0.0,0.003962482774405508,0.03484675736172723,1.1333611206323724,0.0,0.5999179847127319,0.2377728081176061,0.16230920716966196,167.2365422157427,0.0015155949848961736
2000,0.4,piggyback,0.6371157321533304,0.8993977047940032,1.2713052542235488,0.1744625137685548,22.01533042596847,67.58835081109268,166.62115095679394,0.0,0.0,0.15118336210023997,1.1231984856564876,0.0,0.5999179847127319,0.24021896174368315,0.15986305354358493,166.62115095679394,0.0
2000,0.5,recserve,0.686220001239766,0.9069646914705916,1.66376133551405,0.26574934316245225,27.114057041080283,71.68491654061671,226.97638128682513,0.0,0.0,nan,1.1890731008761042,0.0,0.500455375577564,0.2502896760872986,0.24925494833513734,226.97638128682513,0.0
2000,0.5,recserve_no_onu,0.7398780261018421,0.9123138132421901,2.1045475760191117,0.5261368940047779,7.326891390977406,16.303288978146945,304.42305271028886,0.0,0.49954462442243597,nan,1.381457018857641,0.0,0.500455375577564,0.0,0.49954462442243597,295.67117194171254,-0.029600047617430958
2000,0.5,static_day,0.686220001239766,0.9069646914705916,1.66376133551405,0.26574934316245225,27.114057041080283,71.68491654061671,226.97638128682513,0.0,0.0,0.23864386258614664,1.1890731008761042,0.0,0.500455375577564,0.2502896760872986,0.24925494833513734,226.97638128682513,0.0
2000,0.5,static_day_self,0.686220001239766,0.9069646914705916,1.66376133551405,0.26574934316245225,27.114057041080283,71.68491654061671,226.97638128682513,0.0,0.0,0.23864386258614664,1.1890731008761042,0.0,0.500455375577564,0.2502896760872986,0.24925494833513734,226.97638128682513,0.0
2000,0.5,static_hour,0.686220001239766,0.9069646914705916,1.66376133551405,0.26574934316245225,27.114057041080283,71.68491654061671,226.97638128682513,0.0,0.0,0.16979856426210374,1.1890731008761042,0.0,0.500455375577564,0.2502896760872986,0.24925494833513734,226.97638128682513,0.0
2000,0.5,static_hour_self,0.686220001239766,0.9069646914705916,1.66376133551405,0.26574934316245225,27.114057041080283,71.68491654061671,226.97638128682513,0.0,0.0,0.16979856426210374,1.1890731008761042,0.0,0.500455375577564,0.2502896760872986,0.24925494833513734,226.97638128682513,0.0
2000,0.5,broadcast,0.6941878817644731,0.9078321384811858,1.7359176223196022,0.3001256169027785,24.99241830449866,70.03353208775471,229.42273938686037,0.011887448323216525,0.04829842120572009,0.04970412409284141,1.2928623867081028,0.0,0.49453787723455894,0.223024361401317,0.282437761364124,237.1621222779256,0.03263330086916494
2000,0.5,oracle,0.6937968786507531,0.9077909302479849,1.7323485172875828,0.29800321862319223,25.15703783602783,70.1464520268624,229.03688620745098,0.011887448323216525,0.04416427852773023,0.039127612406787776,1.2889130608678419,0.0,0.4945235722425936,0.22511289022825998,0.28036353752914644,236.66228340224015,0.03222058489915247
2000,0.5,piggyback,0.686220001239766,0.9069649993243851,1.6638040883667038,0.26576924140627606,27.112247266038764,71.68491654061671,226.97456919620691,0.0,5.2451637206330435e-05,0.21845488952194833,1.189148825288429,0.0,0.500455375577564,0.2502753710953332,0.2492692533271027,226.97638128682513,7.98360872589221e-06
2000,0.6,recserve,0.7383092453163073,0.9143190090615464,2.1019855710314377,0.3828012512099639,32.30831570901833,73.77763861982693,293.5646724817872,0.0,0.0,nan,1.2764891608761246,0.0,0.40043487175574705,0.23996147188830663,0.3596036563559463,293.5646724817872,0.0
2000,0.6,recserve_no_onu,0.7820682157383522,0.9186156638660542,2.5192769494127805,0.6298192373531951,8.189753040428682,16.664419565516233,343.2090374380115,0.0,0.599565128244253,nan,1.4609972937961653,0.0,0.40043487175574705,0.0,0.599565128244253,352.32256167247044,0.02586699015583105
2000,0.6,static_day,0.780013065225995,0.9184106004455107,2.500365921694474,0.6185566215423642,9.294265998167331,18.33775628919439,342.04192940426196,0.0,0.5721186169933767,1.3503947571812653,1.4500708369412671,0.0,0.40043487175574705,0.011062527119880601,0.5885026011243724,349.56298335262903,0.02151559034149808
2000,0.6,static_day_self,0.781472174406462,0.9185536410039987,2.5138639690630704,0.6266069274307757,8.49987249480143,16.96521880521528,342.77546458994397,0.0,0.5918118225990263,0.8371058614730754,1.458295351286854,0.0,0.40043487175574705,0.003142329901724705,0.5964227983425283,351.5222199323772,0.024882510539777192
2000,0.6,static_hour,0.768855171493012,0.9173187156913346,2.39379904347287,0.5552518727618648,15.46962692802167,57.79916667804041,325.40487534215544,0.0,0.41848777161603495,1.1457372394536791,1.432743641523466,0.0,0.40043487175574705,0.07262167587749205,0.5269434523667609,334.58058597808406,0.02742451600742213
2000,0.6,static_hour_self,0.7641297558137872,0.916834393979928,2.34611107349428,0.5271512943633563,18.21918600798411,62.84185534884983,313.2678204461958,0.0,0.35036263154632197,0.5810773552644651,1.4491498166065495,0.0,0.40043487175574705,0.0998106972729917,0.49975443097126127,328.23547666262516,0.04560036096224229
2000,0.6,broadcast,0.776937491953442,0.9183511485475239,2.4890602001745212,0.5779104507502968,15.719114190836866,58.74316538888795,321.4955697355989,0.060200174520901976,0.3768507083355188,0.04737064261101961,1.5134464044081106,0.0,0.3763738752700067,0.07467682638984918,0.548949298340144,345.433219973748,0.06929747590567081
2000,0.6,oracle,0.7788162142315597,0.9185800981974181,2.51102707934979,0.5860063466481019,15.27385311103539,57.6644891271133,322.79955358028616,0.06907403787008207,0.38282065831573026,0.020943182837099113,1.5227266412471916,0.0,0.37285484724652745,0.0702184372273111,0.5569267155261615,347.9558971385219,0.07229750599174622
2000,0.6,piggyback,0.7656365483008054,0.9169740716555652,2.3603066036611247,0.5355272963088352,17.380251550605777,61.82545595808566,323.0685357069719,0.00013828158899850752,0.37100473495234054,0.5368529584703193,1.412213324856424,0.0,0.4003871884491958,0.09164731519142463,0.5079654963593796,330.2587405815808,0.021771429461479475
2000,0.7,recserve,0.7881859839688723,0.9211620753045203,2.5683097507593566,0.5163377360919715,37.73274071834226,76.84537388051899,360.53726929278713,0.0,0.0,nan,1.3765554230641692,0.0,0.3001664147398637,0.21042166347983235,0.48941192178030396,360.53726929278713,0.0
2000,0.7,recserve_no_onu,0.8248782883600281,0.9243843114455618,2.931194533585737,0.7327986333964343,9.05730489037636,16.90113798559204,378.61068305151605,0.0,0.6998335852601363,nan,1.5390839667876028,0.0,0.3001664147398637,0.0,0.6998335852601363,416.56178382005885,0.09110557483337556
2000,0.7,static_day,0.8245063585689286,0.9243507996075848,2.9279639895668925,0.7308426212467277,9.307173678299161,17.33389896599712,378.508996285494,0.0,0.6936824387150302,2.0780701355265876,1.537578622861599,0.0,0.3001664147398637,0.0019311739153239841,0.6979024113448123,415.99389400418784,0.09010924982066315
2000,0.7,static_day_self,0.8248258367228217,0.9243789573839712,2.9307156882846885,0.7324952674318248,9.09545996836234,16.95567346547266,378.4711695417021,0.0,0.6989276024356633,1.155233844705657,1.5393863369837024,0.0,0.3001664147398637,0.00030994149258286165,0.6995236437675534,416.48169679474364,0.09126578081479153
2000,0.7,static_hour,0.8247781534162705,0.9243753136532167,2.9303378457635767,0.7322710414510984,9.127394859377928,17.02012490948813,378.4342391221123,0.0,0.6981360595469133,1.8603437121553783,1.5393522709444007,0.0,0.3001664147398637,0.0005245163720633044,0.699309068888073,416.4088904080935,0.09119558242083858
2000,0.7,static_hour_self,0.825231144828507,0.9244615321916628,2.9384417286152296,0.7324205667637818,9.546022817527488,17.681944884600494,377.4679991195071,0.010962392176123062,0.6801117696705561,0.8700391529072828,1.547267858384318,0.0,0.2968858032491405,0.003657309612477768,0.6994568871383817,417.1005510812697,0.09501917909008084
2000,0.7,broadcast,0.8383249808074691,0.9262032991752623,3.116675805967089,0.7767941511656185,9.544355035482985,17.366426210508003,378.79991263001534,0.15611514564865986,0.5775592822708698,0.04839151624343038,1.6308076456960863,0.0,0.253341407706576,0.003962482774405508,0.7426961095190184,437.6063804292859,0.13438210782389004
2000,0.7,oracle,0.8377623177901649,0.9261272374758983,3.1083429192673937,0.7747962015478,9.52511648313702,17.350716106510042,378.4912289568717,0.14942517773952518,0.5826613960718492,0.01403224675919746,1.6280587115187521,0.0,0.255429936533519,0.003809896193441638,0.7407601672730394,436.7071078534728,0.13330646066822005
2000,0.7,piggyback,0.8218980817005774,0.9241312830149034,2.9016225294086793,0.7134528626673088,11.783589074437867,42.0370354563543,376.14315783550325,0.00417228932323083,0.630354239284369,0.7535851902746032,1.532576153595883,0.0,0.2989791004067386,0.02006036706609383,0.6809605325271676,412.0113846544259,0.08705639735903681
2000,0.8,recserve,0.8311343381795467,0.9274191512815567,3.057180018787223,0.6660169323421563,43.35186284491904,80.61248204569485,426.11398174855526,0.0,0.0,nan,1.4929731819383194,0.0,0.20039863244276812,0.16049247319006088,0.639108894367171,426.11398174855526,0.0
2000,0.8,recserve_no_onu,0.8548615515194286,0.9293883906480519,3.34215889031409,0.8355397225785225,9.928825805048424,17.285820576986875,410.3724765379131,0.0,0.7996013675572319,nan,1.6190330811277092,0.0,0.20039863244276812,0.0,0.7996013675572319,464.0358490133535,0.11564488517329219
2000,0.8,static_day,0.9142320365063394,0.936215020109649,4.1312237634526525,1.0327027756452745,8.781764024126685,13.988097016327076,450.7043727547715,0.963965725239251,0.02799486927621509,5.930872913440815,1.7710172058790385,0.0,0.007281240910369689,0.00018119656489459606,0.9925375625247357,nan,nan
2000,0.8,static_day_self,0.914685027918576,0.9362684154623145,4.13846502667881,1.0345874392633883,8.748946248720658,13.922196958124612,450.1192260049566,0.9727442219753286,0.021490866262630116,2.735160596471315,1.776185676569183,0.0,0.005540800221250542,5.2451637206330435e-05,0.9944067481415432,nan,nan
2000,0.8,static_hour,0.9141414382238922,0.9362089218516672,4.130395962177601,1.032239565700444,8.863738663722298,14.074856509566812,450.5772312877481,0.9639609569085958,0.027498962888082512,5.288046882916447,1.7713974335024099,0.0,0.007281240910369689,0.0006008096625452395,0.9921179494270851,nan,nan
2000,0.8,static_hour_self,0.8894796320756067,0.933392173817339,3.8046992184706054,0.9508840914184353,9.32974617360349,15.855293758052424,423.40902755172954,0.566768549998331,0.3440827400735277,1.514563064463136,1.7578879900234758,0.0,0.0869266678428549,0.0004816013961672158,0.9125917307609779,nan,nan
2000,0.8,broadcast,0.8830185440379178,0.9326522057951603,3.7187066093831205,0.9294492864193175,9.43984492043233,16.235958755967886,417.29457322849606,0.461345527544262,0.428858890790923,0.05284709466976717,1.7493548961464007,0.0,0.10811236094355726,0.0003814664524096759,0.8915061726040331,nan,nan
2000,0.8,oracle,0.8829231774248153,0.932607902276018,3.7134464349575858,0.9281316154627426,9.45029429131715,16.268013316206304,416.9054242641477,0.4543027031666484,0.4345284359398618,0.007191691093424742,1.7489419270076763,0.0,0.10948087184157698,0.0003862347830647968,0.8901328933753582,nan,nan
2000,0.8,piggyback,0.8939380212381447,0.933889598787197,3.86288645174211,0.963262019769499,9.963919412947929,16.569568590844007,435.5180930563252,0.6454317008158613,0.2636934535588436,1.265506920423459,1.7320775874655416,0.0,0.07129607995536842,0.004014934411611839,0.9246889856330197,nan,nan
2000,0.9,recserve,0.8721992017814484,0.9329721748579106,3.5980471397168565,0.8425958124520186,49.233813709432575,84.25936674943071,491.74563787485016,0.0,0.0,nan,1.6331378325206383,0.0,0.10063561847632763,0.0903646342451971,0.8089997472784752,491.74563787485016,0.0
2000,0.9,recserve_no_onu,0.8863706804884678,0.9336905312934254,3.7479343686968627,0.9369835921742157,10.80605711288681,17.582846874356914,439.6283380659227,0.0,0.8993643815236724,nan,1.6983320977616234,0.0,0.10063561847632763,0.0,0.8993643815236724,nan,nan
2000,0.9,static_day,0.9162299670508351,0.9364538775984812,4.158695766199211,1.0396384127180915,8.732833686466796,13.8343512667343,451.0652201929973,0.9950409361186742,0.0040435443955425645,6.235669232992225,1.7800596859339508,0.0,0.0005483580253389091,5.721996786145139e-05,0.9993944220067996,nan,nan
2000,0.9,static_day_self,0.9164111636157297,0.9364655294372979,4.16038839006852,1.0400673812804875,8.719553388454498,13.81438052067533,451.1186876849784,0.9987506973683583,0.0009202878164383431,2.7554776664503056,1.7803379260652767,0.0,0.00015258658096387035,4.768330655120949e-05,0.9997997301124849,nan,nan
2000,0.9,static_hour,0.9162347353814903,0.9364540345143912,4.15872595926892,1.0396582108269716,8.729586985343994,13.832749965880065,451.0745200107607,0.9948835812070552,0.004277192597643491,5.54769567228922,1.7800379594313447,0.0,0.0005531263559940301,3.814664524096759e-05,0.999408726998765,nan,nan
2000,0.9,static_hour_self,0.9163539436478683,0.9364582770522356,4.159387307657462,1.0398209920988761,8.728212430653517,13.827038719505072,451.0173546160918,0.996094737193456,0.0032043182002412774,1.4494365603124728,1.7804983754458077,0.0,0.0004005397750301597,4.291497589608854e-05,0.9995565452490738,nan,nan
2000,0.9,broadcast,0.9160535388165957,0.9364238027315541,4.154763924717596,1.0386284326020305,8.763319998356986,13.885619703818595,450.6260244551842,0.9854422865099157,0.012421501356590071,0.05055464484654827,1.7807104345517957,0.0,0.0015306341402938246,0.00010013494375753992,0.9983692309159486,nan,nan
2000,0.9,oracle,0.9162776503573864,0.9364511931367504,4.158271537357487,1.0395021004496536,8.749113956095359,13.847124254703521,450.8867542318749,0.9940872699876501,0.0047301840098799815,3.600776300381531e-05,1.7807311752092223,0.0,0.0006627979610618119,0.00010490327441266087,0.9992322987645256,nan,nan
2000,0.9,piggyback,0.9148090045156091,0.9363288871358063,4.139887581836475,1.0341001158704348,9.373153744073102,14.590366778522728,451.45727347569226,0.9538997792262907,0.02819037083307505,1.3811034394522945,1.7757108694962844,0.0,0.004677732372673651,0.001401889212605559,0.9939203784147208,nan,nan
5000,0.1,recserve,0.5023638914855757,0.8758090543794913,0.2553854035699272,0.010898846943065055,7.490765563470491,44.716477425317,32.28330467593999,0.0,0.0,nan,1.0145575423131765,0.0,0.8992961112401456,0.09097191163287988,0.009731977126974468,32.28330467593999,0.0
5000,0.1,recserve_no_onu,0.5319168539800331,0.8793479008471556,0.43548348731099906,0.10887087182774977,3.894026783895096,11.276583973524591,84.88878823569212,0.0,0.10070388875985435,nan,1.1916257335453275,0.0,0.8992961112401456,0.0,0.10070388875985435,51.6845070049309,-0.6424416745929955
5000,0.1,static_day,0.5023638914855757,0.8758090543794913,0.2553854035699272,0.010898846943065055,7.490765563470491,44.716477425317,32.28330467593999,0.0,0.0,0.465161603343693,1.0145575423131765,0.0,0.8992961112401456,0.09097191163287988,0.009731977126974468,32.28330467593999,0.0
5000,0.1,static_day_self,0.5023638914855757,0.8758090543794913,0.2553854035699272,0.010898846943065055,7.490765563470491,44.716477425317,32.28330467593999,0.0,0.0,0.029940057292989448,1.0145575423131765,0.0,0.8992961112401456,0.09097191163287988,0.009731977126974468,32.28330467593999,0.0
5000,0.1,static_hour,0.5023638914855757,0.8758090543794913,0.2553854035699272,0.010898846943065055,7.490765563470491,44.716477425317,32.28330467593999,0.0,0.0,0.4729836312136159,1.0145575423131765,0.0,0.8992961112401456,0.09097191163287988,0.009731977126974468,32.28330467593999,0.0
5000,0.1,static_hour_self,0.5023638914855757,0.8758090543794913,0.2553854035699272,0.010898846943065055,7.490765563470491,44.716477425317,32.28330467593999,0.0,0.0,0.02880340384268048,1.0145575423131765,0.0,0.8992961112401456,0.09097191163287988,0.009731977126974468,32.28330467593999,0.0
5000,0.1,broadcast,0.5023638914855757,0.8758090543794913,0.2553854035699272,0.010898846943065055,7.490765563470491,44.716477425317,32.28330467593981,0.0,0.0,0.008322593096194828,1.0145575423131754,0.0,0.8992961112401456,0.09097191163287988,0.009731977126974468,32.28330467593999,5.551115123125783e-15
5000,0.1,oracle,0.5023638914855757,0.8758090543794913,0.2553854035699272,0.010898846943065055,7.490765563470491,44.716477425317,32.28330467593999,0.0,0.0,0.0075300699969925175,1.0145575423131765,0.0,0.8992961112401456,0.09097191163287988,0.009731977126974468,32.28330467593999,0.0
5000,0.1,piggyback,0.5023638914855757,0.8758090543794913,0.2553854035699272,0.010898846943065055,7.490765563470491,44.716477425317,32.28330467593999,0.0,0.0,0.043989381439691735,1.0145575423131765,0.0,0.8992961112401456,0.09097191163287988,0.009731977126974468,32.28330467593999,0.0
5000,0.2,recserve,0.5496666749845959,0.8838131966111905,0.5526812998235959,0.043133619854001146,12.24638044545364,57.34859620484893,63.33707377137542,0.0,0.0,nan,1.0719483243302879,0.0,0.7996537182103144,0.16051619788737395,0.03983008390231168,63.33707377137542,0.0
5000,0.2,recserve_no_onu,0.5956872177102789,0.8890131566319607,0.8554561917065127,0.21386404792662816,4.768570462940475,13.972587569183029,133.54881571102385,0.0,0.20034628178968564,nan,1.3839274238317447,0.0,0.7996537182103144,0.0,0.20034628178968564,108.90000380867458,-0.2263435357234196
5000,0.2,static_day,0.5496666749845959,0.8838131966111905,0.5526812998235959,0.043133619854001146,12.24638044545364,57.34859620484893,63.33707377137542,0.0,0.0,0.39969584558401444,1.0719483243302879,0.0,0.7996537182103144,0.16051619788737395,0.03983008390231168,63.33707377137542,0.0
5000,0.2,static_day_self,0.5496666749845959,0.8838131966111905,0.5526812998235959,0.043133619854001146,12.24638044545364,57.34859620484893,63.33707377137542,0.0,0.0,0.09162710506125057,1.0719483243302879,0.0,0.7996537182103144,0.16051619788737395,0.03983008390231168,63.33707377137542,0.0
5000,0.2,static_hour,0.5496666749845959,0.8838131966111905,0.5526812998235959,0.043133619854001146,12.24638044545364,57.34859620484893,63.33707377137542,0.0,0.0,0.4163203565642132,1.0719483243302879,0.0,0.7996537182103144,0.16051619788737395,0.03983008390231168,63.33707377137542,0.0
5000,0.2,static_hour_self,0.5496666749845959,0.8838131966111905,0.5526812998235959,0.043133619854001146,12.24638044545364,57.34859620484893,63.33707377137542,0.0,0.0,0.073616058330673,1.0719483243302879,0.0,0.7996537182103144,0.16051619788737395,0.03983008390231168,63.33707377137542,0.0
5000,0.2,broadcast,0.5496666749845959,0.8838131966111905,0.5526812998235959,0.043133619854001146,12.246380445453635,57.34859620484893,63.3370737713752,0.0,0.0,0.025723600118097847,1.0719483243302912,0.0,0.7996537182103144,0.16051619788737395,0.03983008390231168,63.33707377137542,3.4416913763379853e-15
5000,0.2,oracle,0.5496666749845959,0.8838131966111905,0.5526812998235959,0.043133619854001146,12.24638044545364,57.34859620484893,63.33707377137542,0.0,0.0,0.023805788830250262,1.0719483243302879,0.0,0.7996537182103144,0.16051619788737395,0.03983008390231168,63.33707377137542,0.0
5000,0.2,piggyback,0.5496666749845959,0.8838131966111905,0.5526812998235959,0.043133619854001146,12.24638044545364,57.34859620484893,63.33707377137542,0.0,0.0,0.10739898355886364,1.0719483243302879,0.0,0.7996537182103144,0.16051619788737395,0.03983008390231168,63.33707377137542,0.0
5000,0.3,recserve,0.5923338125740216,0.891459659904426,0.8974861631248283,0.10092247434078812,16.92945492687648,63.29834969536961,105.49927260718167,0.0,0.0,nan,1.1710442245500197,0.0,0.6994450661563297,0.2105965298879191,0.08995840395575118,105.49927260718167,0.0
5000,0.3,recserve_no_onu,0.6457387568790873,0.8975897677353265,1.2783709706831385,0.31959274267078464,5.627240295589231,14.984640147584672,169.52069778456558,0.0,0.30055493384367027,nan,1.5756063102543276,0.0,0.6994450661563297,0.0,0.30055493384367027,158.93022077924448,-0.06663601770258265
5000,0.3,static_day,0.5923338125740216,0.891459659904426,0.8974861631248283,0.10092247434078812,16.92945492687648,63.29834969536961,105.49927260718167,0.0,0.0,0.29532951984351974,1.1710442245500197,0.0,0.6994450661563297,0.2105965298879191,0.08995840395575118,105.49927260718167,0.0
5000,0.3,static_day_self,0.5923338125740216,0.891459659904426,0.8974861631248283,0.10092247434078812,16.92945492687648,63.29834969536961,105.49927260718167,0.0,0.0,0.21120028973125218,1.1710442245500197,0.0,0.6994450661563297,0.2105965298879191,0.08995840395575118,105.49927260718167,0.0
5000,0.3,static_hour,0.5923338125740216,0.891459659904426,0.8974861631248283,0.10092247434078812,16.92945492687648,63.29834969536961,105.49927260718167,0.0,0.0,0.3025716041251944,1.1710442245500197,0.0,0.6994450661563297,0.2105965298879191,0.08995840395575118,105.49927260718167,0.0
5000,0.3,static_hour_self,0.5923338125740216,0.891459659904426,0.8974861631248283,0.10092247434078812,16.92945492687648,63.29834969536961,105.49927260718167,0.0,0.0,0.14992527213931933,1.1710442245500197,0.0,0.6994450661563297,0.2105965298879191,0.08995840395575118,105.49927260718167,0.0
5000,0.3,broadcast,0.5951919810044092,0.891856732711331,0.9256544437896741,0.10919837109353255,16.846114952810954,63.29834969536961,105.65065003818255,0.008518839149805264,0.00040309964431255196,0.04409404000252757,1.2663560072940403,0.0,0.6934868695089671,0.20851384839230425,0.0979992820987287,108.39777790713757,0.025343027523206607
5000,0.3,oracle,0.5951919810044092,0.8918561863194416,0.9256119916385617,0.10917499323368456,16.84738228012562,63.29834969536961,105.64483184826943,0.008511161061342169,0.0003781458568074892,0.03894075180724904,1.266254402303331,0.0,0.6934907085531986,0.20853112409134622,0.09797816735545518,108.39777790713757,0.025396701962161372
5000,0.3,piggyback,0.5923338125740216,0.891459659904426,0.8974861631248283,0.10092247434078812,16.92945492687648,63.29834969536961,105.49927260718167,0.0,0.0,0.21315162599071716,1.1710442245500197,0.0,0.6994450661563297,0.2105965298879191,0.08995840395575118,105.49927260718167,0.0
5000,0.4,recserve,0.6375423974447322,0.8995040267813973,1.2722257933864785,0.17454977032917884,22.07769933511279,67.60584199987778,151.34587893663885,0.0,0.0,nan,1.3040880877777197,0.0,0.5996471918351207,0.24038943264684823,0.15996337551803103,151.34587893663885,0.0
5000,0.4,recserve_no_onu,0.6919992398692422,0.9054048227913716,1.6948148563333674,0.42370371408334184,6.493244183660992,15.93355421076081,197.76943174658044,0.0,0.4003528081648793,nan,1.7703606624217811,0.0,0.5996471918351207,0.0,0.4003528081648793,201.266285917627,0.017374266907661418
5000,0.4,static_day,0.6375423974447322,0.8995040267813973,1.2722257933864785,0.17454977032917884,22.07769933511279,67.60584199987778,151.34587893663885,0.0,0.0,0.35507314541641083,1.3040880877777197,0.0,0.5996471918351207,0.24038943264684823,0.15996337551803103,151.34587893663885,0.0
5000,0.4,static_day_self,0.6375423974447322,0.8995040267813973,1.2722257933864785,0.17454977032917884,22.07769933511279,67.60584199987778,151.34587893663885,0.0,0.0,0.4172379871343171,1.3040880877777197,0.0,0.5996471918351207,0.24038943264684823,0.15996337551803103,151.34587893663885,0.0
5000,0.4,static_hour,0.638172000698706,0.8995694604995585,1.2771356084789132,0.17742612239256914,21.897495346357548,67.59357533427573,151.53616950178937,0.0,0.004578060246121125,0.3192532200360331,1.3185428247020952,0.0,0.5996471918351207,0.23765219410975444,0.16270061405512484,151.92847006646898,0.0025821399011519697
5000,0.4,static_hour_self,0.6375423974447322,0.8995040267813973,1.2722257933864785,0.17454977032917884,22.07769933511279,67.60584199987778,151.34587893663885,0.0,0.0,0.27507622443698354,1.3040880877777197,0.0,0.5996471918351207,0.24038943264684823,0.15996337551803103,151.34587893663885,0.0
5000,0.4,broadcast,0.6857473563381661,0.9058432190516589,1.7645243481782775,0.3296871332513057,18.99605284194515,65.53459062321468,150.82694039041377,0.1614318099365982,0.02491731658486303,0.047122301526148144,2.32659398316501,0.0,0.5028495305808666,0.18659290583016452,0.3105575635889689,195.95140041049297,0.23028393737196706
5000,0.4,oracle,0.6839794764695382,0.905593417906616,1.744530310213969,0.3246779752112914,18.9779385046478,65.53459062321468,150.7239631012692,0.15324696763493761,0.028151711349942318,0.02485789318680392,2.2943164314563695,0.0,0.5077519900645535,0.18661977913978536,0.3056282307956611,194.3155271465492,0.22433392063622404
5000,0.4,piggyback,0.6376306954620578,0.8995127831752842,1.2728168142459253,0.17490720262283502,22.056207179193486,67.59357533427573,151.41740003921765,0.0,0.00053938571453251,0.3781445871919634,1.305291382454473,0.0,0.5996471918351207,0.24005159675447202,0.16030121141040726,151.42758379021257,6.725162443999011e-05
5000,0.5,recserve,0.6862329954334568,0.907058195105006,1.6650685518933206,0.26636342504170163,27.184175062198968,71.73157015707393,196.40077710514845,0.0,0.0,nan,1.4717294989674052,0.0,0.5000470282918364,0.25015596117190664,0.24979701053625689,196.40077710514845,0.0
5000,0.5,recserve_no_onu,0.7389334751220337,0.9123651281600588,2.1034633630411372,0.5258658407602843,7.35540941758624,16.358944744181763,220.13002419604095,0.0,0.49995297170816355,nan,1.9663404971971792,0.0,0.5000470282918364,0.0,0.49995297170816355,240.8302911130812,0.08595375117210857
5000,0.5,static_day,0.7374189721726879,0.912211384438056,2.090794524755117,0.5183991857387186,7.924412165867888,17.21128009443401,220.2382570783649,0.0,0.48546441877830093,6.248801471511972,1.9489961427950195,0.0,0.5000470282918364,0.007236598376468195,0.4927163733316953,239.59107603775547,0.08077437306697055
5000,0.5,static_day_self,0.7388931651576024,0.9123616416586006,2.103183849908727,0.5257059925560932,7.367834338611188,16.3766731342086,220.09194068334955,0.0,0.4996228139042504,3.6322932240674506,1.9663771574285063,0.0,0.5000470282918364,0.00015548129137769862,0.49979749041678584,240.79808838495123,0.08598966810940734
5000,0.5,static_hour,0.7086127037812666,0.9093081214931682,1.8514227459531676,0.376681234559844,18.763679612366378,64.33661074584369,193.4700843106073,0.0,0.21241623685367292,4.8450830891292105,1.8861554468911663,0.0,0.5000470282918364,0.1438796997099602,0.3560732719982033,215.28458777248758,0.10132868166546982
5000,0.5,static_hour_self,0.7189550889410572,0.9103580280546161,1.9375808224384456,0.4276148056579834,14.866070559502187,58.81239925963722,196.46883910789816,0.0,0.3107188034466939,1.836530144766741,1.9922390541367319,0.0,0.5000470282918364,0.09477448494422828,0.40517848676393525,224.01140584227252,0.12295162664068637
5000,0.5,broadcast,0.7814528095085448,0.9188940590197912,2.667083785220832,0.606326840869697,15.90902583558736,60.02221104250285,193.80998724626608,0.360255910688475,0.1182425623316819,0.0671875380826814,2.8527272922788605,0.0,0.3198941191600939,0.10089584097143176,0.5792100398684743,274.79803543719106,0.29471843953351673
5000,0.5,oracle,0.777865222674163,0.9184461690089585,2.628973589295209,0.5936457022859589,16.302383087057716,60.65617938905712,192.48402985762058,0.34608407890771514,0.11486420340791957,0.016311630098511495,2.8348534469189866,0.0,0.32694836293556356,0.10622635388693631,0.5668252831775001,271.9319926336263,0.2921611466402406
5000,0.5,piggyback,0.6952182784573953,0.9079942933879127,1.7423384424613648,0.3102742114123268,23.92907014548244,68.44764860995785,198.32876258314997,0.0024185978658753117,0.08101151137412829,1.9257966508638185,1.6143238878998727,0.0,0.4988146950935095,0.20903787792991058,0.2921474269765799,203.98248374669703,0.027716699295454172
5000,0.6,recserve,0.7380716096920511,0.9143764764075791,2.0994326852386833,0.3822175087290268,32.350479870740294,73.94611821034714,240.14176611639817,0.0,0.0,nan,1.6877671822682676,0.0,0.40013206312156524,0.24010918241794524,0.3597587544604895,240.14176611639817,0.0
5000,0.6,recserve_no_onu,0.7812608572969674,0.9186641429398783,2.516157109046132,0.629039277261533,8.22422304349249,16.750949024700343,238.46869992166097,0.0,0.5998679368784348,nan,2.1649359287662926,0.0,0.40013206312156524,0.0,0.5998679368784348,274.64468911276276,0.13171923807435715
5000,0.6,static_day,0.7810804222180846,0.9186427431033788,2.5141654512892466,0.6278962421515538,8.335246151851194,16.85428091211934,238.36098135186248,0.0,0.5970519979345942,10.467130574873709,2.164346989711612,0.0,0.40013206312156524,0.0011190813934962751,0.5987488554849385,274.50054356780015,0.1316557036507704
5000,0.6,static_day_self,0.78125509873062,0.9186633295106806,2.5160819712724316,0.628997262761463,8.228724057484056,16.754145263545503,238.45607308935718,0.0,0.5997508460293726,4.916954436031588,2.165011453937354,0.0,0.40013206312156524,4.2229486547029254e-05,0.5998257073918877,274.64008872302986,0.131750669765344
5000,0.6,static_hour,0.7803030157611961,0.9185707243621141,2.507010029503055,0.6236355422554001,8.754612424170894,17.48947269849575,237.68160038139695,0.0,0.5866923370757616,7.662977319535482,2.1651843650857594,0.0,0.40013206312156524,0.005282524862610205,0.5945854120158245,273.87949095386557,0.13216721867854675
5000,0.6,static_hour_self,0.8248340093250385,0.9245787118030947,3.060212456546818,0.7496853711300034,11.062158795432268,39.94420678606823,229.39207678391801,0.35846883559868936,0.3201110251591764,2.0674543158059113,2.727981387257741,0.0,0.2566938534982331,0.025880916686981607,0.7174252298147853,310.9609838309541,0.26231235199390446
5000,0.6,broadcast,0.8387812570182528,0.9264630542397332,3.23200224967992,0.7846825129615731,12.481445958207853,49.62721140442427,225.46047497168826,0.47758861953728,0.21530511763791285,0.07528508297983644,2.9343004588812476,0.0,0.2089764532222058,0.039273422488737206,0.751750124289057,322.32120196307835,0.300509945983899
5000,0.6,oracle,0.8384933287008867,0.9264329855047616,3.2295912147311805,0.7840337279230962,12.488532278119305,49.662672141582846,225.5311857420316,0.476373562037995,0.21585218144090848,0.011937435908737632,2.9313011290876063,0.0,0.20945441422903355,0.039357881461831265,0.7511877043091352,322.09135682804737,0.299791251888717
5000,0.6,piggyback,0.7795236897821918,0.9187270080923056,2.5173068490468613,0.6002025498931787,13.189600630998708,52.698020749900195,235.96604599301386,0.0524509418135261,0.4456842424509994,3.4512492847358596,2.1909503914134,0.0,0.3791305716528813,0.049103295243616146,0.5717661331035025,273.2569048766867,0.13646813023993365
5000,0.7,recserve,0.7878275424550304,0.9211674238860281,2.5633773377379967,0.5153777965037823,37.7567874796846,77.53277804200994,279.8906668714544,0.0,0.0,nan,1.9421832773001129,0.0,0.3004570382157658,0.21032011870324763,0.48922284308098657,279.8906668714544,0.0
5000,0.7,recserve_no_onu,0.8239606267623613,0.9243916746213767,2.926118484422118,0.7315296211055295,9.100564868762305,17.042748882203234,253.8191463253954,0.0,0.6995429617842343,nan,2.3655216433760864,0.0,0.3004570382157658,0.0,0.6995429617842343,310.2276992095228,0.1818295175700284
5000,0.7,static_day,0.8239356729748561,0.9243899766088838,2.925918907868697,0.731415309724491,9.11433744004279,17.057865956710266,253.78821889833708,5.758566347322171e-06,0.6991936087591634,15.089196035054925,2.3657535069450044,0.0,0.3004570382157658,0.00011325180483066936,0.6994297099794036,310.2067482203391,0.18187395872486967
5000,0.7,static_day_self,0.9160266660012323,0.9364302579464892,4.154095054735173,1.0385115046558009,8.808820458505476,13.98680306174792,271.9931252533514,0.9973472204360002,0.0017947531782487433,7.420456322409003,2.9883366656564245,0.0,0.0007927626338146855,2.3034265389288684e-05,0.999184203100796,nan,nan
5000,0.7,static_hour,0.8253887512164971,0.9245731248273789,2.9445626311273547,0.7356436368801623,9.212246631390265,17.174701295176003,253.39154408935067,0.01614510051577559,0.685442152321758,11.550770139387582,2.3842024073102492,0.0,0.29558721060804705,0.000842670208824811,0.7035701191831282,311.4267404366543,0.18635264353321734
5000,0.7,static_hour_self,0.8688851223599373,0.9302863734112194,3.527507546601198,0.8816555187220588,9.029159790330995,15.923374745578053,249.6508602364075,0.4881901401827001,0.35684300036662875,2.097809281726459,2.844799288002095,0.0,0.15371533103118648,0.0003743068125759411,0.8459103621562376,346.35227698101414,0.2791995987077269
5000,0.7,broadcast,0.8835118808821356,0.9321552361042346,3.7181055545211468,0.9294265542850453,8.953116269643703,15.44752624817192,250.57111249746694,0.6431896315093394,0.24902536264571573,0.08035708139056405,2.963126433557756,0.0,0.10718995398905488,0.00017659603465121324,0.8926334499762939,nan,nan
5000,0.7,oracle,0.8842566554630559,0.9322541723545812,3.728514032666427,0.9320286738213654,8.950065261173576,15.415884744748473,250.717937808529,0.6517180682697236,0.24302301698969025,0.00583271773087044,2.968273910835245,0.0,0.10466386288469623,0.00017659603465121324,0.8951595410806525,nan,nan
5000,0.7,piggyback,0.8459890625629843,0.9272471743388496,3.2177556179613527,0.8002267838598903,10.001879607250919,17.914532277978804,255.43057380034952,0.2458466340219939,0.5038265673377956,3.966329014781165,2.5656137774978474,0.0,0.22653624153730686,0.007107990394711333,0.7663557680679818,328.0749918433531,0.22142625877954547
5000,0.8,recserve,0.8303161644876892,0.927402878692973,3.0522616500596014,0.6649698807784814,43.383987749238,80.89699910972683,315.56375499316846,0.0,0.0,nan,2.2364518005209253,0.0,0.20046529216086365,0.16052387597583706,0.6390108318632993,315.56375499316846,0.0
5000,0.8,recserve_no_onu,0.8537957590078374,0.92938303225265,3.337212731038481,0.8343031827596202,9.985439154344624,17.394390139344495,266.8342766048067,0.0,0.7995347078391364,nan,2.5686548346678344,0.0,0.20046529216086365,0.0,0.7995347078391364,334.3068596044922,0.20182829356092236
5000,0.8,static_day,0.9117806830811401,0.9359579159905248,4.098875217625819,1.0246907285162286,8.896792986724996,14.335554416913572,272.3998980509931,0.9288375566019084,0.05668540760092367,28.158133655082423,2.9537715683666947,0.0,0.014285083585590531,4.606853077857737e-05,0.9856688478836308,nan,nan
5000,0.8,static_day_self,0.9162646867435883,0.9364590996149582,4.15700453583076,1.0392408155665567,8.808278500999467,13.977275749482212,272.2148762655404,0.9996372103201187,0.0002226645654297906,7.431174871034173,2.9876361226104855,0.0,7.486136251518822e-05,1.919522115774057e-05,0.9999059434163271,nan,nan
5000,0.8,static_hour,0.8902359668536921,0.9335102908991415,3.8172657712735836,0.9542761328539647,9.316726989480019,15.836892177710935,265.7110390070705,0.5846134946243783,0.33179323675577727,20.616279607093716,2.871191433815234,0.0,0.08326694986016281,7.102231828364011e-05,0.9166620278215536,nan,nan
5000,0.8,static_hour_self,0.9152703742876174,0.9363517700346682,4.144744836005628,1.036158819340337,8.834207769290401,14.050440061278639,271.51754859618427,0.9846265473747656,0.012058437931292625,2.322188964228498,2.9889788911075,0.0,0.003065476818891169,4.7988052894351424e-05,0.9968865351282145,nan,nan
5000,0.8,broadcast,0.9138307327007869,0.9361880201608795,4.125954956494032,1.0314535043755506,8.862656057832636,14.16581119196489,270.31737881076833,0.9618821298249588,0.03016337052727353,0.08195072426210467,2.992234341902875,0.0,0.007681927507327776,6.142470770476981e-05,0.9922566477849675,nan,nan
5000,0.8,oracle,0.9060413119549757,0.9352877292138325,4.022207089562983,1.0055165376427884,9.01847448748312,14.820758698028325,263.47081366946327,0.8350420279367249,0.13159475816900623,0.0023666328826199763,3.014120344130693,0.0,0.03309064175382897,6.142470770476981e-05,0.9668479335384662,nan,nan
5000,0.8,piggyback,0.9048166568451118,0.9351382004298405,4.004710871981311,0.9992457736921816,9.684670841630911,15.611699388921254,270.7950599901566,0.8201522948846656,0.1277365187163004,3.786474520589457,2.9285618259492474,0.0,0.036102371953478464,0.003203682411226901,0.9606939456352946,nan,nan
5000,0.9,recserve,0.8713651449335174,0.9329635652256073,3.5946293997846297,0.8414774024258921,49.30597734207631,84.29934546232528,348.33200974408066,0.0,0.0,nan,2.591380520140093,0.0,0.10045243136268794,0.09071277614725039,0.8088347924900616,348.33200974408066,0.0
5000,0.9,recserve_no_onu,0.885870973562422,0.9336869528368424,3.7450753316454333,0.9362688329113583,10.883354884689753,17.707632804036056,278.0443079028646,0.0,0.899547568637312,nan,2.7754203569420253,0.0,0.10045243136268794,0.0,0.899547568637312,nan,nan
5000,0.9,static_day,0.9162742843541671,0.9364606946888586,4.157150918587308,1.0392772423377477,8.809983710718305,13.978037765715271,272.220628868636,0.9996064979662663,0.00025721596351372365,28.83574416480715,2.9877201328628407,0.0,4.03099644312552e-05,1.919522115774057e-05,0.999940494814411,nan,nan
5000,0.9,static_day_self,0.9162858014868618,0.936461108624517,4.157221414956532,1.0392962955142688,8.807961282517422,13.97652619392611,272.22790728136016,0.9998272430095804,9.021753944138068e-05,7.436226530302505,2.987620680296959,0.0,2.3034265389288684e-05,1.7275699041966514e-05,0.9999596900355687,nan,nan
5000,0.9,static_hour,0.9161763887262627,0.9364518749875388,4.155944759992552,1.0389731420465562,8.81736003464984,13.99293470215052,272.138892558356,0.9969210865262984,0.002631664820726232,22.1026363857436,2.988237107676721,0.0,0.0003263187596815897,2.3034265389288684e-05,0.9996506469749291,nan,nan
5000,0.9,static_hour_self,0.9162666062657041,0.9364601197380933,4.157059411129006,1.0392547129066747,8.811488975705597,13.979836569353937,272.21254444512437,0.9993934310114154,0.0004453291308595812,2.274801635907407,2.9878023259486337,0.0,5.9505185588995764e-05,1.919522115774057e-05,0.9999212995932533,nan,nan
5000,0.9,broadcast,0.916216698690694,0.9364569668191356,4.1566281098657685,1.0391449527125727,8.81397800105839,13.986035402724516,272.1626823596186,0.9984471066083388,0.0012611260300635554,0.08182281074586553,2.9882176644452723,0.0,0.0001650789019565689,2.1114743273514627e-05,0.9998138063547699,nan,nan
5000,0.9,oracle,0.916216698690694,0.9364569656927781,4.1566310352174725,1.0391472714952885,8.813483119348389,13.985636781249193,272.1597301298594,0.998445187086223,0.0012726431627581997,1.1304196945653125e-05,2.9882445381065246,0.0,0.0001650789019565689,1.919522115774057e-05,0.9998157258768857,nan,nan
5000,0.9,piggyback,0.9154104994020689,0.9363947091922338,4.146594598848671,1.0358597232433016,9.391048526415673,14.573121721576895,273.3813281968971,0.9781174478801757,0.006967865280259827,3.728617600781113,2.9806872741754136,0.0,0.002161381902361588,0.0012745626848739739,0.9965640554127645,nan,nan
10000,0.1,recserve,0.5043868114731699,0.875828775736544,0.2552960672536133,0.011009285783902477,7.478679982563547,44.716477425317,32.20203515017631,0.0,0.0,nan,1.0356447097975339,0.0,0.8996088084040262,0.09062286798669146,0.009768323609282344,32.20203515017631,0.0
10000,0.1,recserve_no_onu,0.5337472027029868,0.8793481080730833,0.43431797933392324,0.10857949483348081,3.891695218459045,11.307400843327295,75.05052257627759,0.0,0.1003911915959738,nan,1.3891400738921842,0.0,0.8996088084040262,0.0,0.1003911915959738,50.444224351766024,-0.4877921811806014
10000,0.1,static_day,0.5043868114731699,0.875828775736544,0.2552960672536133,0.011009285783902477,7.478679982563547,44.716477425317,32.20203515017631,0.0,0.0,0.66996950860943,1.0356447097975339,0.0,0.8996088084040262,0.09062286798669146,0.009768323609282344,32.20203515017631,0.0
10000,0.1,static_day_self,0.5043868114731699,0.875828775736544,0.2552960672536133,0.011009285783902477,7.478679982563547,44.716477425317,32.20203515017631,0.0,0.0,0.053330811039867136,1.0356447097975339,0.0,0.8996088084040262,0.09062286798669146,0.009768323609282344,32.20203515017631,0.0
10000,0.1,static_hour,0.5100368259015848,0.876508559278125,0.28967221698807316,0.02980491922954175,6.786011933704569,41.62425905779547,38.23983423169584,0.0,0.01943345060800003,0.5969064855027094,1.4563288154381642,0.0,0.8996088084040262,0.07308517733573106,0.02730601426024274,35.712500368030284,-0.07076888589766783
10000,0.1,static_hour_self,0.5043868114731699,0.875828775736544,0.2552960672536133,0.011009285783902477,7.478679982563547,44.716477425317,32.20203515017631,0.0,0.0,0.047492239858693865,1.0356447097975339,0.0,0.8996088084040262,0.09062286798669146,0.009768323609282344,32.20203515017631,0.0
10000,0.1,broadcast,0.5043868114731699,0.875828775736544,0.2552960672536133,0.011009285783902477,7.478679982563543,44.716477425317,32.20203515017617,0.0,0.0,0.015250389645112689,1.0356447097975352,0.0,0.8996088084040262,0.09062286798669146,0.009768323609282344,32.20203515017631,4.218847493575595e-15
10000,0.1,oracle,0.5043868114731699,0.875828775736544,0.2552960672536133,0.011009285783902477,7.478679982563547,44.716477425317,32.20203515017631,0.0,0.0,0.013804567520022158,1.0356447097975339,0.0,0.8996088084040262,0.09062286798669146,0.009768323609282344,32.20203515017631,0.0
10000,0.1,piggyback,0.5043868114731699,0.875828775736544,0.2552960672536133,0.011009285783902477,7.478679982563547,44.716477425317,32.20203515017631,0.0,0.0,0.0708517467224912,1.0356447097975339,0.0,0.8996088084040262,0.09062286798669146,0.009768323609282344,32.20203515017631,0.0
10000,0.2,recserve,0.5516585033051581,0.8838409122645237,0.553207002845551,0.04334467667928596,12.239340901695163,57.34859620484893,61.57286810428982,0.0,0.0,nan,1.1451673788336836,0.0,0.7995109627288242,0.160555771079341,0.039933266191834856,61.57286810428982,0.0
10000,0.2,recserve_no_onu,0.5976115717799313,0.8890686971355178,0.8560726657022243,0.21401816642555607,4.7750033341450075,14.055009255059819,107.62077368015086,0.0,0.20048903727117584,nan,1.783803445205274,0.0,0.7995109627288242,0.0,0.20048903727117584,100.00682906983707,-0.07613424684225123
10000,0.2,static_day,0.5516585033051581,0.8838409122645237,0.553207002845551,0.04334467667928596,12.239340901695163,57.34859620484893,61.57286810428982,0.0,0.0,0.581722276748509,1.1451673788336836,0.0,0.7995109627288242,0.160555771079341,0.039933266191834856,61.57286810428982,0.0
10000,0.2,static_day_self,0.5516585033051581,0.8838409122645237,0.553207002845551,0.04334467667928596,12.239340901695163,57.34859620484893,61.57286810428982,0.0,0.0,0.17864676972165666,1.1451673788336836,0.0,0.7995109627288242,0.160555771079341,0.039933266191834856,61.57286810428982,0.0
10000,0.2,static_hour,0.5683562882090228,0.8857434262311307,0.6634847718112725,0.10540428323265294,9.530804298224686,50.62298412170908,69.85167804631077,0.0,0.0729064943155867,1.261823898541839,1.8853860577286354,0.0,0.7995109627288242,0.10217515522490173,0.09831388204627413,75.60058495307197,0.07604315377096305
10000,0.2,static_hour_self,0.5516585033051581,0.8838409122645237,0.553207002845551,0.04334467667928596,12.239340901695163,57.34859620484893,61.57286810428982,0.0,0.0,0.1279132293997605,1.1451673788336836,0.0,0.7995109627288242,0.160555771079341,0.039933266191834856,61.57286810428982,0.0
10000,0.2,broadcast,0.5516585033051581,0.8838409122645237,0.553207002845551,0.04334467667928596,12.239340901695172,57.34859620484893,61.57286810429042,0.0,0.0,0.04011587026431753,1.145167378833692,0.0,0.7995109627288242,0.160555771079341,0.039933266191834856,61.57286810428982,-9.769962616701378e-15
10000,0.2,oracle,0.5516585033051581,0.8838409122645237,0.553207002845551,0.04334467667928596,12.239340901695163,57.34859620484893,61.57286810428982,0.0,0.0,0.03748260542392039,1.1451673788336836,0.0,0.7995109627288242,0.160555771079341,0.039933266191834856,61.57286810428982,0.0
10000,0.2,piggyback,0.5516585033051581,0.8838409122645237,0.553207002845551,0.04334467667928596,12.239340901695163,57.34859620484893,61.57286810428982,0.0,0.0,0.19678990854524872,1.1451673788336836,0.0,0.7995109627288242,0.160555771079341,0.039933266191834856,61.57286810428982,0.0
10000,0.3,recserve,0.5944602530610217,0.8914545523449401,0.8959085983798133,0.10095986225163538,16.895471918011584,63.29834969536961,97.53038161069021,0.0,0.0,nan,1.34403749615105,0.0,0.6999443884931957,0.21020194047848828,0.089853671028316,97.53038161069021,0.0
10000,0.3,recserve_no_onu,0.6478348777789031,0.8975920964534596,1.2758426863224357,0.3189606715806089,5.637059960243584,15.057216012666087,127.5109689351061,0.0,0.30005561150680427,nan,2.1789722187719023,0.0,0.6999443884931957,0.0,0.30005561150680427,138.1574618644516,0.07706057121830245
10000,0.3,static_day,0.5944631196335374,0.8914547239273167,0.8959202863514838,0.10096619355479834,16.895129800534992,63.29834969536961,97.5328860970273,0.0,9.555241718949765e-06,0.4502252728003352,1.3440492440436824,0.0,0.6999443884931957,0.21019525180928503,0.08986035969751927,97.53263429182347,-2.5817533346739197e-06
10000,0.3,static_day_self,0.5944602530610217,0.8914545523449401,0.8959085983798133,0.10095986225163538,16.895471918011584,63.29834969536961,97.53038161069021,0.0,0.0,0.49266562019926624,1.34403749615105,0.0,0.6999443884931957,0.21020194047848828,0.089853671028316,97.53038161069021,0.0
10000,0.3,static_hour,0.6183684233660058,0.894197214854236,1.0662377936564662,0.1986237336915912,11.857659536523133,55.0240837698356,98.29129639147418,0.0,0.13446136146906107,3.7651452854367413,2.224811744893052,0.0,0.6999443884931957,0.11602452257234751,0.18403108893445677,116.31849315566105,0.15498134711960465
10000,0.3,static_hour_self,0.5944602530610217,0.8914545523449401,0.8959085983798133,0.10095986225163538,16.895471918011584,63.29834969536961,97.53038161069021,0.0,0.0,0.314256763255616,1.34403749615105,0.0,0.6999443884931957,0.21020194047848828,0.089853671028316,97.53038161069021,0.0
10000,0.3,broadcast,0.6915720856990519,0.9050218461214649,1.8788390419532441,0.38518044309566896,14.429922469019303,57.35080478593375,96.88840804918584,0.2998635511482534,0.004022756763677851,0.02942787630527689,4.586788206893451,0.0,0.49008070357155825,0.1443873465667061,0.36553194986173565,165.4685705931095,0.41446035520886704
10000,0.3,oracle,0.6927980232115932,0.9051800374979668,1.8892503817319066,0.3887777431665689,14.349906473987543,57.34859620484893,96.59861815053019,0.30247595423421425,0.00569301301615027,0.009707655043771963,4.634091165027136,0.0,0.4882231645813944,0.1426922466857644,0.36908458873284117,166.1069139766711,0.41845516337690203
10000,0.3,piggyback,0.5945271397530544,0.8914633308923539,0.896439170375693,0.10126053130966053,16.88029654816333,63.29834969536961,97.59369028596966,0.0,0.00040418672471157505,0.45899807563678036,1.3459048478908253,0.0,0.6999443884931957,0.2099152832269198,0.0901403282798845,97.58294417046596,-0.00011012288668932335
10000,0.4,recserve,0.6390287670107191,0.8994842958434566,1.2712897359504505,0.1747280033558009,22.042364155068693,67.60990541219208,132.55431697666586,0.0,0.0,nan,1.6167426574985748,0.0,0.6000911570059988,0.24005538218100303,0.1598534608129982,132.55431697666586,0.0
10000,0.4,recserve_no_onu,0.6937927238745358,0.9053902069108386,1.6920714005882207,0.4230178501470552,6.514193251079574,16.039717982391657,141.2878022564913,0.0,0.3999088429940012,nan,2.585697590654422,0.0,0.6000911570059988,0.0,0.3999088429940012,166.62485276255387,0.15206045248345246
10000,0.4,static_day,0.6928477104685318,0.9052886174327323,1.6847996208480085,0.41869446445736735,6.785533217793988,16.461377170867827,141.2253717753579,0.0,0.3929516714984339,11.005041986645354,2.573135579868977,0.0,0.6000911570059988,0.004175640631181047,0.39573320236282017,166.13278603898226,0.14992473705810216
10000,0.4,static_day_self,0.6937812575844731,0.905388674739042,1.691955596791732,0.42295206995201357,6.5183756286785774,16.04506774425559,141.26145079221652,0.0,0.3997941800933738,6.454939641281226,2.5860405293058606,0.0,0.6000911570059988,6.49756436888584e-05,0.39984386735031235,166.6188822866359,0.15218822228561568
10000,0.4,static_hour,0.6686203950901346,0.9026761052749185,1.498766114437397,0.3087919069013689,13.676559966597479,57.73623446821102,123.5833690969903,0.0,0.21577837954566736,6.653591218594998,2.5930193993129795,0.0,0.6000911570059988,0.11045286112602791,0.28945598186797333,151.3828536552506,0.1836369435971199
10000,0.4,static_hour_self,0.7364626112946779,0.912184721143687,2.2559790014007985,0.48822339390719566,15.590960789919377,60.59520581153646,119.44610078733969,0.3192138711532986,0.06052290104782781,1.2156452586305515,4.354098064797556,0.0,0.4085314931211815,0.1270598712335626,0.4644086356452559,188.8429838119124,0.36748457169948134
10000,0.4,broadcast,0.8104249598202086,0.9221906866488632,3.0380946293808395,0.7148554702803317,12.914027578215073,52.00096161041314,120.10043026229619,0.5996210391134265,0.0352846410955658,0.02995434968511547,5.606765326815765,0.0,0.24019011108924024,0.07494462737423868,0.684865261536521,223.45818966433933,0.46253735232214466
10000,0.4,oracle,0.8103790946599576,0.9221902545533182,3.037998820883172,0.714659131084539,12.933139796167087,52.02202391017646,120.0657884769679,0.5998044997544303,0.034735214696726184,0.006002363878868893,5.6094088959301684,0.0,0.24007258161609715,0.07523319567415097,0.6846942227097519,223.4365597104291,0.462640363633545
10000,0.4,piggyback,0.6489060203755974,0.9006066935843501,1.352683895404502,0.21641521729575194,19.744318250918646,66.51340888799356,134.37716413879383,0.007550552006314104,0.05662340690232441,2.3173394228081143,1.854160468881816,0.0,0.5955419064236068,0.20428533480611458,0.20017275877027862,138.83900759136216,0.032136814645784884
10000,0.5,recserve,0.6870906773328644,0.9070553500452198,1.6642979400809903,0.2663053912584826,27.151986892860904,71.70232950057644,163.13510958850782,0.0,0.0,nan,1.9629571633622573,0.0,0.5002302813254267,0.2500587647365715,0.24971095393800177,163.13510958850782,0.0
10000,0.5,recserve_no_onu,0.7404586133815427,0.9123707658500995,2.1023291780772175,0.5255822945193044,7.394453913626283,16.460387983487077,151.36225762027294,0.0,0.4997697186745733,nan,2.993904477615932,0.0,0.5002302813254267,0.0,0.4997697186745733,190.84273899002588,0.20687442225305896
10000,0.5,static_day,0.7404299476563858,0.9123673589643918,2.1020513766236744,0.5254218199677797,7.407089475572853,16.478847933886094,151.33842355666886,0.0,0.49945439569784794,15.829384700712712,2.9941435195819572,0.0,0.5002302813254267,0.00015479491584698618,0.49961492375872635,190.8294460688112,0.20694407139819637
10000,0.5,static_day_self,0.740455746809027,0.9123702376172095,2.10228870971749,0.5255595587771584,7.396058487074918,16.46417938583608,151.35474999948002,9.555241718949764e-07,0.49972480903849426,6.947568143668593,2.9940222624160757,0.0,0.5002302813254267,2.388810429737441e-05,0.49974583057027594,190.8414096979044,0.20690823737327468
10000,0.5,static_hour,0.729784452857304,0.9113456882940232,2.0190492477158197,0.47225251159528586,11.693849559748278,50.5488131513239,143.55723759441224,0.005616571082398671,0.3884693076080746,9.209049052475306,3.0900341524146917,0.0,0.49743155102594633,0.05427472848780655,0.44829372048624716,185.36567912936212,0.22554575221971274
10000,0.5,static_hour_self,0.8150487412880084,0.9228141138881464,2.9942656624744637,0.7289890506485143,10.775516460801507,39.761798898332806,137.64743685890187,0.462552052179264,0.20335943188354835,0.8849312728330258,4.721084240380837,0.0,0.2688558362460895,0.03264261676027618,0.6985015469936343,225.63875939291432,0.3899654597053932
10000,0.5,broadcast,0.8652816025286991,0.9297150457835436,3.582670175988442,0.8775512839378298,11.016439516257197,37.51851645285805,136.18669502278928,0.7467975607378939,0.0662312024507284,0.0414648879321979,5.550368980619375,0.0,0.1266222411628347,0.0302050745977721,0.8431726842393932,248.2828663465013,0.45148573066363595
10000,0.5,oracle,0.8652519812793704,0.9296956043779063,3.5808560005962473,0.8773137778941394,10.984877135827793,37.19283042051504,136.13244649086758,0.7456442430624167,0.06755078133211535,0.004506524593951899,5.54908639125923,0.0,0.12718504490008084,0.02985344170251475,0.8429615133974044,248.26980217377658,0.4516753737307866
10000,0.5,piggyback,0.7684430498038309,0.9165813007151218,2.4642073831441715,0.5888588557024728,11.3122637815264,47.287575147329186,153.0262112985585,0.21488209787242987,0.3017822436854185,4.597246390903371,3.4686827022113333,0.0,0.3926573700534902,0.0453845315924957,0.5619580983540141,203.819731777129,0.24920806261344575
10000,0.6,recserve,0.7390377489379348,0.9143580312337063,2.0991077047736075,0.38229404058684474,32.3310300921769,73.84421285330187,190.18385319515363,0.0,0.0,nan,2.4091623732447434,0.0,0.4002958302836187,0.24004582693928408,0.35965834277709724,190.18385319515363,0.0
10000,0.6,recserve_no_onu,0.7825551862985478,0.9186490508415137,2.514782612517749,0.6286956531294372,8.281893213376502,16.868737252693613,158.96608133832007,0.0,0.5997041697163813,nan,3.408367671419823,0.0,0.4002958302836187,0.0,0.5997041697163813,210.3638368910951,0.24432790498769774
10000,0.6,static_day,0.7825494531535164,0.9186481849460595,2.514710420755514,0.6286543190648094,8.285940214699542,16.8727858724345,158.95381593747464,0.0,0.5995990620574728,20.036350920340514,3.408650232473303,0.0,0.4002958302836187,4.204306356337896e-05,0.5996621266528179,210.36117830685217,0.24437666105097589
10000,0.6,static_day_self,0.9167050468875712,0.9364467627397132,4.155268060840135,1.0388087852803414,8.985531428255394,14.270801953505725,161.74845767886583,0.9998920257685758,3.344334601632417e-05,5.1175397150781,5.1368506539941725,0.0,3.7265442703904083e-05,1.5288386750319622e-05,0.9999474461705458,nan,nan
10000,0.6,static_hour,0.7971919055636351,0.9205715422387417,2.6924456889615933,0.6720917293649776,8.558015938291124,16.86464659766583,156.89510080776145,0.1100534520221758,0.5293795017132549,12.626996554439637,3.696741860780762,0.0,0.3562432993867446,0.0017170769368952726,0.6420396236763601,217.2174973371985,0.2777050526265631
10000,0.6,static_hour_self,0.8810372405990754,0.9317898639881442,3.725239339694576,0.924421749258991,10.007515382394244,16.876026848238293,147.74569622686528,0.7500444318739932,0.12095884939601317,1.191436607008855,5.2355166880190405,0.0,0.10003860317654456,0.011588597156742275,0.8883727996667131,nan,nan
10000,0.6,broadcast,0.8936320047088231,0.9334116263586912,3.875114492817325,0.9667863075297216,9.236570206937037,15.181463579297997,149.008749821671,0.8326743401627831,0.09191282561874968,0.04958912315002375,5.312742872239876,0.0,0.06692873509621172,0.0033758668993049516,0.9296953980044833,nan,nan
10000,0.6,oracle,0.8930013587553725,0.9333248507518784,3.867363643834098,0.9648067203926058,9.239911107665527,15.20568074064795,148.98206711638082,0.8279980048655291,0.09453478394642949,0.002902418609891073,5.305857020674594,0.0,0.06882449505325136,0.003447531212197075,0.9277279737345515,nan,nan
10000,0.6,piggyback,0.8532075990926342,0.928118535596087,3.385634315166271,0.8368867283425668,10.27067585210711,18.58992535562907,158.12339296377164,0.5474159759819445,0.23131711362902346,3.586222138665256,4.494561826975971,0.0,0.18114445041116206,0.016060450281210763,0.8027950993076272,242.9577409739392,0.3491732663881959
10000,0.7,recserve,0.7887756486575841,0.9211850793366685,2.5645378473569242,0.5157420973373362,37.775488128296935,77.11357657194586,213.24840079467148,0.0,0.0,nan,2.9400904521471882,0.0,0.3003002256948094,0.21025353878377062,0.48944623552141997,213.24840079467148,0.0
10000,0.7,recserve_no_onu,0.8250683677544991,0.9243896358368088,2.926502219682651,0.7316255549206627,9.18474500586716,17.242276232734532,164.99317284084682,0.0,0.6996997743051906,nan,3.830451994857095,0.0,0.3003002256948094,0.0,0.6996997743051906,230.36400307421974,0.2837718973493938
10000,0.7,static_day,0.8935307191466022,0.9334020431117838,3.8448976518949,0.9612121024780564,9.035652131211718,15.272351649908352,163.0235162223122,0.7471186168596508,0.176950654820715,30.021244518340836,4.811033389254452,0.0,0.07586861924846112,2.102153178168948e-05,0.9241103592197571,nan,nan
10000,0.7,static_day_self,0.9167136466051181,0.9364478146213601,4.155370913461998,1.038836372218708,8.985500790708873,14.270593135850504,161.75140437822782,0.9999493572188896,0.0,5.115306342924684,5.13686372577499,0.0,1.62439109222146e-05,1.1466290062739717e-05,0.9999722897990151,nan,nan
10000,0.7,static_hour,0.8639390910671867,0.9294965261876784,3.446736703403386,0.8614336808893255,9.19861667159474,16.301127171973974,158.47727986648266,0.4237013948741861,0.40188008936062053,16.7373595071207,4.58819502580297,0.0,0.17302153942588286,0.0004175640631181047,0.8265608965109991,247.69076432462333,0.3601809082441909
10000,0.7,static_hour_self,0.907116361822605,0.935190364405984,4.027113239169611,1.0065143433733443,9.079146876209983,14.737124029253735,155.3068994820461,0.8962969616242382,0.07111010887242415,1.4676666325327168,5.243298309476326,0.0,0.03114626590708865,0.000446229788274954,0.9684075043046364,nan,nan
10000,0.7,broadcast,0.9069854550110554,0.935170355977694,4.025341177549768,1.0057851073913615,9.14941102930559,14.808474270976149,154.46049047292104,0.8954637445463458,0.06999405663965082,0.05439059028957607,5.274877005535036,0.0,0.03141476819939114,0.000933547115941392,0.9676516846846674,nan,nan
10000,0.7,oracle,0.9071278281126678,0.9351921393576951,4.0274448786770956,1.0067237722947677,9.05228694511061,14.71140581741929,154.71503062929972,0.8962367636014088,0.07179426417950095,0.0016034833986794447,5.263142491489625,0.0,0.03119213106733961,0.00022932580125479434,0.9685785431314056,nan,nan
10000,0.7,piggyback,0.8934408998744441,0.9333997477083388,3.8437511967940257,0.9575077922996217,9.81545157903605,16.30370329393459,160.47232636712002,0.7539295931569181,0.15309026072432555,3.0323883204124638,4.9235280643194015,0.0,0.07388877316429474,0.005736011603885543,0.9203752152318198,nan,nan
10000,0.8,recserve,0.8310633264089682,0.9274156872790842,3.0525894877052706,0.6653110995598855,43.42096857029551,80.92726819679329,233.19121829990257,0.0,0.0,nan,3.5562680779981655,0.0,0.20049094831951964,0.1603446002373522,0.6391644514431282,233.19121829990257,0.0
10000,0.8,recserve_no_onu,0.8544230258392846,0.9293680730125115,3.3365081897976774,0.8341270474494193,10.094960984908147,17.605935205017033,169.8831240575902,0.0,0.7995090516804804,nan,4.25547073886127,0.0,0.20049094831951964,0.0,0.7995090516804804,243.49379348057886,0.3023102493528643
10000,0.8,static_day,0.9166725590657266,0.9364439455352479,4.154879198812092,1.0387144530675194,8.986515303619939,14.273949629277922,161.7172002465501,0.9993015118303448,0.000525538294542237,31.864002647173667,5.1376862571342885,0.0,0.00013472890823719167,8.599717547054787e-06,0.9998566713742157,nan,nan
10000,0.8,static_day_self,0.9167136466051181,0.9364480503736868,4.155392412755866,1.0388434172984273,8.985328732818097,14.270548818050884,161.75436952581606,0.9999512682672334,6.688669203264835e-06,5.115165834425205,5.1367853587220145,0.0,1.2421814234634693e-05,7.644193375159811e-06,0.9999799339923902,nan,nan
10000,0.8,static_hour,0.913831785702683,0.9361240285267002,4.117786350528309,1.0294074842386287,9.05030317202985,14.490325542466408,161.4529431888137,0.954245680552981,0.03632520691875942,23.629757466459402,5.121980857698177,0.0,0.00913385555914408,6.688669203264835e-05,0.9907992577488233,nan,nan
10000,0.8,static_hour_self,0.9158928513414604,0.9363563677494755,4.14467756410134,1.0361281711458457,9.012471253442415,14.341875110636465,161.09759800582572,0.9869446732393989,0.01018397662405666,1.5372101411876493,5.151597433801257,0.0,0.0025818263124602263,6.784221620454333e-05,0.9973503314713352,nan,nan
10000,0.8,broadcast,0.9131180091462774,0.9360300245837612,4.107013965941296,1.0267350847454388,9.062829670328206,14.544708388973959,158.31470917783415,0.9408387208971225,0.047157028931360874,0.05558634623303131,5.218422905377343,0.0,0.011859010497388552,3.0576773500639245e-05,0.9881104127291108,nan,nan
10000,0.8,oracle,0.9133998887769864,0.9360683729141865,4.111365558704539,1.0278142556562255,9.058104528086357,14.52270337252412,158.46535937743988,0.9462527208550795,0.04279315003831652,0.0006831168634472153,5.216302271100306,0.0,0.010767801893084489,4.490963607906389e-05,0.9891872884708365,nan,nan
10000,0.8,piggyback,0.9099724235723992,0.9356857473237197,4.066085714340316,1.0147172909743098,9.715862477439593,15.405076910043135,162.131616514439,0.8969495846336425,0.06764346717678917,2.7430788498241423,5.091509478822347,0.0,0.020663210217228865,0.0029430144494365274,0.9763937753333346,nan,nan
10000,0.9,recserve,0.8719712272561359,0.9329471251810009,3.5930324113799106,0.841265814402807,49.37684603605405,84.41389697521626,251.23326225765254,0.0,0.0,nan,4.297236115183657,0.0,0.10062911711477565,0.09054738157711176,0.8088235013081126,251.23326225765254,0.0
10000,0.9,recserve_no_onu,0.8861292289111038,0.9336712571353666,3.7428202792806053,0.9357050698201513,11.021970042248565,17.923288856257475,173.9022994746291,0.0,0.8993708828852244,nan,4.690012048199771,0.0,0.10062911711477565,0.0,0.8993708828852244,nan,nan
10000,0.9,static_day,0.9167126910809463,0.9364480555053806,4.155369447687918,1.038838784917242,8.985578009451732,14.271037468337454,161.75640381549832,0.9998652710917628,8.790822381433783e-05,31.860176109576138,5.136744310613008,0.0,1.7199435094109574e-05,5.733145031369858e-06,0.9999770674198745,nan,nan
10000,0.9,static_day_self,0.9167165131776338,0.9364482992379072,4.155415469554133,1.038850290383796,8.985318854361052,14.270548818050884,161.75819209407447,0.9999627345572961,0.0,5.115109627543665,5.136689506630529,0.0,7.644193375159811e-06,5.733145031369858e-06,0.9999866226615934,nan,nan
10000,0.9,static_hour,0.9167126910809463,0.9364478535872514,4.155344680501383,1.0388280276261148,8.988047463225307,14.27331309649162,161.75116465804987,0.9997840515371518,0.00015097281915940627,24.10667607579582,5.137053663144493,0.0,2.0066007609794506e-05,1.2421814234634693e-05,0.9999675121781556,nan,nan
10000,0.9,static_hour_self,0.916706002411743,0.936447608004909,4.155320761820311,1.0388216389915015,8.988090120891407,14.27368150325492,161.7461624652224,0.999718120369291,0.00021117084198878978,1.553874576152861,5.137207403338172,0.0,2.962124932874427e-05,1.337733840652967e-05,0.9999570014122647,nan,nan
10000,0.9,broadcast,0.9167021803150555,0.936446874845167,4.1551938261672205,1.0387948795370676,8.987629419229298,14.274559809826314,161.74059963135375,0.9993559767081428,0.0005379601087768717,0.05558464598312007,5.137350282776793,0.0,6.0198022829383514e-05,5.733145031369858e-06,0.9999340688321392,nan,nan
10000,0.9,oracle,0.9167117355567744,0.9364479641312867,4.155350184320613,1.0388291131015743,8.988662576138562,14.273914597928524,161.75458162868588,0.9998289611732308,0.00010797423142413233,3.91872065626958e-06,5.1369777906937255,0.0,1.8154959266004554e-05,1.337733840652967e-05,0.9999684677023275,nan,nan
10000,0.9,piggyback,0.9159167394457578,0.9363848635657444,4.145111524959247,1.0354790109560401,9.56750891121534,14.865417278953828,162.98451571299748,0.9801394300871629,0.005143586617310658,2.641871112355821,5.126067426543926,0.0,0.0020113783818389254,0.001259380858557579,0.9967292407596035,nan,nan
20000,0.1,recserve,0.5034395596980749,0.8758348948938931,0.2552550959320118,0.011024005375044804,7.481060368477027,44.716477425317,31.997911377380518,0.0,0.0,nan,1.0686052310739411,0.0,0.8995337512328578,0.09068713190729388,0.00977911685984829,31.997911377380518,0.0
20000,0.1,recserve_no_onu,0.5330109199739479,0.8793571007481379,0.4348774865922972,0.1087193716480743,3.898313519889193,11.350274519695166,61.94716451247744,0.0,0.10046624876714216,nan,1.7959443019470285,0.0,0.8995337512328578,0.0,0.10046624876714216,48.52935119322399,-0.2764886195537464
20000,0.1,static_day,0.5302195527782789,0.8790303787497397,0.4181173446168438,0.09959899495467439,4.233417332438631,11.753509505389607,58.98592432865967,0.0,0.0910709269511695,1.0424043031066013,1.7918930231501256,0.0,0.8995337512328578,0.00846981107425764,0.09199643769288453,46.968877871448164,-0.25585125729640934
20000,0.1,static_day_self,0.5034395596980749,0.8758348948938931,0.2552550959320118,0.011024005375044804,7.481060368477027,44.716477425317,31.997911377380518,0.0,0.0,0.08885641164901138,1.0686052310739411,0.0,0.8995337512328578,0.09068713190729388,0.00977911685984829,31.997911377380518,0.0
20000,0.1,static_hour,0.5584012112992707,0.8834586312826531,0.7207790465133752,0.16053916121162468,5.847672594238158,16.19943276187405,44.96878576994346,0.09480646823856738,0.053555200686045606,1.758683525159367,5.007677446076746,0.039841452741205284,0.8142460700488167,0.03375099358411452,0.15200293636706885,63.39138547537466,0.29061677020117727
20000,0.1,static_hour_self,0.5034395596980749,0.8758348948938931,0.2552550959320118,0.011024005375044804,7.481060368477027,44.716477425317,31.997911377380518,0.0,0.0,0.07117810590003196,1.0686052310739411,0.0,0.8995337512328578,0.09068713190729388,0.00977911685984829,31.997911377380518,0.0
20000,0.1,broadcast,0.5034395596980749,0.8758348948938931,0.2552550959320118,0.011024005375044804,7.481060368477025,44.716477425317,31.99791137738048,0.0,0.0,0.024520446281899935,1.0686052310739431,0.0,0.8995337512328578,0.09068713190729388,0.00977911685984829,31.997911377380518,1.2212453270876722e-15
20000,0.1,oracle,0.5034395596980749,0.8758348948938931,0.2552550959320118,0.011024005375044804,7.481060368477027,44.716477425317,31.997911377380518,0.0,0.0,0.02259031654651266,1.0686052310739411,0.0,0.8995337512328578,0.09068713190729388,0.00977911685984829,31.997911377380518,0.0
20000,0.1,piggyback,0.5034395596980749,0.8758348948938931,0.2552550959320118,0.011024005375044804,7.481060368477027,44.716477425317,31.997911377380518,0.0,0.0,0.11329314128821043,1.0686052310739411,0.0,0.8995337512328578,0.09068713190729388,0.00977911685984829,31.997911377380518,0.0
20000,0.2,recserve,0.5507698153333298,0.8838270512569775,0.5528535228508793,0.043293070106720864,12.237851718427553,57.34859620484893,58.45720392271148,0.0,0.0,nan,1.295741154605261,0.0,0.7996680794982143,0.16046461213491017,0.03986730836687552,58.45720392271148,0.0
20000,0.2,recserve_no_onu,0.5968175638394244,0.8890497685569052,0.8557511744750455,0.21393779361876136,4.7909321499118676,14.138036834701854,78.90705196688005,0.0,0.2003319205017857,nan,2.6188749654483763,0.0,0.7996680794982143,0.0,0.2003319205017857,87.85818066598372,0.10188156220914446
20000,0.2,static_day,0.596777365854779,0.8890456940715635,0.8554921348336114,0.21379427963536599,4.797311701723919,14.145455014933072,78.89191709286847,0.0,0.20016107906704306,5.025052685050707,2.6183331650643384,0.0,0.7996680794982143,0.0001320790924060743,0.20019984140937963,87.83695187131741,0.10183680772021286
20000,0.2,static_day_self,0.5507698153333298,0.8838270512569775,0.5528535228508793,0.043293070106720864,12.237851718427553,57.34859620484893,58.45720392271148,0.0,0.0,0.40103055211763733,1.295741154605261,0.0,0.7996680794982143,0.16046461213491017,0.03986730836687552,58.45720392271148,0.0
20000,0.2,static_hour,0.6615056920824806,0.8990456581563973,1.5675974688669003,0.3676323635888569,7.957195559150489,26.925718055168144,62.3525470194294,0.23924117690128094,0.1011529643381665,2.4265406648713945,6.859190795041476,0.017600683553495432,0.6083768771621372,0.04101917204593864,0.35060395079192425,119.05490121928737,0.47627064168839073
20000,0.2,static_hour_self,0.5507698153333298,0.8838270512569775,0.5528535228508793,0.043293070106720864,12.237851718427553,57.34859620484893,58.45720392271148,0.0,0.0,0.2641658306100694,1.295741154605261,0.0,0.7996680794982143,0.16046461213491017,0.03986730836687552,58.45720392271148,0.0
20000,0.2,broadcast,0.626587999848779,0.8947404019356358,1.2997136027587304,0.24994135209749735,11.730522433565847,53.47587324425733,57.66376149737057,0.2069330038374719,0.0006790588120442733,0.01156625201242146,6.982754583338175,0.026928303941171645,0.6341413925826105,0.1267653016739111,0.23909330574347848,103.58012490633706,0.4432931843873198
20000,0.2,oracle,0.6265004256679445,0.8947291091760029,1.2989176501215272,0.24971715980182393,11.73161146901526,53.48254984066045,57.629329843969124,0.20671478620654013,0.0006709235056279572,0.0071688351781460284,6.9867016206642925,0.026952849541637285,0.6343141482070981,0.12681028513291895,0.23887556665998294,103.53387646081407,0.44337706831849466
20000,0.2,piggyback,0.5507793862820549,0.8838286926938458,0.552944084124811,0.04334216141692153,12.23570783089235,57.34859620484893,58.473525059420446,0.0,6.173261927675212e-05,0.4122973799837655,1.2961685990746512,0.0,0.7996680794982143,0.16041580029641228,0.03991612020537342,58.46339214814909,-0.00017332061823704947
20000,0.3,recserve,0.5936787712050351,0.8914501064864582,0.8965076948035012,0.10094108076110099,16.911857391060575,63.29834969536961,86.20056561579116,0.0,0.0,nan,1.7066841857922983,0.0,0.6998607905507938,0.21030963454767937,0.0898295749015269,86.20056561579116,0.0
20000,0.3,recserve_no_onu,0.6471277343602323,0.8975830417540074,1.2771339966319832,0.3192834991579958,5.6735944848913755,15.188015333772654,87.53446382968241,0.0,0.30013920944920625,nan,3.44152826701325,0.0,0.6998607905507938,0.0,0.30013920944920625,113.32227528210335,0.22756171624885768
20000,0.3,static_day,0.6471234274333061,0.8975825415405353,1.2771013970235308,0.31926492098942555,5.674641423617634,15.188863662865717,87.52698430874818,0.0,0.3001119322453398,8.93779688427434,3.441803590300022,0.0,0.6998607905507938,1.7227707705140126e-05,0.3001219817415011,113.32055807014017,0.22761601425777445
20000,0.3,static_day_self,0.5936787712050351,0.8914501064864582,0.8965076948035012,0.10094108076110099,16.911857391060575,63.29834969536961,86.20056561579116,0.0,0.0,1.8375620147043568,1.7066841857922983,0.0,0.6998607905507938,0.21030963454767937,0.0898295749015269,86.20056561579116,0.0
20000,0.3,static_hour,0.7277002876548639,0.9094810650444377,2.171330427912332,0.5207702043923955,9.11165187181433,30.647698359470503,74.30335123400263,0.33430749639773416,0.14605794156648674,3.3376472271008133,7.461256087183972,0.012958771750571597,0.46588650673292314,0.037647326810093716,0.4964661664569831,141.85687331990374,0.47620901620720246
20000,0.3,static_hour_self,0.7306127273519051,0.9102696035799919,2.246799597254478,0.5108744961493681,11.967408492604704,50.79645502925721,72.45558355546586,0.39137092833895704,0.058746483274527826,1.2379426965458007,8.452568091910154,0.01323421666205065,0.4259459806083008,0.08679989108260351,0.4872541283090957,142.76273673536312,0.4924755211874682
20000,0.3,broadcast,0.8428230087521541,0.9261628758224505,3.4089592081379863,0.8250510940312213,11.155417261663457,38.851803812240675,70.25140770142944,0.7694387164974922,0.0029411525432164226,0.008740099049547,11.558793611945616,0.008154345450690673,0.16131881930862338,0.0464176656743188,0.7922635150170578,176.22304277769177,0.6013494796474901
20000,0.3,oracle,0.8427612761328773,0.9261528097396926,3.408379204816867,0.8247615666111712,11.168905807383483,38.87056899337013,70.13167861212163,0.7693678914769266,0.002618611571181299,0.0016620326551452275,11.584833151868644,0.008157311640121163,0.16135758165095995,0.046666988888607076,0.791975429460433,176.2043068342253,0.6019865809630738
20000,0.3,piggyback,0.61103233688591,0.8935748695289222,1.0353955984163907,0.1659253073590546,14.19824118790449,59.468384717491816,89.11017980681217,0.015807378914338574,0.06922858631823309,3.4718516828972064,2.358204077601131,0.0,0.6887766748322811,0.15849060396036288,0.15273272120735604,95.36508681797625,0.06558906639599504
20000,0.4,recserve,0.6385880553602816,0.8994690952880986,1.2713500043308543,0.17472690972729019,22.053555667784675,67.62548658304999,109.91742556171566,0.0,0.0,nan,2.2708187560163307,0.0,0.6000463233918294,0.24008772731601408,0.15986594929215656,109.91742556171566,0.0
20000,0.4,recserve_no_onu,0.6929692289213014,0.9053778762894006,1.6929575332219593,0.4232393833054898,6.575076823343927,16.266741177999148,92.90856412654367,0.0,0.3999536766081706,nan,4.283073002574716,0.0,0.6000463233918294,0.0,0.3999536766081706,131.05438511083682,0.29106863499479263
20000,0.4,static_day,0.6929668361841201,0.9053776074329036,1.6929384832056171,0.4232279732989672,6.575926874723208,16.268232114891024,92.90466208917604,0.0,0.3999311848786667,11.873484470257623,4.283285647517412,0.0,0.6000463233918294,1.1485138470093418e-05,0.3999421914697005,131.05364089179685,0.29109438351368
20000,0.4,static_day_self,0.9165968386199266,0.9364671018058628,4.156483721491135,1.0391142828703466,9.426623772555757,15.086716002691537,90.63031209120571,0.9999535808986834,0.0,2.4295675020030516,9.62555624912533,0.006460619176170556,2.392737181269462e-05,1.1485138470093418e-05,0.9999645874897172,nan,nan
20000,0.4,static_hour,0.7889495740209996,0.918898498985347,2.7683495109484477,0.6778926670740699,9.582952688340264,19.152266685017715,81.23455950504794,0.45363760655456853,0.17889347390504756,5.030967371486681,8.294862782245911,0.00995129526259891,0.32783609941727276,0.023780457749764675,0.6483834428329626,159.74797289880738,0.4914830026888284
20000,0.4,static_hour_self,0.8510176550505657,0.927569695628495,3.4564118857783837,0.8470268876662533,10.640856910821098,20.753851090615758,77.8475207657971,0.7362509732458484,0.05773866237377713,0.5596836505011243,10.338363572309659,0.00794560731513809,0.1582723863294311,0.028650635008520536,0.8130769786620483,178.71013034296234,0.564392233297575
20000,0.4,broadcast,0.884983037886122,0.9322341518940787,3.8255327730818984,0.943371262843615,10.564124947778241,17.92054407671094,76.47506446193647,0.8810943614191229,0.011167861519857087,0.010219933984476418,11.17824552201994,0.007124209806395641,0.07136530062110671,0.021812670691888667,0.9068220286870046,nan,nan
20000,0.4,oracle,0.8854046381774616,0.9322929967427654,3.8302892694829818,0.9443972613687318,10.587392330038027,17.97429577931761,76.36924288501805,0.8831894420950424,0.009858555734266437,0.0013503187640897922,11.20856043909119,0.007116507239332883,0.07010624231632273,0.022090228204915928,0.9078035294787613,nan,nan
20000,0.4,piggyback,0.8078311416658331,0.9215952542106013,2.984543755267013,0.7256663270575027,10.267131064423843,34.71686785945339,92.48658712846016,0.5486613353291951,0.12343030459065771,2.3491647128185758,7.382454002981483,9.227353732671168e-05,0.2707817598773387,0.03426973900501374,0.6949485011176475,165.53460221329857,0.441285472089472
20000,0.5,recserve,0.6867495478923096,0.907059533732639,1.6656454298480565,0.2665740736398366,27.19910685743407,71.77166609561108,129.1198621383219,0.0,0.0,nan,2.9877768178270774,0.0,0.500018902623732,0.2501032466093718,0.2498778507668962,129.1198621383219,0.0
20000,0.5,recserve_no_onu,0.7398113661715774,0.9123714306896232,2.1041931742864977,0.5260482935716244,7.491535515770745,16.741727682955762,96.6726063600481,0.0,0.49998109737626795,nan,5.132542827485992,0.0,0.500018902623732,0.0,0.49998109737626795,145.60243626151734,0.3360509010548841
20000,0.5,static_day,0.7398104090767049,0.912371262389946,2.104181162745848,0.5260415881649476,7.492209755951576,16.742471040297,96.67076706365381,0.0,0.4999633911211266,13.94921041260594,5.132691985830342,0.0,0.500018902623732,6.699664107554493e-06,0.4999743977121604,145.60216094559277,0.33606227795082777
20000,0.5,static_day_self,0.9166021026417254,0.9364677078356245,4.156527215710521,1.039128101406116,9.426489328019585,15.086563996784388,90.63476397768756,0.999966023132026,0.0,2.429474969600575,9.625132444484763,0.006460538789792731,1.6270612832632343e-05,6.699664107554493e-06,0.9999770297230598,nan,nan
20000,0.5,static_hour,0.8222105350303901,0.9236268576179617,3.062562153501747,0.7638346503756357,8.796318393009498,16.467892130687275,89.0841998919358,0.4697249357191156,0.25906978992246094,6.549937985296313,7.999293836524518,0.008827868337902028,0.26517701230393315,0.003005277899674444,0.7318177097963924,169.94145130195002,0.4757947563149145
20000,0.5,static_hour_self,0.890230310524646,0.9329919881253822,3.8607746371772973,0.9570093192327737,10.31226119822176,17.10018113655969,81.42122246973338,0.8676404787962809,0.03885422344432603,0.3754379607745815,10.496725183487575,0.0070207955965570015,0.06617832495955078,0.013642430312725964,0.9201792447277233,nan,nan
20000,0.5,broadcast,0.9004391629822502,0.9343477137478751,3.9767722157272702,0.9881402402403839,10.114411978045872,16.355660514067857,81.1976088861192,0.9210013892232074,0.019314174527207097,0.012982243234083098,10.655322808193398,0.0067976207320382944,0.03952849678200777,0.010081558839560752,0.9503899443784315,nan,nan
20000,0.5,oracle,0.9018604488679243,0.9345063158169975,3.9899964089800384,0.9944554446016739,9.720334707886135,15.71715935819479,82.50282676936042,0.9231917008389415,0.028200321871005626,0.001052475605968078,10.416556068976476,0.006754194354694265,0.03842879477349632,0.005070688634546244,0.9565005165919575,nan,nan
20000,0.5,piggyback,0.8664670804825864,0.9297776607764614,3.5876476656216787,0.8857990770734144,10.33243675515463,18.165469201281656,91.57038475564846,0.7388461359926534,0.09351773999273565,1.8397358218076305,8.723523998618061,0.0017024430930134592,0.13061808708319117,0.018508779191991797,0.850873133724817,183.39905436522324,0.500704160811571
20000,0.6,recserve,0.7388968620208962,0.9143711417377924,2.099995622248053,0.38243146841802267,32.39813405742974,74.02049938241055,145.33937189556977,0.0,0.0,nan,3.9115645465932243,0.0,0.4002331483109429,0.24010639066602796,0.3596604610230291,145.33937189556977,0.0
20000,0.6,recserve_no_onu,0.7821714281338995,0.9186606402924384,2.515974933685289,0.6289937334213223,8.420449760194431,17.209672842407464,99.4401346963174,0.0,0.5997668516890571,nan,5.991736307817651,3.989445522924551e-06,0.4002331483109429,0.0,0.5997668516890571,157.78764376803153,0.36978503308847555
20000,0.6,static_day,0.9136207521138636,0.9360749023075402,4.120091568137737,1.0300188614686523,9.40068935786695,15.147696867026388,90.79246618090903,0.977743715834704,0.013345252354812298,18.184439666070183,9.550063810107844,0.006513089915309069,0.008892368460469828,7.178211543808386e-06,0.9911004533279864,nan,nan
20000,0.6,static_day_self,0.9166025811891617,0.9364678105020816,4.156532850128036,1.039129181966227,9.426552447948833,15.08660234119743,90.63551438049541,0.9999665016794622,0.0,2.4295901237090574,9.625073094439413,0.006460532606308064,1.4834970523870664e-05,7.178211543808386e-06,0.9999779868179324,nan,nan
20000,0.6,static_hour,0.8667077898430221,0.9298749861281953,3.5481594539199497,0.8866544059623183,9.229888331463158,16.144384239471606,89.6767060084307,0.630065604068036,0.2202863914987005,9.370401511293089,8.893910421283936,0.00758867365161917,0.14803386393077908,0.0006460390389427547,0.8513200970302782,183.4721100207553,0.5112243163373114
20000,0.6,static_hour_self,0.9059443726889149,0.9350843198700145,4.028564652476459,1.0045568583743647,9.821070241331933,15.794614766910673,84.89218801571079,0.9266496846133121,0.03314084560289081,0.3942076076716562,10.209616206006155,0.006685753254104681,0.029350271360323726,0.004357652954527944,0.9662920756851483,nan,nan
20000,0.6,broadcast,0.9079920771686454,0.9353603205222641,4.054069815285475,1.0102138394004374,9.954954174700422,15.9026929509826,84.41331702586244,0.9433720462257682,0.020112391650878587,0.015418577685464072,10.328940181926503,0.006647852423585399,0.02264390758866168,0.005554978640035183,0.9718011137713032,nan,nan
20000,0.6,oracle,0.9078844039954883,0.9353486939344389,4.052939520696459,1.0100557440766595,9.932621746776018,15.875441097375003,84.47138560131069,0.9425140106725649,0.021151796682422043,0.0010413652060231387,10.315510408951795,0.0066487953614063535,0.022990375932509497,0.005346331957828486,0.9716632921096621,nan,nan
20000,0.6,piggyback,0.8923062493031153,0.9333159659368999,3.8655405839331523,0.9600614258703701,10.29820478552153,17.093994289916008,91.48390524400723,0.8337157724928063,0.07314501853653495,1.6336226346303526,9.25406806699176,0.0037181468382787627,0.06653340715725116,0.010645287719467836,0.922821305123281,nan,nan
20000,0.7,recserve,0.7883891949731463,0.9211801288606078,2.5646619660547163,0.515791073367543,37.867972319464066,77.62388820336724,159.576233672143,0.0,0.0,nan,5.009536190071231,0.0,0.30047658539176525,0.2101823409296358,0.4893410736785989,159.576233672143,0.0
20000,0.7,recserve_no_onu,0.8245482392564905,0.9243866884823969,2.926506799919795,0.7316266999799488,9.374743909037143,17.67839568346379,101.64037775540191,0.0,0.6995234146082348,nan,6.868457521687285,4.036219252902657e-05,0.30047658539176525,0.0,0.6995234146082348,170.6578869315448,0.4044202727286056
20000,0.7,static_day,0.9165810465545302,0.9364646720136586,4.156190600658386,1.039043905291634,9.426700479033792,15.08771944604814,90.63221754128155,0.999660709867696,0.00022396020016682164,18.20006259962999,9.625138520192591,0.006461058244764987,9.714512955954016e-05,6.221116671300601e-06,0.9998966337537691,nan,nan
20000,0.7,static_day_self,0.9166049739263429,0.9364681129109893,4.15655593717055,1.0391352394196751,9.426582635571743,15.086571304593233,90.63720971037523,0.999971765701261,0.0,2.4295705943005688,9.624938709085162,0.006460495505648626,1.004949616133174e-05,6.221116671300601e-06,0.9999837293871674,nan,nan
20000,0.7,static_hour,0.8984153858743325,0.9340949302156188,3.914639572905984,0.9786500473522688,9.47599615649295,15.753674416724827,89.42323546554123,0.803378736318927,0.13746322961136684,11.522890008619653,9.521771608508265,0.006866123310488639,0.059075245363234254,1.6749160268886234e-05,0.9409080054764969,nan,nan
20000,0.7,static_hour_self,0.9123449446488108,0.9359048381136658,4.09940295847596,1.024845061653659,9.442928844359034,15.250013294257222,87.87125709285944,0.9534856677435579,0.0325254335998683,0.4700298284219982,9.880667696257095,0.006551852329984285,0.01395061486167347,9.092401288823955e-06,0.9860402927370377,nan,nan
20000,0.7,broadcast,0.9128991025799927,0.9359814860401343,4.107255452928399,1.0268030600237263,9.442721492408468,15.231152368430049,87.75481103598717,0.9599235664034815,0.027968226364422488,0.016625284274318898,9.901524693019468,0.006539183270541028,0.012031639642295363,1.7706255141394018e-05,0.9879506541025632,nan,nan
20000,0.7,oracle,0.9130048615634049,0.9359939467190613,4.108491337095035,1.027064349316658,9.454967391904923,15.240127292647959,87.73623317400721,0.9610122618209591,0.02691015798286513,0.0005379796362971806,9.907301422552337,0.006537527100471138,0.011700006268971415,9.905931930455572e-05,0.9882009344117241,nan,nan
20000,0.7,piggyback,0.906345873987932,0.9351495693931563,4.021576276872233,1.0023018485808914,10.115402528994746,16.30865430505517,91.51193608360099,0.8973214264350561,0.05456015030217878,1.487043488594169,9.491073786883206,0.0054755187718952495,0.030823240369113207,0.005180754544884639,0.9639960050860021,nan,nan
20000,0.8,recserve,0.8308602799406792,0.9274247452788343,3.0533774423266595,0.6654260785382481,43.59091527111406,81.23944133742799,172.5923364616071,0.0,0.0,nan,6.28800707193639,0.0,0.2005343460673211,0.16033301158994037,0.6391326423427386,172.5923364616071,0.0
20000,0.8,recserve_no_onu,0.8543330316889327,0.9293814118775928,3.3375151098960263,0.8343787774740066,10.3520739857889,18.11214615993081,103.4408271543236,0.0,0.7994656539326789,nan,7.76171975062674,0.00011612531717475483,0.2005343460673211,0.0,0.7994656539326789,179.7163521750223,0.4244217295620125
20000,0.8,static_day,0.9166035382840342,0.9364680398933498,4.156524306142109,1.0391289891116102,9.426632717359102,15.087013860791922,90.638255923667,0.999903811965313,6.221116671300601e-05,18.198971881018892,9.62486006551463,0.006460529514570169,1.818480257764791e-05,3.3498320537772465e-06,0.9999784653653686,nan,nan
20000,0.8,static_day_self,0.9166068881160879,0.9364684285256557,4.1565797621332115,1.039142853109386,9.426535426863884,15.086512515880166,90.63831331963735,0.9999784653653686,0.0,2.4294728915086425,9.62485702009107,0.006460449130423547,5.742569235046709e-06,3.3498320537772465e-06,0.9999909075987111,nan,nan
20000,0.8,static_hour,0.912980455644156,0.9360583205877483,4.109569903577476,1.027388948999764,9.49598597358409,15.317533853277563,89.2927668305968,0.9426049346854531,0.04586925031237184,13.247841539615921,9.761745123027378,0.006535564849505306,0.011496623608563511,5.742569235046709e-06,0.9884976338222015,nan,nan
20000,0.8,static_hour_self,0.9151745956393801,0.9363071284948021,4.138141420338362,1.0345306885292658,9.45545582331032,15.179745470825582,89.35335907109689,0.9774058613447087,0.018035017230100443,0.4926370980884852,9.76155623174474,0.00648975748016658,0.004517966345672998,7.178211543808386e-06,0.9954748554427832,nan,nan
20000,0.8,broadcast,0.9150855858162368,0.9362959951150553,4.136768092562559,1.0341893372931539,9.456663544708984,15.184315844252705,89.21870051677318,0.9757654007332304,0.01936490055545001,0.01738189486867097,9.775940073861776,0.006491851524142474,0.004841942960016883,4.3069269262850315e-06,0.9951537501130568,nan,nan
20000,0.8,oracle,0.9151836880406689,0.9363061941658315,4.137970222864326,1.0344898698685956,9.454859223140105,15.178821073379366,89.30983612183857,0.9772771320843564,0.018149868614801376,0.0002884360017721995,9.766047354188998,0.006489916592553421,0.0045452435495394695,4.3069269262850315e-06,0.9954504495235342,nan,nan
20000,0.8,piggyback,0.9129727988851759,0.9360636557422279,4.109020054487411,1.0255242453665843,10.060420474982493,15.952578433137386,91.68823042796458,0.9478636924624472,0.027535619482048967,1.3910462214598378,9.595105891260834,0.006151580889360297,0.010441426511623678,0.002837307749549328,0.986721265738827,nan,nan
20000,0.9,recserve,0.8716708053044112,0.9329640215540131,3.5937160711064062,0.8413824531968643,49.647345427808666,84.60020282764737,184.97839273153673,0.0,0.0,nan,7.832644125362351,7.810808028090506e-05,0.10071365779168542,0.09055744555206907,0.8087288966562455,184.97839273153673,0.0
20000,0.9,recserve_no_onu,0.8860181359907392,0.933687202126993,3.7437891481712073,0.9359472870428018,11.356772921348378,18.510614363566898,104.9660918316439,0.0,0.8992863422083146,nan,8.674628606583514,0.0011632609621115369,0.10071365779168542,0.0,0.8992863422083146,nan,nan
20000,0.9,static_day,0.9166068881160879,0.9364684312058109,4.156580707742945,1.039142919148932,9.426636605861686,15.086621593218297,90.63900822616067,0.9999655445845897,1.196368590634731e-05,18.19883454141139,9.624817033138958,0.006460449130423547,5.742569235046709e-06,3.3498320537772465e-06,0.9999909075987111,nan,nan
20000,0.9,static_day_self,0.9166073666635242,0.9364684763945808,4.156584662458958,1.0391439078279354,9.426606092268278,15.086532252840696,90.6390745722195,0.9999784653653686,0.0,2.4290774061170657,9.624798618283883,0.0064604429471105075,4.785474362538924e-06,3.3498320537772465e-06,0.9999918646935837,nan,nan
20000,0.9,static_hour,0.9166040168314704,0.9364680981646037,4.156534739433313,1.039130579324741,9.427441732519666,15.087575262784958,90.63760457119002,0.9998506931998888,0.00010815172059337967,13.59208623038811,9.625167206149063,0.006460532606308064,1.7227707705140126e-05,4.785474362538924e-06,0.9999779868179324,nan,nan
20000,0.9,static_hour_self,0.9166035382840342,0.9364682677109715,4.156532765903687,1.0391301644241138,9.427504409966462,15.087680780049412,90.63545110596274,0.9998296371126936,0.00012729361804353538,0.5007292048296079,9.625441649684301,0.006460526422835233,1.6749160268886234e-05,4.3069269262850315e-06,0.9999789439128048,nan,nan
20000,0.9,broadcast,0.9166068881160879,0.9364683905937621,4.156576201740286,1.0391401488378236,9.42759686662656,15.087610973697155,90.6416683539014,0.9999478383294483,2.057753975891737e-05,0.017543374475771388,9.62474095317434,0.006460467680433684,5.742569235046709e-06,6.221116671300601e-06,0.9999880363140936,nan,nan
20000,0.9,oracle,0.9166059310212155,0.9364683676213698,4.156562776570508,1.039137337850183,9.427454447666502,15.087537622265515,90.63902245977232,0.9999042905127492,5.933988209548266e-05,2.2726764274859953e-06,9.625019456254986,0.006460483138856839,9.092401288823955e-06,5.2640217987928165e-06,0.9999856435769123,nan,nan
20000,0.9,piggyback,0.9159010306476134,0.9364125757645492,4.147552586859949,1.0360862218057796,9.995556530797007,15.723361006006597,91.95205207709436,0.983153216054118,0.0025095027557154115,1.3404764308644967,9.601554824943918,0.006469508021729176,0.0016902295448487478,0.0012724576329990998,0.9970373128221521,nan,nan
