subscribers,beta,policy,accuracy,mean_confidence,comm_MB_per_1k_queries,pon_MB_per_1k_queries,latency_s_mean,latency_s_p95,J_per_query,forwarded_on_arrival,skipped_on_escalation,olt_rate_error,mean_olt_batch,olt_queued,final_user,final_onu,final_olt,J_recserve_same_accuracy,saving_same_accuracy
1000,0.1,recserve,0.5013903764333651,0.8758485438396791,0.25591856226233406,0.010995342484597775,7.501450141140976,44.716477425317,32.44322836794546,0.0,0.0,nan,1.0035006139086413,0.0,0.8996374212693203,0.09042851106896857,0.009934067661711097,32.44322836794546,0.0
1000,0.1,recserve_no_onu,0.5312711872733883,0.8793679798569591,0.4335672441068674,0.10839181102671686,3.892387915874172,11.242938394120886,94.88223355342983,0.0,0.10036257873067966,nan,1.034296175840894,0.0,0.8996374212693203,0.0,0.10036257873067966,52.91086253166446,-0.7932467741694369
1000,0.1,static_day,0.5013903764333651,0.8758485438396791,0.25591856226233406,0.010995342484597775,7.501450141140976,44.716477425317,32.44322836794546,0.0,0.0,0.1490969531657047,1.0035006139086413,0.0,0.8996374212693203,0.09042851106896857,0.009934067661711097,32.44322836794546,0.0
1000,0.1,static_day_self,0.5013903764333651,0.8758485438396791,0.25591856226233406,0.010995342484597775,7.501450141140976,44.716477425317,32.44322836794546,0.0,0.0,0.009949038314354723,1.0035006139086413,0.0,0.8996374212693203,0.09042851106896857,0.009934067661711097,32.44322836794546,0.0
1000,0.1,static_hour,0.5013903764333651,0.8758485438396791,0.25591856226233406,0.010995342484597775,7.501450141140976,44.716477425317,32.44322836794546,0.0,0.0,0.1496134504740947,1.0035006139086413,0.0,0.8996374212693203,0.09042851106896857,0.009934067661711097,32.44322836794546,0.0
1000,0.1,static_hour_self,0.5013903764333651,0.8758485438396791,0.25591856226233406,0.010995342484597775,7.501450141140976,44.716477425317,32.44322836794546,0.0,0.0,0.009347336154255705,1.0035006139086413,0.0,0.8996374212693203,0.09042851106896857,0.009934067661711097,32.44322836794546,0.0
1000,0.1,broadcast,0.5013903764333651,0.8758485438396791,0.25591856226233406,0.010995342484597775,7.501450141140976,44.716477425317,32.44322836794549,0.0,0.0,0.001859993267794013,1.0035006139086413,0.0,0.8996374212693203,0.09042851106896857,0.009934067661711097,32.44322836794546,-8.881784197001252e-16
1000,0.1,oracle,0.5013903764333651,0.8758485438396791,0.25591856226233406,0.010995342484597775,7.501450141140976,44.716477425317,32.44322836794546,0.0,0.0,0.0016898797258632298,1.0035006139086413,0.0,0.8996374212693203,0.09042851106896857,0.009934067661711097,32.44322836794546,0.0
1000,0.1,piggyback,0.5013903764333651,0.8758485438396791,0.25591856226233406,0.010995342484597775,7.501450141140976,44.716477425317,32.44322836794546,0.0,0.0,0.030388214135590435,1.0035006139086413,0.0,0.8996374212693203,0.09042851106896857,0.009934067661711097,32.44322836794546,0.0
1000,0.2,recserve,0.5490562144422282,0.8839300270490197,0.5536576038360633,0.04322096668009551,12.284414968986464,57.37715327160775,65.09317684811681,0.0,0.0,nan,1.0128652227432935,0.0,0.7997366636861188,0.1601929822837547,0.04007035403012646,65.09317684811681,0.0
1000,0.2,recserve_no_onu,0.5953660669542404,0.8891204341205443,0.8545935089563825,0.21364837723909563,4.763553124455692,13.965613505169166,167.1149345981268,0.0,0.20026333631388116,nan,1.0708538314537974,0.0,0.7997366636861188,0.0,0.20026333631388116,118.88139254604764,-0.4057282726848639
1000,0.2,static_day,0.5490562144422282,0.8839300270490197,0.5536576038360633,0.04322096668009551,12.284414968986464,57.37715327160775,65.09317684811681,0.0,0.0,0.1320284899602549,1.0128652227432935,0.0,0.7997366636861188,0.1601929822837547,0.04007035403012646,65.09317684811681,0.0
1000,0.2,static_day_self,0.5490562144422282,0.8839300270490197,0.5536576038360633,0.04322096668009551,12.284414968986464,57.37715327160775,65.09317684811681,0.0,0.0,0.024024723554467282,1.0128652227432935,0.0,0.7997366636861188,0.1601929822837547,0.04007035403012646,65.09317684811681,0.0
1000,0.2,static_hour,0.5490562144422282,0.8839300270490197,0.5536576038360633,0.04322096668009551,12.284414968986464,57.37715327160775,65.09317684811681,0.0,0.0,0.13005806349332508,1.0128652227432935,0.0,0.7997366636861188,0.1601929822837547,0.04007035403012646,65.09317684811681,0.0
1000,0.2,static_hour_self,0.5490562144422282,0.8839300270490197,0.5536576038360633,0.04322096668009551,12.284414968986464,57.37715327160775,65.09317684811681,0.0,0.0,0.023193771804417153,1.0128652227432935,0.0,0.7997366636861188,0.1601929822837547,0.04007035403012646,65.09317684811681,0.0
1000,0.2,broadcast,0.5490562144422282,0.8839300270490197,0.5536576038360633,0.04322096668009551,12.284414968986464,57.37715327160775,65.09317684811694,0.0,0.0,0.006988429674518551,1.0128652227432933,0.0,0.7997366636861188,0.1601929822837547,0.04007035403012646,65.09317684811681,-1.9984014443252818e-15
1000,0.2,oracle,0.5490562144422282,0.8839300270490197,0.5536576038360633,0.04322096668009551,12.284414968986464,57.37715327160775,65.09317684811681,0.0,0.0,0.006263100743101574,1.0128652227432935,0.0,0.7997366636861188,0.1601929822837547,0.04007035403012646,65.09317684811681,0.0
1000,0.2,piggyback,0.5490562144422282,0.8839300270490197,0.5536576038360633,0.04322096668009551,12.284414968986464,57.37715327160775,65.09317684811681,0.0,0.0,0.03965706667866822,1.0128652227432935,0.0,0.7997366636861188,0.1601929822837547,0.04007035403012646,65.09317684811681,0.0
1000,0.3,recserve,0.5916223678651089,0.8915398914876163,0.8972217429326625,0.10083424551198278,16.947846673783346,63.30903371935072,113.87453259614016,0.0,0.0,nan,1.0292860093783434,0.0,0.6999832958308358,0.2101581000481473,0.08985860412101679,113.87453259614016,0.0
1000,0.3,recserve_no_onu,0.645910917648446,0.8976527345224112,1.2773638069784123,0.3193409517446031,5.614886529290729,14.961694074110405,233.62316364119263,0.0,0.3000167041691641,nan,1.1040647024588754,0.0,0.6999832958308358,0.0,0.3000167041691641,186.99018084360287,-0.24938733460337814
1000,0.3,static_day,0.5916223678651089,0.8915398914876163,0.8972217429326625,0.10083424551198278,16.947846673783346,63.30903371935072,113.87453259614016,0.0,0.0,0.10300049313816938,1.0292860093783434,0.0,0.6999832958308358,0.2101581000481473,0.08985860412101679,113.87453259614016,0.0
1000,0.3,static_day_self,0.5916223678651089,0.8915398914876163,0.8972217429326625,0.10083424551198278,16.947846673783346,63.30903371935072,113.87453259614016,0.0,0.0,0.04421159162838898,1.0292860093783434,0.0,0.6999832958308358,0.2101581000481473,0.08985860412101679,113.87453259614016,0.0
1000,0.3,static_hour,0.5916223678651089,0.8915398914876163,0.8972217429326625,0.10083424551198278,16.947846673783346,63.30903371935072,113.87453259614016,0.0,0.0,0.10159858886124497,1.0292860093783434,0.0,0.6999832958308358,0.2101581000481473,0.08985860412101679,113.87453259614016,0.0
1000,0.3,static_hour_self,0.5916223678651089,0.8915398914876163,0.8972217429326625,0.10083424551198278,16.947846673783346,63.30903371935072,113.87453259614016,0.0,0.0,0.038932944020723184,1.0292860093783434,0.0,0.6999832958308358,0.2101581000481473,0.08985860412101679,113.87453259614016,0.0
1000,0.3,broadcast,0.5916223678651089,0.8915398914876163,0.8972217429326625,0.10083424551198278,16.94784667378333,63.30903371935072,113.87453259614131,0.0,0.0,0.01485815195244462,1.0292860093783314,0.0,0.6999832958308358,0.2101581000481473,0.08985860412101679,113.87453259614016,-1.021405182655144e-14
1000,0.3,oracle,0.5916223678651089,0.8915398914876163,0.8972217429326625,0.10083424551198278,16.947846673783346,63.30903371935072,113.87453259614016,0.0,0.0,0.013548433656420476,1.0292860093783434,0.0,0.6999832958308358,0.2101581000481473,0.08985860412101679,113.87453259614016,0.0
1000,0.3,piggyback,0.5916223678651089,0.8915398914876163,0.8972217429326625,0.10083424551198278,16.947846673783346,63.30903371935072,113.87453259614016,0.0,0.0,0.055441727467336464,1.0292860093783434,0.0,0.6999832958308358,0.2101581000481473,0.08985860412101679,113.87453259614016,0.0
1000,0.4,recserve,0.636723624608189,0.8995870639171984,1.273298405243144,0.17441483330221771,22.104852791861266,67.64320124489727,174.19339655959186,0.0,0.0,nan,1.0541185555237158,0.0,0.5998663666466871,0.24042212418075876,0.15971150917255406,174.19339655959186,0.0
1000,0.4,recserve_no_onu,0.6918473828497312,0.9054539626564552,1.6955612109540044,0.4238903027385011,6.471309761858265,15.857497417359099,296.8854830623613,0.0,0.4001336333533128,nan,1.136395536957711,0.0,0.5998663666466871,0.0,0.4001336333533128,251.84723302494612,-0.17883162541219577
1000,0.4,static_day,0.636723624608189,0.8995870639171984,1.273298405243144,0.17441483330221771,22.104852791861266,67.64320124489727,174.19339655959186,0.0,0.0,0.08490338614903299,1.0541185555237158,0.0,0.5998663666466871,0.24042212418075876,0.15971150917255406,174.19339655959186,0.0
1000,0.4,static_day_self,0.636723624608189,0.8995870639171984,1.273298405243144,0.17441483330221771,22.104852791861266,67.64320124489727,174.19339655959186,0.0,0.0,0.0681598473993474,1.0541185555237158,0.0,0.5998663666466871,0.24042212418075876,0.15971150917255406,174.19339655959186,0.0
1000,0.4,static_hour,0.636723624608189,0.8995870639171984,1.273298405243144,0.17441483330221771,22.104852791861266,67.64320124489727,174.19339655959186,0.0,0.0,0.07544139028603458,1.0541185555237158,0.0,0.5998663666466871,0.24042212418075876,0.15971150917255406,174.19339655959186,0.0
1000,0.4,static_hour_self,0.636723624608189,0.8995870639171984,1.273298405243144,0.17441483330221771,22.104852791861266,67.64320124489727,174.19339655959186,0.0,0.0,0.055384889332496856,1.0541185555237158,0.0,0.5998663666466871,0.24042212418075876,0.15971150917255406,174.19339655959186,0.0
1000,0.4,broadcast,0.636723624608189,0.8995870639171984,1.273298405243144,0.17441483330221771,22.104852791861287,67.64320124489727,174.19339655959203,0.0,0.0,0.023119128479337676,1.0541185555237138,0.0,0.5998663666466871,0.24042212418075876,0.15971150917255406,174.19339655959186,-8.881784197001252e-16
1000,0.4,oracle,0.636723624608189,0.8995870639171984,1.273298405243144,0.17441483330221771,22.104852791861266,67.64320124489727,174.19339655959186,0.0,0.0,0.021342022126982656,1.0541185555237158,0.0,0.5998663666466871,0.24042212418075876,0.15971150917255406,174.19339655959186,0.0
1000,0.4,piggyback,0.636723624608189,0.8995870639171984,1.273298405243144,0.17441483330221771,22.104852791861266,67.64320124489727,174.19339655959186,0.0,0.0,0.07642102472856432,1.0541185555237158,0.0,0.5998663666466871,0.24042212418075876,0.15971150917255406,174.19339655959186,0.0
1000,0.5,recserve,0.6866199604995529,0.9071238632836396,1.668863546589893,0.26682569690776353,27.225359038795084,71.73202242848615,243.69293730206044,0.0,0.0,nan,1.0845470357546694,0.0,0.5001129987914043,0.2503365398787474,0.24955046132984837,243.69293730206044,0.0
1000,0.5,recserve_no_onu,0.7394346130037044,0.9124247285411204,2.1076631260378695,0.5269157815094674,7.326190514151799,16.26812957571201,355.78235872072975,0.0,0.49988700120859575,nan,1.171321693959507,0.0,0.5001129987914043,0.0,0.49988700120859575,326.2887438505122,-0.0903911502498227
1000,0.5,static_day,0.6866199604995529,0.9071238632836396,1.668863546589893,0.26682569690776353,27.225359038795084,71.73202242848615,243.69293730206044,0.0,0.0,0.09678261940618633,1.0845470357546694,0.0,0.5001129987914043,0.2503365398787474,0.24955046132984837,243.69293730206044,0.0
1000,0.5,static_day_self,0.6866199604995529,0.9071238632836396,1.668863546589893,0.26682569690776353,27.225359038795084,71.73202242848615,243.69293730206044,0.0,0.0,0.09678261940618633,1.0845470357546694,0.0,0.5001129987914043,0.2503365398787474,0.24955046132984837,243.69293730206044,0.0
1000,0.5,static_hour,0.6866199604995529,0.9071238632836396,1.668863546589893,0.26682569690776353,27.225359038795084,71.73202242848615,243.69293730206044,0.0,0.0,0.07502279273074629,1.0845470357546694,0.0,0.5001129987914043,0.2503365398787474,0.24955046132984837,243.69293730206044,0.0
1000,0.5,static_hour_self,0.6866199604995529,0.9071238632836396,1.668863546589893,0.26682569690776353,27.225359038795084,71.73202242848615,243.69293730206044,0.0,0.0,0.07502279273074629,1.0845470357546694,0.0,0.5001129987914043,0.2503365398787474,0.24955046132984837,243.69293730206044,0.0
1000,0.5,broadcast,0.6866789163907203,0.9071259582495295,1.6691149345098308,0.26698744239518135,27.214637974833277,71.73157015707393,243.72788538845896,0.0,0.0002653015102534121,0.03091474777440524,1.084865896538405,0.0,0.5001129987914043,0.2501891501508288,0.24969785105776696,243.78490304329603,0.00023388509347910258
1000,0.5,oracle,0.6866690904088592,0.9071246299777671,1.6690136679407688,0.2669180120073498,27.219371811107642,71.73157015707393,243.71763762299864,0.0,0.00014738972791856225,0.028706838585620998,1.0846988073481214,0.0,0.5001129987914043,0.2502579320238575,0.2496290691847383,243.76957541975688,0.00021306102974005814
1000,0.5,piggyback,0.6866199604995529,0.9071238632836396,1.668863546589893,0.26682569690776353,27.225359038795084,71.73202242848615,243.69293730206044,0.0,0.0,0.10184248900773028,1.0845470357546694,0.0,0.5001129987914043,0.2503365398787474,0.24955046132984837,243.69293730206044,0.0
1000,0.6,recserve,0.7379410637607963,0.9144836808702567,2.104626976250602,0.3832933448624854,32.38998528901733,73.93771052476743,323.74911504760865,0.0,0.0,nan,1.1244558469348689,0.0,0.40018276326261903,0.2398325652690845,0.3599846714682965,323.74911504760865,0.0
1000,0.6,recserve_no_onu,0.7810476461860452,0.9187188087266593,2.5206930854565646,0.6301732713641411,8.179601881917021,16.613794747968885,411.34573988667137,0.0,0.599817236737381,nan,1.2057293716655562,0.0,0.40018276326261903,0.0,0.599817236737381,397.0474805629882,-0.036011459645604926
1000,0.6,static_day,0.7379508897426575,0.9144860124987338,2.1049507227009654,0.38348654331784104,32.3746032123884,73.93771052476743,323.8348249814959,0.0,0.00039303927444949934,0.14947944773868835,1.1245250403553564,0.0,0.40018276326261903,0.23965569759558225,0.36016153914179877,323.7658231318384,-0.00021312271008122607
1000,0.6,static_day_self,0.7762329150740388,0.9182493530876096,2.4744466498314845,0.6028603040158789,10.84826662433758,41.114752655581135,402.5179409778657,0.0,0.5335115111377504,0.22028289475600413,1.197031746904302,0.0,0.40018276326261903,0.026451543170451307,0.5733656935669297,388.86051929047034,-0.035121646477032975
1000,0.6,static_hour,0.73797054170638,0.9144863687890651,2.104987688044728,0.38349467923082214,32.37422147910802,73.93771052476743,323.8436301030494,0.0,0.0004028652563107369,0.11939639031399747,1.124504160919137,0.0,0.40018276326261903,0.23965569759558225,0.36016153914179877,323.79923930029753,-0.00013709359802027699
1000,0.6,static_hour_self,0.7390907036385611,0.9145838474816386,2.1147630071434884,0.38935020781951635,31.8058077880278,73.77763861982693,325.44700559468794,0.0,0.014444193336019102,0.10651019873703937,1.1298429340633689,0.0,0.40018276326261903,0.23396645409792574,0.36585078263945525,325.7039609024753,0.0007889228828392714
1000,0.6,broadcast,0.7407218166275265,0.9147443642595133,2.1311219699128436,0.3991577757907459,30.847540872642977,73.29644495222755,327.09969453517687,0.0,0.03800689783926659,0.03717446886707778,1.1425761934320293,0.0,0.40018276326261903,0.22445490365624785,0.37536233308113315,328.47750288459343,0.004194528810396614
1000,0.6,oracle,0.740368081280522,0.9147214080005498,2.1288662192569587,0.3978662782128504,30.954089356991016,73.50979265828015,326.50849304608124,0.0,0.03547179451906732,0.033556560790428,1.142436426648295,0.0,0.40018276326261903,0.2256241954977351,0.37419304123964586,327.876011852327,0.0041708412839353
1000,0.6,piggyback,0.7379214117970738,0.9144852340129433,2.1048451326998854,0.3834139489638502,32.37904943409842,73.93771052476743,323.7857318603799,0.0,0.00028495347397588703,0.13379132834136426,1.1245533654137407,0.0,0.40018276326261903,0.2397244794686109,0.3600927572687701,323.7184598005302,-0.00020781039144668334
1000,0.7,recserve,0.7884662624912795,0.9212527584158227,2.5707669375362334,0.5170167532990735,37.79994104999005,77.87525623525994,409.66208415635765,0.0,0.0,nan,1.1710802680900647,0.0,0.300095312024054,0.21014827406628608,0.4897564139096599,409.66208415635765,0.0
1000,0.7,recserve_no_onu,0.8244784860127148,0.9244446224863884,2.931306521504161,0.7328266303760402,9.040231395191462,16.897767085695882,463.8263897925663,0.0,0.699904687975946,nan,1.2416083732046874,0.0,0.300095312024054,0.0,0.699904687975946,484.8998806100746,0.04345946794417599
1000,0.7,static_day,0.8240559687926816,0.9244179111438168,2.927653614487428,0.7306897151447859,9.312251404915628,17.317732069970567,463.3275474782016,0.0,0.6933704100382231,0.4587920576825485,1.2409280238284985,0.0,0.300095312024054,0.0020536302089986342,0.6978510577669473,484.0171452082985,0.042745588529086165
1000,0.7,static_day_self,0.8243310962847963,0.924432137268115,2.9299761818199683,0.7320661288579261,9.145540450771415,17.099931728671322,463.50276137997366,0.0,0.6973597586738854,0.2687589232623513,1.2418168097105335,0.0,0.300095312024054,0.0007271226577315738,0.6991775653182144,484.59194965596674,0.04351947714146975
1000,0.7,static_hour,0.8240559687926816,0.9244177802752173,2.9276421770445413,0.7306825028740996,9.316492301772474,17.32423548944965,463.3140470122698,0.0,0.6932721502196107,0.42120538092481374,1.2409795262115004,0.0,0.300095312024054,0.0020634561908598717,0.6978412317850862,484.0171452082985,0.04277348106567391
1000,0.7,static_hour_self,0.8240559687926816,0.9244080681749921,2.927139047469318,0.7304062650460347,9.36096502187845,17.381404447421225,463.0079972428099,0.0,0.6920832064144009,0.17536664094846338,1.2416125634919317,0.0,0.300095312024054,0.002377887610419471,0.6975268003655265,484.0171452082985,0.04340579290109081
1000,0.7,broadcast,0.8219139047469318,0.924209071284442,2.9049176877499483,0.7170066325377563,11.143546818300736,29.757550237191424,458.3901949225837,0.0,0.6485639327509801,0.02078941350900583,1.241852353601311,0.0,0.300095312024054,0.015456269467726562,0.6844484185082195,479.54188200859573,0.044108112095270324
1000,0.7,oracle,0.8219040787650705,0.9242110989572007,2.905207102219689,0.717151958809484,11.129621717047373,28.39053587410328,458.5142975038609,0.0,0.6489667980072908,0.01104587641716938,1.2416700489447092,0.0,0.300095312024054,0.015289227776085525,0.6846154601998605,479.5213532783218,0.04380838440424584
1000,0.7,piggyback,0.8196932328462921,0.9240020647286695,2.880092207013786,0.7023209951754429,13.092016127086099,50.45349084043183,455.84725160017763,0.0,0.6009570506332845,0.2247514231389851,1.2348143381774321,0.0,0.300095312024054,0.029625335311631015,0.6702793526643149,474.9023889667021,0.04012432409107247
1000,0.8,recserve,0.8309341560955479,0.9274818250204049,3.0548347564630394,0.6654216623596113,43.36929393641479,80.85314914500958,498.3872564000044,0.0,0.0,nan,1.2248377784391713,0.0,0.20083324326183294,0.16086114905031884,0.6383056076878482,498.3872564000044,0.0
1000,0.8,recserve_no_onu,0.8548505959457999,0.9294095982959036,3.338897131795895,0.8347242829489737,9.897196109297893,17.235275709333592,513.0457271278063,0.0,0.7991667567381671,nan,1.2776368283718746,0.0,0.20083324326183294,0.0,0.7991667567381671,555.322807741351,0.07613063973636702
1000,0.8,static_day,0.8548014660364937,0.9294017204906605,3.3380159966984704,0.8342161617749654,9.997160965146593,17.334356910722374,512.9144896875366,0.0,0.7967593911821639,0.5864658011922399,1.277698988507121,0.0,0.20083324326183294,0.0005011250749231117,0.798665631663244,555.2058489259413,0.07617239501388229
1000,0.8,static_day_self,0.9022118285169646,0.934933950147843,3.9753834392901717,0.9937057020172742,8.992463861743492,14.971319653790143,575.5299343381062,0.7728036474044669,0.18070963241001858,0.4088026728018667,1.3320405723662827,0.0,0.04538621021705594,0.0002358235646696996,0.9543779662182743,nan,nan
1000,0.8,static_hour,0.85469338023602,0.9293898563238211,3.3361382515647873,0.833091194937654,10.184460325837716,17.628935254227745,512.5713268367407,0.0,0.7923278733627458,0.5451193297012977,1.2778586507010692,0.0,0.20083324326183294,0.00156233111593676,0.7976044256222303,554.9485395320404,0.07636241863260729
1000,0.8,static_hour_self,0.8570221379371333,0.9296679106787512,3.369335036503523,0.8419610792858476,9.965883166310146,17.262664470659914,514.9376924702399,0.038419589077438566,0.7656306806457636,0.1954154667038804,1.283563367691513,0.0,0.1931689774100677,0.000628862839119199,0.8062021597508131,560.4923873824508,0.08127620631023269
1000,0.8,broadcast,0.8596456750940837,0.9299424603670308,3.4004999263051356,0.8493987088659835,10.019677948746738,17.29101631494354,516.760751186418,0.07739925912096766,0.7321240824989437,0.021994430063470783,1.289759703328264,0.0,0.18531801790293895,0.0012085957689322105,0.8134733863281288,566.7379881253183,0.08818402504518408
1000,0.8,oracle,0.8585353391437639,0.9298199293589245,3.3859617769305594,0.8462683180866848,9.909346625156706,17.214950214867915,515.3437993091926,0.058641459747865304,0.7502628450147881,0.00966768853259782,1.28847392123383,0.0,0.18906171699207044,0.00038321329258826187,0.8105550697153413,564.0947188970636,0.08642328664801247
1000,0.8,piggyback,0.8542315590885419,0.9293749860749806,3.3328200960981027,0.8296899018384412,11.074677801450054,19.079509388335424,513.1083320437837,0.004716471293393992,0.7671045779249491,0.25342230242374836,1.2759135624836309,0.0,0.19987029703943165,0.0058071552799913535,0.794322547680577,553.849126667191,0.07355937323322437
1000,0.9,recserve,0.8714958092187362,0.9330309579719472,3.5966266421672186,0.8421607039333405,49.248277711237584,84.3282949760851,594.9484544020908,0.0,0.0,nan,1.2882312702825287,0.0,0.10070648809582297,0.0905955527606096,0.8086979591435675,594.9484544020908,0.0
1000,0.9,recserve_no_onu,0.8862544339743149,0.9337401379758549,3.7467472266166197,0.9366868066541549,10.770286355562604,17.520457448544704,560.9300288043902,0.0,0.8992935119041771,nan,1.313129889880972,0.0,0.10070648809582297,0.0,0.8992935119041771,nan,nan
1000,0.9,static_day,0.9161843747236442,0.9364755098271543,4.15588770867929,1.0389201540713955,8.718889486186367,13.807773244567215,591.9721404222556,0.987668392764147,0.010238673099409458,0.8980364980107752,1.3480868193751367,0.0,0.0014345933517406727,8.843383675113736e-05,0.9984769728115082,nan,nan
1000,0.9,static_day_self,0.9165282840887876,0.9365139795146722,4.161259887394248,1.0402702341531478,8.69441302585957,13.756086956709623,592.2502464533997,0.9985654066482593,0.0008646864037888986,0.42291781001461304,1.3488661683611485,0.0,0.0001277377641960873,7.860785488989988e-05,0.999793654380914,nan,nan
1000,0.9,static_hour,0.9161843747236442,0.9364742585648776,4.155680380462018,1.0387964547857444,8.752736668611465,13.827779023209587,591.9620114984192,0.9876389148185633,0.010219021135686984,0.8441897292622601,1.3481048872502668,0.0,0.0014345933517406727,0.00020634561908598718,0.9983590610291734,nan,nan
1000,0.9,static_hour_self,0.9163710683790077,0.9364950174632195,4.158918434524569,1.0396778355327156,8.708469745281084,13.779191848768694,592.0472565707408,0.9932986803706361,0.005345334132513192,0.2557285884800041,1.3487423148482247,0.0,0.0007074706940090989,8.843383675113736e-05,0.9992040954692397,nan,nan
1000,0.9,broadcast,0.9163317644515628,0.9364888237806571,4.157777205687278,1.0393771997916892,8.72133787412975,13.801143203862011,591.9016292044417,0.9909699226695228,0.007231922649870788,0.020656763263276572,1.3488020009667745,0.0,0.0009727722042625109,0.0001179117823348498,0.9989093160134026,nan,nan
1000,0.9,oracle,0.9163317644515628,0.9364876912921456,4.157669905965354,1.0393503748612078,8.722059055585408,13.801507420139387,591.8942821639797,0.9907930549960204,0.007389138359650588,6.861407974050821e-05,1.3487908274009117,0.0,0.0010022501498462234,0.0001179117823348498,0.9988798380678189,nan,nan
1000,0.9,piggyback,0.9140030067504495,0.9362832897987885,4.126416700238771,1.0307567086891158,9.429920941293343,14.847685292828828,590.2357861970838,0.9223747432962238,0.05581157697182891,0.3165748288152552,1.346115559064967,0.0,0.008018001198769787,0.0013658114787120103,0.9906161873225182,nan,nan
2000,0.1,recserve,0.5034116717685395,0.8758812692370761,0.2552699812382739,0.011035578157401008,7.481839551095674,44.279093508070225,32.43024612130876,0.0,0.0,nan,1.004898432129135,0.0,0.8995753925150588,0.09055495210822553,0.00986965537671571,32.43024612130876,0.0
2000,0.1,recserve_no_onu,0.534101905796386,0.8793989452568323,0.4338834995556433,0.10847087488891083,3.8895256070842437,11.253499809941452,92.49983382015971,0.0,0.10042460748494125,nan,1.066495816522006,0.0,0.8995753925150588,0.0,0.10042460748494125,53.21257025173943,-0.7383079483392563
2000,0.1,static_day,0.5034116717685395,0.8758812692370761,0.2552699812382739,0.011035578157401008,7.481839551095674,44.279093508070225,32.43024612130876,0.0,0.0,0.2614123440796124,1.004898432129135,0.0,0.8995753925150588,0.09055495210822553,0.00986965537671571,32.43024612130876,0.0
2000,0.1,static_day_self,0.5034116717685395,0.8758812692370761,0.2552699812382739,0.011035578157401008,7.481839551095674,44.279093508070225,32.43024612130876,0.0,0.0,0.0164324163149347,1.004898432129135,0.0,0.8995753925150588,0.09055495210822553,0.00986965537671571,32.43024612130876,0.0
2000,0.1,static_hour,0.5034116717685395,0.8758812692370761,0.2552699812382739,0.011035578157401008,7.481839551095674,44.279093508070225,32.43024612130876,0.0,0.0,0.2630625695907605,1.004898432129135,0.0,0.8995753925150588,0.09055495210822553,0.00986965537671571,32.43024612130876,0.0
2000,0.1,static_hour_self,0.5034116717685395,0.8758812692370761,0.2552699812382739,0.011035578157401008,7.481839551095674,44.279093508070225,32.43024612130876,0.0,0.0,0.016360423178223865,1.004898432129135,0.0,0.8995753925150588,0.09055495210822553,0.00986965537671571,32.43024612130876,0.0
2000,0.1,broadcast,0.5034116717685395,0.8758812692370761,0.2552699812382739,0.011035578157401008,7.481839551095674,44.279093508070225,32.43024612130874,0.0,0.0,0.00307798417007944,1.004898432129135,0.0,0.8995753925150588,0.09055495210822553,0.00986965537671571,32.43024612130876,6.661338147750939e-16
2000,0.1,oracle,0.5034116717685395,0.8758812692370761,0.2552699812382739,0.011035578157401008,7.481839551095674,44.279093508070225,32.43024612130876,0.0,0.0,0.002719773205779753,1.004898432129135,0.0,0.8995753925150588,0.09055495210822553,0.00986965537671571,32.43024612130876,0.0
2000,0.1,piggyback,0.5034116717685395,0.8758812692370761,0.2552699812382739,0.011035578157401008,7.481839551095674,44.279093508070225,32.43024612130876,0.0,0.0,0.03314877312260776,1.004898432129135,0.0,0.8995753925150588,0.09055495210822553,0.00986965537671571,32.43024612130876,0.0
2000,0.2,recserve,0.550864026858892,0.8838744046291533,0.5522325367828577,0.043235035054803986,12.231676670661109,57.34859620484893,64.56327656171554,0.0,0.0,nan,1.0252696970978803,0.0,0.7996889503307989,0.16034363582502223,0.03996741384417893,64.56327656171554,0.0
2000,0.2,recserve_no_onu,0.5974523550903525,0.8890877231708924,0.8543910141206674,0.21359775353016686,4.761013983237257,13.948582050806994,158.23719458866213,0.0,0.20031104966920116,nan,1.1380312942638993,0.0,0.7996889503307989,0.0,0.20031104966920116,116.75291960422503,-0.3553168102781721
2000,0.2,static_day,0.550864026858892,0.8838744046291533,0.5522325367828577,0.043235035054803986,12.231676670661109,57.34859620484893,64.56327656171554,0.0,0.0,0.23107694484713742,1.0252696970978803,0.0,0.7996889503307989,0.16034363582502223,0.03996741384417893,64.56327656171554,0.0
2000,0.2,static_day_self,0.550864026858892,0.8838744046291533,0.5522325367828577,0.043235035054803986,12.231676670661109,57.34859620484893,64.56327656171554,0.0,0.0,0.03857233110647329,1.0252696970978803,0.0,0.7996889503307989,0.16034363582502223,0.03996741384417893,64.56327656171554,0.0
2000,0.2,static_hour,0.550864026858892,0.8838744046291533,0.5522325367828577,0.043235035054803986,12.231676670661109,57.34859620484893,64.56327656171554,0.0,0.0,0.23079351471896223,1.0252696970978803,0.0,0.7996889503307989,0.16034363582502223,0.03996741384417893,64.56327656171554,0.0
2000,0.2,static_hour_self,0.550864026858892,0.8838744046291533,0.5522325367828577,0.043235035054803986,12.231676670661109,57.34859620484893,64.56327656171554,0.0,0.0,0.03497228943498617,1.0252696970978803,0.0,0.7996889503307989,0.16034363582502223,0.03996741384417893,64.56327656171554,0.0
2000,0.2,broadcast,0.550864026858892,0.8838744046291533,0.5522325367828577,0.043235035054803986,12.231676670661109,57.34859620484893,64.56327656171524,0.0,0.0,0.012375067170223039,1.0252696970978787,0.0,0.7996889503307989,0.16034363582502223,0.03996741384417893,64.56327656171554,4.6629367034256575e-15
2000,0.2,oracle,0.550864026858892,0.8838744046291533,0.5522325367828577,0.043235035054803986,12.231676670661109,57.34859620484893,64.56327656171554,0.0,0.0,0.011227942729555795,1.0252696970978803,0.0,0.7996889503307989,0.16034363582502223,0.03996741384417893,64.56327656171554,0.0
2000,0.2,piggyback,0.550864026858892,0.8838744046291533,0.5522325367828577,0.043235035054803986,12.231676670661109,57.34859620484893,64.56327656171554,0.0,0.0,0.05255756303209844,1.0252696970978803,0.0,0.7996889503307989,0.16034363582502223,0.03996741384417893,64.56327656171554,0.0
2000,0.3,recserve,0.5935123926138047,0.8914939558349423,0.8969414140416707,0.10109576379974326,16.908119295868843,63.2713916007232,111.80917238950896,0.0,0.0,nan,1.0617126299044106,0.0,0.6997383232941641,0.21016589315690729,0.09009578354892861,111.80917238950896,0.0
2000,0.3,recserve_no_onu,0.6480448306507357,0.8975894447782881,1.2767089167571837,0.3191772291892959,5.6124746504301966,14.934110180725012,215.3943465612533,0.0,0.30026167670583587,nan,1.2054557630126617,0.0,0.6997383232941641,0.0,0.30026167670583587,180.4248649609978,-0.19381741872338254
2000,0.3,static_day,0.5935123926138047,0.8914939558349423,0.8969414140416707,0.10109576379974326,16.908119295868843,63.2713916007232,111.80917238950896,0.0,0.0,0.17603241130100086,1.0617126299044106,0.0,0.6997383232941641,0.21016589315690729,0.09009578354892861,111.80917238950896,0.0
2000,0.3,static_day_self,0.5935123926138047,0.8914939558349423,0.8969414140416707,0.10109576379974326,16.908119295868843,63.2713916007232,111.80917238950896,0.0,0.0,0.07656161073853794,1.0617126299044106,0.0,0.6997383232941641,0.21016589315690729,0.09009578354892861,111.80917238950896,0.0
2000,0.3,static_hour,0.5935123926138047,0.8914939558349423,0.8969414140416707,0.10109576379974326,16.908119295868843,63.2713916007232,111.80917238950896,0.0,0.0,0.1774463849899227,1.0617126299044106,0.0,0.6997383232941641,0.21016589315690729,0.09009578354892861,111.80917238950896,0.0
2000,0.3,static_hour_self,0.5935123926138047,0.8914939558349423,0.8969414140416707,0.10109576379974326,16.908119295868843,63.2713916007232,111.80917238950896,0.0,0.0,0.06034008934884209,1.0617126299044106,0.0,0.6997383232941641,0.21016589315690729,0.09009578354892861,111.80917238950896,0.0
2000,0.3,broadcast,0.5935123926138047,0.8914939558349423,0.8969414140416707,0.10109576379974326,16.90811929586881,63.2713916007232,111.8091723895087,0.0,0.0,0.024497128301537566,1.0617126299044002,0.0,0.6997383232941641,0.21016589315690729,0.09009578354892861,111.80917238950896,2.3314683517128287e-15
2000,0.3,oracle,0.5935123926138047,0.8914939558349423,0.8969414140416707,0.10109576379974326,16.908119295868843,63.2713916007232,111.80917238950896,0.0,0.0,0.02256830986713622,1.0617126299044106,0.0,0.6997383232941641,0.21016589315690729,0.09009578354892861,111.80917238950896,0.0
2000,0.3,piggyback,0.5935123926138047,0.8914939558349423,0.8969414140416707,0.10109576379974326,16.908119295868843,63.2713916007232,111.80917238950896,0.0,0.0,0.08904969645460298,1.0617126299044106,0.0,0.6997383232941641,0.21016589315690729,0.09009578354892861,111.80917238950896,0.0
2000,0.4,recserve,0.6381998617557025,0.8994310563112946,1.2710162535795397,0.17445077515552485,22.043404712460955,67.59357533427573,167.8816736932624,0.0,0.0,nan,1.1119364816491903,0.0,0.600083934037721,0.24027352621704354,0.1596425397452355,167.8816736932624,0.0
2000,0.4,recserve_no_onu,0.693749382837958,0.905346176115375,1.694057865113064,0.423514466278266,6.47260812106218,15.874524891487189,266.6597114754969,0.0,0.3999160659622791,nan,1.2752929934047907,0.0,0.600083934037721,0.0,0.3999160659622791,238.8011275397676,-0.1166601859159564
2000,0.4,static_day,0.6381998617557025,0.8994310563112946,1.2710162535795397,0.17445077515552485,22.043404712460955,67.59357533427573,167.8816736932624,0.0,0.0,0.1456124258067674,1.1119364816491903,0.0,0.600083934037721,0.24027352621704354,0.1596425397452355,167.8816736932624,0.0
2000,0.4,static_day_self,0.6381998617557025,0.8994310563112946,1.2710162535795397,0.17445077515552485,22.043404712460955,67.59357533427573,167.8816736932624,0.0,0.0,0.12484939019694649,1.1119364816491903,0.0,0.600083934037721,0.24027352621704354,0.1596425397452355,167.8816736932624,0.0
2000,0.4,static_hour,0.6381998617557025,0.8994310563112946,1.2710162535795397,0.17445077515552485,22.043404712460955,67.59357533427573,167.8816736932624,0.0,0.0,0.12166388661739835,1.1119364816491903,0.0,0.600083934037721,0.24027352621704354,0.1596425397452355,167.8816736932624,0.0
2000,0.4,static_hour_self,0.6381998617557025,0.8994310563112946,1.2710162535795397,0.17445077515552485,22.043404712460955,67.59357533427573,167.8816736932624,0.0,0.0,0.08874289457416656,1.1119364816491903,0.0,0.600083934037721,0.24027352621704354,0.1596425397452355,167.8816736932624,0.0
2000,0.4,broadcast,0.6381998617557025,0.8994310563112946,1.2710162535795397,0.17445077515552485,22.043404712461054,67.59357533427573,167.8816736932629,0.0,0.0,0.035923732989793615,1.111936481649195,0.0,0.600083934037721,0.24027352621704354,0.1596425397452355,167.8816736932624,-3.1086244689504383e-15
2000,0.4,oracle,0.6381998617557025,0.8994310563112946,1.2710162535795397,0.17445077515552485,22.043404712460955,67.59357533427573,167.8816736932624,0.0,0.0,0.03350353329993625,1.1119364816491903,0.0,0.600083934037721,0.24027352621704354,0.1596425397452355,167.8816736932624,0.0
2000,0.4,piggyback,0.6381998617557025,0.8994310563112946,1.2710162535795397,0.17445077515552485,22.043404712460955,67.59357533427573,167.8816736932624,0.0,0.0,0.1331962426227036,1.1119364816491903,0.0,0.600083934037721,0.24027352621704354,0.1596425397452355,167.8816736932624,0.0
2000,0.5,recserve,0.6870297225239459,0.907040298650689,1.6641788486224944,0.26628008294657846,27.140801445685952,71.67944985751787,230.09439266914114,0.0,0.0,nan,1.1707687443988908,0.0,0.500177742668115,0.2500296237780192,0.2497926335538659,230.09439266914114,0.0
2000,0.5,recserve_no_onu,0.7408067542213884,0.9123354680134477,2.104029485533722,0.5260073713834305,7.326888740474184,16.287053115971833,312.03158325534696,0.0,0.49982225733188507,nan,1.3459758623032867,0.0,0.500177742668115,0.0,0.49982225733188507,299.84933270500045,-0.04062790615689549
2000,0.5,static_day,0.6870297225239459,0.907040298650689,1.6641788486224944,0.26628008294657846,27.140801445685952,71.67944985751787,230.09439266914114,0.0,0.0,0.1895907110091939,1.1707687443988908,0.0,0.500177742668115,0.2500296237780192,0.2497926335538659,230.09439266914114,0.0
2000,0.5,static_day_self,0.6870297225239459,0.907040298650689,1.6641788486224944,0.26628008294657846,27.140801445685952,71.67944985751787,230.09439266914114,0.0,0.0,0.1895907110091939,1.1707687443988908,0.0,0.500177742668115,0.2500296237780192,0.2497926335538659,230.09439266914114,0.0
2000,0.5,static_hour,0.6870297225239459,0.907040298650689,1.6641788486224944,0.26628008294657846,27.140801445685952,71.67944985751787,230.09439266914114,0.0,0.0,0.12602750583098132,1.1707687443988908,0.0,0.500177742668115,0.2500296237780192,0.2497926335538659,230.09439266914114,0.0
2000,0.5,static_hour_self,0.6870297225239459,0.907040298650689,1.6641788486224944,0.26628008294657846,27.140801445685952,71.67944985751787,230.09439266914114,0.0,0.0,0.12602750583098132,1.1707687443988908,0.0,0.500177742668115,0.2500296237780192,0.2497926335538659,230.09439266914114,0.0
2000,0.5,broadcast,0.6912362990026661,0.9075008222694222,1.7030318554359634,0.28526043250715905,25.92540496049528,70.45796397429396,232.11723569461236,0.005317468154438629,0.028507949047101806,0.0473074983707932,1.222850452704649,0.0,0.4974671669793621,0.23446232842895232,0.2680705045916856,235.54489826045176,0.014552056067244079
2000,0.5,oracle,0.6926582403475856,0.907692251473674,1.7190915078503013,0.2895558408215661,25.90313703595308,70.42730921386715,232.31536774349752,0.012985089365063691,0.02542707613310951,0.03863359168903011,1.2398071928736494,0.0,0.49367532339291004,0.2340624074256937,0.2722622691813963,237.38732268568344,0.021365736319885698
2000,0.5,piggyback,0.687039597116619,0.9070407809422305,1.664204374444554,0.26629412955465587,27.139549933519696,71.6793046868267,230.0936731984968,0.0,3.456107435568283e-05,0.1886827633913634,1.1708112837815374,0.0,0.500177742668115,0.2500197491853461,0.24980250814653895,230.10718728320532,5.87295202209015e-05
2000,0.6,recserve,0.7398242322504197,0.9143175828288501,2.099853461044732,0.3827730966722623,32.30555103407498,73.77763861982693,298.5007967629022,0.0,0.0,nan,1.2497121554592923,0.0,0.40042460748494124,0.24004147328922681,0.35953391922583194,298.5007967629022,0.0
2000,0.6,recserve_no_onu,0.7834699318653106,0.9186212183041423,2.5154102498271946,0.6288525624567987,8.182828341464262,16.64406754936352,352.5730406733146,0.0,0.5995753925150588,nan,1.4184740345337894,0.0,0.40042460748494124,0.0,0.5995753925150588,358.4056094671643,0.01627365375927259
2000,0.6,static_day,0.7802508146538956,0.9182842452990181,2.482832270168856,0.6095715611731016,10.087066699632764,22.121880191611808,349.2871119419575,0.0,0.5522662190184655,0.9547754656351901,1.4051086886349986,0.0,0.40042460748494124,0.01889997037622198,0.5806754221388368,353.98729070209885,0.013277817830179672
2000,0.6,static_day_self,0.7831490076034363,0.9185908510417177,2.5126324182877458,0.6271952552582206,8.349359064718442,16.78257434613578,352.2095980721886,0.0,0.5954330008887133,0.5568996014266456,1.4177333719059149,0.0,0.40042460748494124,0.0016589315690727757,0.5979164609459859,357.9651329031623,0.016078478885067082
2000,0.6,static_hour,0.7762516046213094,0.9179124139110345,2.447244791152365,0.5885190184654884,12.14210478359312,49.662672141582846,342.71863845031464,0.0,0.5010615187123532,0.8182085457827667,1.4029168802114778,0.0,0.40042460748494124,0.03948355880319937,0.5600918337118593,348.4982750583825,0.01658440520860427
2000,0.6,static_hour_self,0.7625506072874494,0.916582558122083,2.3190211908758767,0.5125368272933741,19.59161815888943,64.61860905485969,315.53629907485583,0.0,0.31652513083835293,0.3278054778779646,1.4126875046115714,0.0,0.40042460748494124,0.11346894440604326,0.4861064481090155,329.6933140567617,0.04293995170150322
2000,0.6,broadcast,0.7580280438431914,0.9162643272421321,2.2844140219215956,0.47692068727165,24.204676775772946,68.56074274055884,306.6848571529297,0.02679964451466377,0.18584970869951614,0.0520158488023052,1.4083048534086542,0.0,0.3897452355090352,0.15906487607386197,0.4511898884171028,323.4859827855961,0.051937723817238934
2000,0.6,oracle,0.7577367433593364,0.9162306274044221,2.2808298015206874,0.47554652908067546,24.268749568003347,68.61551037397459,306.5449942807495,0.025639379875580133,0.18492643428458577,0.0345644062695072,1.4056699155011412,0.0,0.39019946677199563,0.15980053322800433,0.45,323.08616559673277,0.05119739895217146
2000,0.6,piggyback,0.7571294559099437,0.9160417213489583,2.2668662288930586,0.48173406734472196,22.64889795145668,67.35318581962179,319.88605459634516,0.0,0.24017478029031303,0.43004301812801105,1.3357604376929249,0.0,0.40042460748494124,0.14376913202330405,0.4558062604917547,322.25264840639073,0.007343908022940715
2000,0.7,recserve,0.7903673348474376,0.9211706875871246,2.5654454626246666,0.5166017675520885,37.71787068722958,77.37552197968111,367.87246731194426,0.0,0.0,nan,1.3429405876207345,0.0,0.30039992100325863,0.2098696553767157,0.48973042362002567,367.87246731194426,0.0
2000,0.7,recserve_no_onu,0.8261676705835884,0.9243801354135094,2.9260280635923768,0.7315070158980942,9.046620006034042,16.919048579381396,389.7403221256363,0.0,0.6996000789967414,nan,1.4906109226900188,0.0,0.30039992100325863,0.0,0.6996000789967414,425.6455736642657,0.08435481010534418
2000,0.7,static_day,0.8259899279154734,0.9243642650275099,2.924251120766268,0.7304286856917153,9.190386940570164,17.181116501546676,389.48568768367977,0.0,0.6960600375234521,1.4433271442702498,1.4906404282170005,0.0,0.30039992100325863,0.0010713933050261676,0.6985286856917152,425.3587398718669,0.08433599412814075
2000,0.7,static_day_self,0.8261232349165597,0.9243751804255453,2.9254894638096176,0.7311777772291893,9.087629130369274,16.971173613538827,389.6150271840784,1.4811889009578355e-05,0.6985533721733979,0.7158637381217668,1.4907861120138193,0.0,0.3003949837069221,0.00033573615088377607,0.6992692801421941,425.57386521616604,0.08449493958897769
2000,0.7,static_hour,0.8260096771008196,0.9243673062134927,2.9246381060531252,0.7306621704354694,9.166459355191204,17.14077031364639,389.5556818935682,0.0,0.6966771995655179,1.250742833045655,1.490618450896384,0.0,0.30039992100325863,0.0008541522662190185,0.6987459267305224,425.39061029324466,0.0842400549814053
2000,0.7,static_hour_self,0.8266367137355584,0.9244707813310812,2.935004581811,0.7321246568579046,9.429355085449115,17.50498696148136,389.2377668209636,0.011202725387577762,0.6823590401895921,0.38906106509875993,1.4967242134620324,0.0,0.2970573713834304,0.0027994470228103092,0.7001431815937592,426.4024961719847,0.08715879875156995
2000,0.7,broadcast,0.8341562160560877,0.9255221063099988,3.0408622691813965,0.758211252098351,9.478305091769537,17.377084322586697,390.1583390537361,0.0986027451367631,0.6191567097857213,0.041715379389687966,1.5442308018153654,0.0,0.2709884467265725,0.0034067344722030217,0.7256048188012244,438.7249226151073,0.11069939512868432
2000,0.7,oracle,0.8348030018761726,0.925589176622107,3.0483221289621802,0.7603084526513282,9.422866875429955,17.29698717009949,390.23638572758364,0.10393996247654784,0.6168312432112175,0.01449248324704082,1.5475232550435252,0.0,0.269275204897798,0.0030216253579539846,0.7277031697442481,439.83956369611747,0.11277561652640322
2000,0.7,piggyback,0.8221783351436753,0.9240209536011609,2.8854264441591786,0.7069611336032389,12.361936377670714,46.69854226339387,386.1070746371979,0.0008590895625555446,0.618524735854646,0.5540675491067191,1.4821123188520002,0.0,0.30015799348276884,0.02424212501234324,0.6755998815048879,419.207748545982,0.0789600717629706
2000,0.8,recserve,0.8324429742273132,0.9274414797528362,3.052749916065962,0.6657113705934631,43.31851623548069,80.78748000491133,435.77240005701174,0.0,0.0,nan,1.4507423162124664,0.0,0.20055791448602744,0.16004739804483065,0.6393946874691419,435.77240005701174,0.0
2000,0.8,recserve_no_onu,0.8554655870445345,0.9293810803465792,3.3360342648365755,0.8340085662091439,9.912965913495766,17.26735703649284,423.4084086796676,0.0,0.7994420855139726,nan,1.5636375721855613,0.0,0.20055791448602744,0.0,0.7994420855139726,475.44851731464803,0.10945477110519763
2000,0.8,static_day,0.9065666041275797,0.9352250661988125,4.010713044336921,1.002537074158191,8.948908571560807,14.758526825881559,458.88207295577666,0.8231065468549422,0.14041177051446627,3.941432574763661,1.694117498468817,0.0,0.035464599585267105,0.0002419275204897798,0.9642934728942432,nan,nan
2000,0.8,static_day_self,0.915784536387874,0.936298400392219,4.134493147032685,1.0335777081070405,8.734529479057937,13.910912779113279,466.47483583459945,0.9744445541621408,0.02028735064678582,1.579117517889545,1.710957772468116,0.0,0.005115039004641058,7.899674138441789e-05,0.9948059642539745,nan,nan
2000,0.8,static_hour,0.9065715414239163,0.9352250763649413,4.010699950627036,1.0025224597610347,8.954009315847086,14.764319079741822,458.8759794000382,0.8230867976695961,0.1403228991804088,3.4147313679311235,1.694148991204803,0.0,0.035464599585267105,0.0002616767058358843,0.964273723708897,nan,nan
2000,0.8,static_hour_self,0.909262367927323,0.9355704625638258,4.051214179915078,1.0126510170830454,8.893573343260824,14.460770233115177,459.64083909830055,0.8727559988150488,0.10061716204206576,0.705310110888671,1.7062125720451329,0.0,0.025496198281820873,0.0002616767058358843,0.9742421250123432,nan,nan
2000,0.8,broadcast,0.8793571640169843,0.9321715071103707,3.6583031894934335,0.914423269477634,9.483020241511671,16.396545461671437,430.39554864199243,0.3934185839834107,0.48388466475757874,0.04701903115289405,1.669125485741873,0.0,0.12156117310160956,0.0002616767058358843,0.8781771501925546,nan,nan
2000,0.8,oracle,0.8802903130245877,0.9322789567185626,3.669713656561667,0.9172758862446924,9.468108172962117,16.36079197819379,430.916709893666,0.40692208946380964,0.47315098252197096,0.007935643698597292,1.671876014234212,0.0,0.11879134985681841,0.0002616767058358843,0.8809469734373457,nan,nan
2000,0.8,piggyback,0.8882837957934235,0.933124869048,3.7664689641552287,0.9388920608274909,10.199131557962831,17.120790286743706,447.1044662728086,0.5332131924558112,0.350844277673546,0.8938840307874872,1.6483368983200917,0.0,0.09351239261380469,0.004488002369902241,0.9019996050162931,nan,nan
2000,0.9,recserve,0.8723215167374346,0.9329468474673176,3.591167384220401,0.8408750370297225,49.18010486104301,84.2189238145311,504.4972551052486,0.0,0.0,nan,1.577593704835487,0.0,0.10089858793324775,0.09073269477634048,0.8083687172904118,504.4972551052486,0.0
2000,0.9,recserve_no_onu,0.8867137355584083,0.933664588570245,3.7416411770514464,0.9354102942628616,10.787268518160003,17.545175421500705,454.41035087969675,0.0,0.8991014120667522,nan,1.6371150059992798,0.0,0.10089858793324775,0.0,0.8991014120667522,nan,nan
2000,0.9,static_day,0.9171571047694282,0.9364667948660347,4.15417672558507,1.0384584575886244,8.72613261508633,13.819338717567733,467.61535530474964,0.9974079194233237,0.001668806161745828,4.073198021256722,1.7139574140602378,0.0,0.0002962377801915671,0.00013824429742273131,0.9995655179223857,nan,nan
2000,0.9,static_day_self,0.9172361015108127,0.9364727077906904,4.155033593364274,1.0387264935321419,8.702528917559574,13.803016031812874,467.728789539015,0.9991952206971463,0.0005233534116717686,1.5877221427749768,1.713750272648452,0.0,0.00011849511207662684,4.937296336526118e-05,0.9998321319245581,nan,nan
2000,0.9,static_hour,0.9171620420657648,0.9364670572625282,4.1542220598400315,1.0384856176557717,8.721244948465213,13.81631923415698,467.61181237616637,0.9973931075343142,0.0016934926434284585,3.5388551934884296,1.7139770184152006,0.0,0.0002962377801915671,0.00011849511207662684,0.9995852671077318,nan,nan
2000,0.9,static_hour_self,0.9171620420657648,0.9364670329400042,4.1542183766169645,1.0384839883479806,8.7214837121874,13.815999697917139,467.618778776616,0.9973141107929298,0.0017626147921398242,0.6795939432222069,1.713953152738278,0.0,0.0003011750765280932,0.00011849511207662684,0.9995803298113953,nan,nan
2000,0.9,broadcast,0.9171620420657648,0.9364669924210401,4.1542255751950234,1.0384884022909056,8.71954393119965,13.815608814614825,467.6144542259383,0.9973931075343142,0.0017231164214476153,0.045065844314050585,1.7139597183120396,0.0,0.0002962377801915671,0.00011355781574010072,0.9995902044040683,nan,nan
2000,0.9,oracle,0.9171620420657648,0.9364669924210401,4.1542255751950234,1.0384884022909056,8.719541060719122,13.815608814614825,467.6148350810593,0.9973931075343142,0.0017231164214476153,1.5402782612040338e-05,1.71395817392295,0.0,0.0002962377801915671,0.00011355781574010072,0.9995902044040683,nan,nan
2000,0.9,piggyback,0.915774661795201,0.9363377473843247,4.134678522760936,1.032772301767552,9.382528641671891,14.652076367265542,467.99385419448333,0.9545867482966328,0.027115631480201442,1.0122954221638512,1.7096382458410881,0.0,0.004586748296632764,0.0014367532339291005,0.9939764984694381,nan,nan
5000,0.1,recserve,0.5040462953084313,0.8758918400404686,0.2554543072892587,0.010954176891070094,7.487890997120835,44.716477425317,32.31318839695571,0.0,0.0,nan,1.0160006662175294,0.0,0.8994136032970984,0.09083221704580928,0.009754179657092278,32.31318839695571,0.0
5000,0.1,recserve_no_onu,0.5337573250194609,0.8794159391727213,0.43495837136613835,0.10873959284153459,3.892395328663238,11.267101585199294,85.85123318043873,0.0,0.10058639670290155,nan,1.1734324933370017,0.0,0.8994136032970984,0.0,0.10058639670290155,52.06058402113709,-0.6490639664276974
5000,0.1,static_day,0.5040462953084313,0.8758918400404686,0.2554543072892587,0.010954176891070094,7.487890997120835,44.716477425317,32.31318839695571,0.0,0.0,0.5049750291803532,1.0160006662175294,0.0,0.8994136032970984,0.09083221704580928,0.009754179657092278,32.31318839695571,0.0
5000,0.1,static_day_self,0.5040462953084313,0.8758918400404686,0.2554543072892587,0.010954176891070094,7.487890997120835,44.716477425317,32.31318839695571,0.0,0.0,0.028689784958906908,1.0160006662175294,0.0,0.8994136032970984,0.09083221704580928,0.009754179657092278,32.31318839695571,0.0
5000,0.1,static_hour,0.5040462953084313,0.8758918400404686,0.2554543072892587,0.010954176891070094,7.487890997120835,44.716477425317,32.31318839695571,0.0,0.0,0.5022024643259092,1.0160006662175294,0.0,0.8994136032970984,0.09083221704580928,0.009754179657092278,32.31318839695571,0.0
5000,0.1,static_hour_self,0.5040462953084313,0.8758918400404686,0.2554543072892587,0.010954176891070094,7.487890997120835,44.716477425317,32.31318839695571,0.0,0.0,0.027146998303592552,1.0160006662175294,0.0,0.8994136032970984,0.09083221704580928,0.009754179657092278,32.31318839695571,0.0
5000,0.1,broadcast,0.5040462953084313,0.8758918400404686,0.2554543072892587,0.010954176891070094,7.487890997120835,44.716477425317,32.31318839695564,0.0,0.0,0.007806732173589283,1.0160006662175294,0.0,0.8994136032970984,0.09083221704580928,0.009754179657092278,32.31318839695571,2.220446049250313e-15
5000,0.1,oracle,0.5040462953084313,0.8758918400404686,0.2554543072892587,0.010954176891070094,7.487890997120835,44.716477425317,32.31318839695571,0.0,0.0,0.006882376195398212,1.0160006662175294,0.0,0.8994136032970984,0.09083221704580928,0.009754179657092278,32.31318839695571,0.0
5000,0.1,piggyback,0.5040462953084313,0.8758918400404686,0.2554543072892587,0.010954176891070094,7.487890997120835,44.716477425317,32.31318839695571,0.0,0.0,0.04714727889647104,1.0160006662175294,0.0,0.8994136032970984,0.09083221704580928,0.009754179657092278,32.31318839695571,0.0
5000,0.2,recserve,0.551161531744056,0.8839184050736024,0.5527662829798752,0.04334350439204808,12.243797124492055,57.34859620484893,63.62826642926411,0.0,0.0,nan,1.0645556166568877,0.0,0.7996016928055762,0.16036606327868463,0.04003224391573906,63.62826642926411,0.0
5000,0.2,recserve_no_onu,0.597180237956937,0.8891182775368658,0.855492403317646,0.2138731008294115,4.766840643717054,13.982112090694038,136.43473144005415,0.0,0.2003983071944237,nan,1.3496740099072742,0.0,0.7996016928055762,0.0,0.2003983071944237,109.69407684701541,-0.24377482687905316
5000,0.2,static_day,0.551161531744056,0.8839184050736024,0.5527662829798752,0.04334350439204808,12.243797124492055,57.34859620484893,63.62826642926411,0.0,0.0,0.4513283968528533,1.0645556166568877,0.0,0.7996016928055762,0.16036606327868463,0.04003224391573906,63.62826642926411,0.0
5000,0.2,static_day_self,0.551161531744056,0.8839184050736024,0.5527662829798752,0.04334350439204808,12.243797124492055,57.34859620484893,63.62826642926411,0.0,0.0,0.07855487145486999,1.0645556166568877,0.0,0.7996016928055762,0.16036606327868463,0.04003224391573906,63.62826642926411,0.0
5000,0.2,static_hour,0.551161531744056,0.8839184050736024,0.5527662829798752,0.04334350439204808,12.243797124492055,57.34859620484893,63.62826642926411,0.0,0.0,0.4585439286434428,1.0645556166568877,0.0,0.7996016928055762,0.16036606327868463,0.04003224391573906,63.62826642926411,0.0
5000,0.2,static_hour_self,0.551161531744056,0.8839184050736024,0.5527662829798752,0.04334350439204808,12.243797124492055,57.34859620484893,63.62826642926411,0.0,0.0,0.05897318881158469,1.0645556166568877,0.0,0.7996016928055762,0.16036606327868463,0.04003224391573906,63.62826642926411,0.0
5000,0.2,broadcast,0.551161531744056,0.8839184050736024,0.5527662829798752,0.04334350439204808,12.243797124492056,57.34859620484893,63.62826642926382,0.0,0.0,0.024376111272433318,1.0645556166568901,0.0,0.7996016928055762,0.16036606327868463,0.04003224391573906,63.62826642926411,4.551914400963142e-15
5000,0.2,oracle,0.551161531744056,0.8839184050736024,0.5527662829798752,0.04334350439204808,12.243797124492055,57.34859620484893,63.62826642926411,0.0,0.0,0.02244373708453584,1.0645556166568877,0.0,0.7996016928055762,0.16036606327868463,0.04003224391573906,63.62826642926411,0.0
5000,0.2,piggyback,0.551161531744056,0.8839184050736024,0.5527662829798752,0.04334350439204808,12.243797124492055,57.34859620484893,63.62826642926411,0.0,0.0,0.09667137470762166,1.0645556166568877,0.0,0.7996016928055762,0.16036606327868463,0.04003224391573906,63.62826642926411,0.0
5000,0.3,recserve,0.5938333511149045,0.8915779572048009,0.8960994345460366,0.10075483164803553,16.912142775234223,63.29834969536961,106.15895964529612,0.0,0.0,nan,1.1560734557932704,0.0,0.699730510410122,0.2103085695318705,0.08996092005800743,106.15895964529612,0.0
5000,0.3,recserve_no_onu,0.6474309581105697,0.8976702057690982,1.276542132445045,0.31913553311126125,5.621625664551394,14.963603342436864,174.1090200254323,0.0,0.3002694895898779,nan,1.5267541132909788,0.0,0.699730510410122,0.0,0.3002694895898779,161.91850704775007,-0.07528795318059123
5000,0.3,static_day,0.5938333511149045,0.8915779572048009,0.8960994345460366,0.10075483164803553,16.912142775234223,63.29834969536961,106.15895964529612,0.0,0.0,0.3434174522392796,1.1560734557932704,0.0,0.699730510410122,0.2103085695318705,0.08996092005800743,106.15895964529612,0.0
5000,0.3,static_day_self,0.5938333511149045,0.8915779572048009,0.8960994345460366,0.10075483164803553,16.912142775234223,63.29834969536961,106.15895964529612,0.0,0.0,0.1662620832253637,1.1560734557932704,0.0,0.699730510410122,0.2103085695318705,0.08996092005800743,106.15895964529612,0.0
5000,0.3,static_hour,0.5941712009673175,0.8916183583452179,0.898632166467118,0.1022042430780295,16.837131955041094,63.2713916007232,106.3898519618036,0.0,0.0019895602419874267,0.36628104372817877,1.1664627504390712,0.0,0.699730510410122,0.20891963124972834,0.09134985834014961,106.51581031914142,0.0011825320293806785
5000,0.3,static_hour_self,0.5938333511149045,0.8915779572048009,0.8960994345460366,0.10075483164803553,16.912142775234223,63.29834969536961,106.15895964529612,0.0,0.0,0.10724639187638597,1.1560734557932704,0.0,0.699730510410122,0.2103085695318705,0.08996092005800743,106.15895964529612,0.0
5000,0.3,broadcast,0.5938333511149045,0.8915779572048009,0.8960994345460366,0.10075483164803553,16.912142775234233,63.29834969536961,106.15895964529902,0.0,0.0,0.04298716879278561,1.1560734557932477,0.0,0.699730510410122,0.2103085695318705,0.08996092005800743,106.15895964529612,-2.731148640577885e-14
5000,0.3,oracle,0.5938333511149045,0.8915779572048009,0.8960994345460366,0.10075483164803553,16.912142775234223,63.29834969536961,106.15895964529612,0.0,0.0,0.040214785788744094,1.1560734557932704,0.0,0.699730510410122,0.2103085695318705,0.08996092005800743,106.15895964529612,0.0
5000,0.3,piggyback,0.5938333511149045,0.8915779572048009,0.8960994345460366,0.10075483164803553,16.912142775234223,63.29834969536961,106.15895964529612,0.0,0.0,0.18073996965683775,1.1560734557932704,0.0,0.699730510410122,0.2103085695318705,0.08996092005800743,106.15895964529612,0.0
5000,0.4,recserve,0.6384591675853811,0.8995693862797763,1.270859735015075,0.17447949389696962,22.055133872897112,67.59357533427573,153.29455128356898,0.0,0.0,nan,1.2771967272854017,0.0,0.5999600902513524,0.24011443428919158,0.15992547545945604,153.29455128356898,0.0
5000,0.4,recserve_no_onu,0.6933765623086011,0.9054528413885641,1.6932829680208321,0.42332074200520803,6.486162626219978,15.919585478778503,203.8823750455204,0.0,0.4000399097486476,nan,1.7093934040406509,0.0,0.5999600902513524,0.0,0.4000399097486476,205.5428907056529,0.00807868204262252
5000,0.4,static_day,0.6384591675853811,0.8995693862797763,1.270859735015075,0.17447949389696962,22.055133872897112,67.59357533427573,153.29455128356898,0.0,0.0,0.29647016783695695,1.2771967272854017,0.0,0.5999600902513524,0.24011443428919158,0.15992547545945604,153.29455128356898,0.0
5000,0.4,static_day_self,0.6384591675853811,0.8995693862797763,1.270859735015075,0.17447949389696962,22.055133872897112,67.59357533427573,153.29455128356898,0.0,0.0,0.298620829625317,1.2771967272854017,0.0,0.5999600902513524,0.24011443428919158,0.15992547545945604,153.29455128356898,0.0
5000,0.4,static_hour,0.6467750157070545,0.9004767538738591,1.3362969482872395,0.21300827633351904,19.654668574176824,66.3915899806407,154.63137734975828,0.0,0.061862086133930794,0.9056122726857185,1.4732107087371922,0.0,0.5999600902513524,0.2029035330006204,0.19713637674802723,161.2879954173365,0.04127162750305169
5000,0.4,static_hour_self,0.6384591675853811,0.8995693862797763,1.270859735015075,0.17447949389696962,22.055133872897112,67.59357533427573,153.29455128356898,0.0,0.0,0.1725256062269768,1.2771967272854017,0.0,0.5999600902513524,0.24011443428919158,0.15992547545945604,153.29455128356898,0.0
5000,0.4,broadcast,0.6699720631759467,0.9037047192216864,1.5908274713420345,0.27744180091752907,19.81220711388049,66.30200172641837,154.0014849970787,0.10255817537370936,0.023001450185916206,0.055569853762158804,1.9377715976045577,0.0,0.5383963393672132,0.2016074540346385,0.25999620659814837,183.58569738325818,0.16114660786683577
5000,0.4,oracle,0.6699127912720145,0.9036956543665079,1.590208486946351,0.2772218310276563,19.818192516282675,66.30588079481444,153.94959603103973,0.10241789853440339,0.022869076267134518,0.030778207202947584,1.9374690683773528,0.0,0.5384971016038977,0.20171611919184734,0.2597867792042549,183.52872344075084,0.16116892688604256
5000,0.4,piggyback,0.638482876346954,0.8995717541765355,1.2710235072370997,0.17456869416092718,22.05028421299741,67.59357533427573,153.31755419017983,0.0,0.00013434964891275572,0.3011572145116253,1.2774506434684185,0.0,0.5999600902513524,0.24002947789355555,0.16001043185509206,153.3173408605719,-1.3914251755231533e-06
5000,0.5,recserve,0.6869910025249831,0.9071232753221744,1.6651671665263899,0.2664491506336166,27.171880855994313,71.69644402687882,199.9448154085072,0.0,0.0,nan,1.4325682718897506,0.0,0.4999288737152815,0.2501610220056822,0.24991010427903632,199.9448154085072,0.0
5000,0.5,recserve_no_onu,0.7403021286516432,0.9124326954181486,2.104688494533155,0.5261721236332888,7.351828314508937,16.359592930395248,227.61743046178407,0.0,0.5000711262847185,nan,1.8952642504068504,0.0,0.4999288737152815,0.0,0.5000711262847185,246.62757909120765,0.07708038451933741
5000,0.5,static_day,0.7345744870016715,0.911871702430219,2.0586856494817662,0.49894496011000866,9.433509634271887,31.413679300554033,225.35176127288446,0.0,0.4474653358148504,3.6222693175923437,1.8565282535480496,0.0,0.4999288737152815,0.026261404902181602,0.4738097213825369,241.6601760076589,0.06748490795710405
5000,0.5,static_day_self,0.7402823713503325,0.9124309826172029,2.1045229639113137,0.5260770238391598,7.361175043039884,16.371561857520433,227.57165148622656,0.0,0.49984984451003867,2.0128674999019016,1.8955059765986129,0.0,0.4999288737152815,9.08835860292171e-05,0.4999802426986893,246.61100265514207,0.0772039810224523
5000,0.5,static_hour,0.7098521758715933,0.9093872818102511,1.8526094929881338,0.3771838594702673,18.727061386838404,64.2234260888015,197.46374239653093,0.0,0.2133847813459464,2.7714272352079967,1.8369498781023554,0.0,0.4999288737152815,0.14341034729384244,0.35666077899087606,219.98668708650018,0.10238321685854146
5000,0.5,static_hour_self,0.7319270086260378,0.9123460528477433,2.1040136048776823,0.4475267513859747,17.910116447817046,63.11613642348452,196.98597641642462,0.11194882068668477,0.1823519881772309,1.0213669651775592,2.1535619189851785,0.0,0.44393273034049735,0.1308802668025969,0.42518700285690575,239.33919181886702,0.17695896388960608
5000,0.5,broadcast,0.7681816565311711,0.917162084396604,2.5131726946192967,0.5602001612195787,16.811639558653308,61.134477045287,198.87331456162178,0.2965116508805829,0.12460732363644984,0.0731736329454725,2.5959616019341527,0.0,0.35172145366320123,0.11363609421861849,0.5346424521181803,270.01858802327047,0.26348287346616783
5000,0.5,oracle,0.7681243603573701,0.9171670999407867,2.5138076863805017,0.5592916434518377,16.953561748392797,61.32724155988205,198.625759937782,0.2983530313627401,0.12020539690442603,0.01884348355784203,2.6002375703964646,0.0,0.35080273915225374,0.1153707852736979,0.5338264755740484,269.97051635868047,0.26426869638649897
5000,0.5,piggyback,0.6914363953198904,0.9075665206853837,1.7012933287496395,0.28769210419210417,25.567249712484067,70.39386242155966,201.48855418895948,7.902920524279748e-05,0.040619035764666835,0.6971729847190695,1.4958606656100135,0.0,0.49987948046200475,0.22979717154474436,0.2703233479932509,203.84199035237407,0.011545394348565163
5000,0.6,recserve,0.7388717000367486,0.914423325564424,2.1003099288342004,0.3824959181415492,32.3363078534167,73.96128799579829,245.42744512006362,0.0,0.0,nan,1.635689509181006,0.0,0.40011696322375934,0.24025471112849753,0.3596283256477431,245.42744512006362,0.0
5000,0.6,recserve_no_onu,0.7824345736967097,0.9187253612287393,2.5168552382532967,0.6292138095633242,8.217306800262886,16.731850378920008,246.79968363001987,0.0,0.5998830367762407,nan,2.0841001763948115,0.0,0.40011696322375934,0.0,0.5998830367762407,281.97682900094054,0.1247519006989164
5000,0.6,static_day,0.7822824424766173,0.9187098983802566,2.515318270366814,0.6283053945335499,8.311750331882434,16.811513968386727,246.59201460348757,0.0,0.597575383983151,6.781254456914111,2.0848161010935344,0.0,0.40011696322375934,0.0008772241781950519,0.5990058125980456,281.849190443236,0.1250923438321856
5000,0.6,static_day_self,0.7849180664714646,0.9190406404048176,2.546151838812033,0.6365087722417819,8.23469814925998,16.71457862910336,246.84175164480456,0.01783096443290618,0.5890481327374532,3.34923920214195,2.1070144731100187,0.0,0.3929786502602037,4.741752314567849e-05,0.6069739322166506,284.0604870143771,0.13102397929666576
5000,0.6,static_hour,0.7788150360965895,0.9183593429565591,2.48167712223052,0.6084559431938072,10.245311910583379,24.518587142748522,243.13936293589086,0.0,0.5494624038313358,4.508471991175672,2.0882357373400806,0.0,0.40011696322375934,0.020189986209403685,0.579693050566837,278.9400259137363,0.1283453776867325
5000,0.6,static_hour_self,0.8383595907867752,0.9262594060523704,3.210552339066902,0.7901029572728602,10.616283220349283,32.66515998994315,237.86916680225193,0.4451596587518918,0.2801150665228335,0.7914516725739837,2.7359687701843476,0.0,0.22204835797068806,0.021077089038254088,0.7568745529910579,330.3097799879511,0.2798603577195662
5000,0.6,broadcast,0.8360045204705399,0.9260288770067114,3.1885877639081524,0.777769384876181,11.770824462849227,45.9601024792568,235.71833343593957,0.44420933255884715,0.2518581741882713,0.08126627993409122,2.751457023035048,0.0,0.22248104286939238,0.03261930446396466,0.7448996526666429,328.363125098317,0.2821412776926099
5000,0.6,oracle,0.837023997218172,0.9261541082550097,3.199502609939503,0.7803096779164741,11.80549617503921,46.08807916262668,235.69921636399954,0.4512429318254561,0.24688328571823717,0.012087676646819905,2.7606032823881375,0.0,0.21967155462301094,0.03295122712598441,0.7473772182510047,329.205804563964,0.2840368757282843
5000,0.6,piggyback,0.7757664845043486,0.9182162027571638,2.464185398564039,0.5823909219151938,13.94801804237922,55.12114110633026,244.6088534598363,0.02778074137297438,0.44147294632731526,2.253779263179536,2.0556920233287266,0.0,0.3889165491107239,0.05670345476170719,0.5543799961275689,276.3822818288257,0.11496188597454271
5000,0.7,recserve,0.7882866863449388,0.9212470275557821,2.5657518008780142,0.5159124336648608,37.75579588638585,77.45960717579806,286.88676936354915,0.0,0.0,nan,1.8765232181807612,0.0,0.3002971498117129,0.21032239964278798,0.4893804505454991,286.88676936354915,0.0
5000,0.7,recserve_no_onu,0.8245689944719071,0.9244630355073487,2.928116923709157,0.7320292309272892,9.095320951441597,17.02675582610385,262.8312996167273,0.0,0.699702850188287,nan,2.27723286111938,0.0,0.3002971498117129,0.0,0.699702850188287,318.60886704369034,0.1750659607954802
5000,0.7,static_day,0.8930240920532183,0.9334600579091433,3.846318420522304,0.9615244832477842,8.879113185554981,15.066641918104139,278.67049468495264,0.7466679311339506,0.1770214682836042,20.336741562001812,2.725060366336447,0.0,0.07598262938068763,9.878650655349685e-05,0.9239185841127588,nan,nan
5000,0.7,static_day_self,0.9163752464723338,0.936484566133001,4.156225426856495,1.03904401729159,8.792599085084445,13.958859606645992,282.52716018001723,0.9991603146942952,0.0005354228655199529,5.264497646142262,2.872744958672321,0.0,0.00023511188559732248,2.1733031441769307e-05,0.9997431550829609,nan,nan
5000,0.7,static_hour,0.8263293700186904,0.9246984404330506,2.9523416630115658,0.7378760367643863,9.149222094346145,17.05709644627752,262.4505301189807,0.020081321052194838,0.6842941308960726,7.4292589424282,2.2988987449243403,0.0,0.29425339134077,0.0003477285030683089,0.7053988801561617,320.147986463915,0.1802212063933677
5000,0.7,static_hour_self,0.8772380083059694,0.9313810969030077,3.63446547411596,0.9085447601661194,8.95451580234172,15.621588521567105,260.65549974271704,0.5748505360155846,0.2969463115094183,1.0361216024413487,2.7854222976107947,0.0,0.12772897724354035,0.0001224952681263361,0.8721485274883333,nan,nan
5000,0.7,broadcast,0.8818612168126732,0.9319819970820314,3.695049081087916,0.923685212845407,8.940213067154035,15.440281141293227,260.4756036791031,0.6242872553552166,0.262359179834908,0.08822021200833327,2.8273620765439365,0.0,0.1128734623880255,0.00013237391878168577,0.8869941636931928,nan,nan
5000,0.7,oracle,0.8813554298991192,0.9319172173747321,3.6885116469291224,0.9209886612847779,9.184330828909447,15.710561136156318,259.8591806617137,0.6212584610642863,0.2585954139352198,0.00685614870877159,2.832301926667954,0.0,0.11374278364569626,0.001910531036744629,0.8843466853175591,nan,nan
5000,0.7,piggyback,0.8422043616218373,0.9268150665054526,3.1681296711199622,0.7871773652453264,10.147306169944784,18.28533708497258,264.74178687965247,0.20625041984265285,0.5281324213363048,3.205769515624085,2.4327280572886503,0.0,0.2384429665983064,0.008136056679746,0.7534209767219476,333.4877920812631,0.2061424940702442
5000,0.8,recserve,0.830893306621462,0.9274734172632414,3.0553155201504714,0.6657979322008447,43.39539870337377,80.89471209300042,324.1382960719049,0.0,0.0,nan,2.1550443489978193,0.0,0.20021654002236527,0.16050238865772845,0.6392810713199063,324.1382960719049,0.0
5000,0.8,recserve_no_onu,0.854511184608272,0.9294420409866908,3.339771826878623,0.8349429567196558,9.979562124934883,17.389357449217904,276.3695602640823,0.0,0.7997834599776348,nan,2.472563385828826,0.0,0.20021654002236527,0.0,0.7997834599776348,343.66037035939274,0.19580613855749252
5000,0.8,static_day,0.9158872411299596,0.9364329928681638,4.150130615518965,1.0374907950733194,8.81190508333402,14.001654898631386,282.5284793054775,0.9911665105839863,0.007025696346084695,23.214285169702702,2.8696501803513366,0.0,0.001720860944161915,7.112628471851773e-05,0.9982080127711196,nan,nan
5000,0.8,static_day_self,0.9164384698365281,0.936491489531531,4.156975232247077,1.0392333455828602,8.792065225967164,13.955619104276408,282.6205566191354,0.9997767424951891,0.00010076223668456678,5.27109377208246,2.872205151805606,0.0,5.729617380102817e-05,1.7781571179629433e-05,0.9999249222550194,nan,nan
5000,0.8,static_hour,0.9081404032860344,0.9355583370881126,4.048235854760127,1.0120184592466146,8.965844273905116,14.61969547481361,279.0275096614924,0.8665927743597647,0.10640097047864037,16.330642173798868,2.8521751950619705,0.0,0.026690138340623778,6.91505545874478e-05,0.9732407111047888,nan,nan
5000,0.8,static_hour_self,0.9121214995001403,0.935999694902492,4.099751852246999,1.024896847129857,8.889441937879104,14.292453034108979,277.94038598187416,0.9295928810491917,0.05604158516779876,1.1287929722146655,2.8910931689066364,0.0,0.01407905291400437,6.717482445637786e-05,0.9858537722615393,nan,nan
5000,0.8,broadcast,0.9064867171663288,0.9353629670419867,4.025276764228221,1.006197288507968,9.029291982154382,14.78292038644003,274.22348506877523,0.8386697804173532,0.12806880282608438,0.09061147834089991,2.891502090777587,0.0,0.03225577011984779,0.00020942739389341331,0.9675348024862588,nan,nan
5000,0.8,oracle,0.9060283477759206,0.9353149960105821,4.020067601582165,1.0049126806311273,9.027662974675472,14.800021750340234,273.6619465499391,0.8320649145891864,0.13367592493806085,0.002426148312493871,2.894540653259624,0.0,0.03352616459412576,0.00017386425153415445,0.9662999711543401,nan,nan
5000,0.8,piggyback,0.8955115362882353,0.9341210952811932,3.8805511378229824,0.9680028727116107,9.894939591121874,16.4606151039712,278.4209335679866,0.6692706789794168,0.2473278249977279,3.426141673624652,2.77393536065967,0.0,0.06626401286595461,0.003510872442911278,0.9302251146911341,nan,nan
5000,0.9,recserve,0.8716447163049105,0.9330063238628087,3.5946106981835135,0.8416904781662062,49.27725890649727,84.33395324321,357.8226113014284,0.0,0.0,nan,2.493060395962617,0.0,0.1007345764627318,0.09049436719339632,0.8087710563438719,357.8226113014284,0.0
5000,0.9,recserve_no_onu,0.8860418617700171,0.933723626815398,3.7440168174148756,0.9360042043537189,10.867152860504794,17.688579288106737,288.0291283789739,0.0,0.8992654235372682,nan,2.6681052873157034,0.0,0.1007345764627318,0.0,0.8992654235372682,nan,nan
5000,0.9,static_day,0.9164443970269213,0.9364921221191004,4.157007420842372,1.0392448542108736,8.793456794074192,13.958084268635137,282.63200472847575,0.9995376791493297,0.0003319226620197494,23.341059622109768,2.8721719124766265,0.0,5.33447135388883e-05,1.1854380786419622e-05,0.9999348009056747,nan,nan
5000,0.9,static_day_self,0.9164463727570523,0.9364926374418954,4.157095554212059,1.0392668875532955,8.791879166811466,13.955619104276408,282.64263389465106,0.9998241600183347,8.693212576707723e-05,5.271274576270136,2.8720615023675946,0.0,3.1611682097118994e-05,1.1854380786419622e-05,0.9999565339371165,nan,nan
5000,0.9,static_hour,0.9164424212967902,0.9364915833507115,4.156954040565691,1.0392254367351454,8.797879649705136,13.960845812410113,282.63465532937676,0.9993618391676644,0.00048010242184999465,16.57987439725159,2.872204607250502,0.0,6.124763406316805e-05,2.1733031441769307e-05,0.9999170193344951,nan,nan
5000,0.9,static_hour_self,0.9164384698365281,0.9364918526602001,4.1569941202271306,1.0392306052451683,8.797341191951348,13.959932677657335,282.63382747264296,0.9995495335301161,0.0002785779484808611,1.1108724980039295,2.8721943666523932,0.0,4.741752314567849e-05,2.7660221834979117e-05,0.9999249222550194,nan,nan
5000,0.9,broadcast,0.9164424212967902,0.9364919350172912,4.15698251083688,1.0392322095380346,8.797262225507195,13.95968943792395,282.6329412057934,0.9994823587056597,0.00031414109084011997,0.08943571023572089,2.872214997925283,0.0,5.5320443669958234e-05,2.3708761572839243e-05,0.9999209707947572,nan,nan
5000,0.9,oracle,0.9164424212967902,0.9364919350172912,4.15698251083688,1.0392322095380346,8.797266828184956,13.959689437900668,282.6307478140717,0.9994863101659218,0.0003042624401847703,9.132765116162611e-06,2.872237831786268,0.0,5.5320443669958234e-05,2.3708761572839243e-05,0.9999209707947572,nan,nan
5000,0.9,piggyback,0.9155019737544009,0.9364141268170626,4.144857281158251,1.0353554160690084,9.407228969227006,14.584645046526564,283.7868563701665,0.9749754021598682,0.009281980155766563,3.293981687378844,2.8650863329711496,0.0,0.0024854685048859805,0.001377083901355746,0.9961374475937582,nan,nan
10000,0.1,recserve,0.5042792451194938,0.8758484294984622,0.25478848021304634,0.010928413005753592,7.4716845224941855,44.716477425317,32.16104154477134,0.0,0.0,nan,1.0342437198667505,0.0,0.8995495220442677,0.09073969386408448,0.009710784091647742,32.16104154477134,0.0
10000,0.1,recserve_no_onu,0.5341187315706849,0.8793955952740865,0.4344396247264533,0.10860990618161333,3.8923407551522438,11.292167585237351,76.48265869547356,0.0,0.10045047795573221,nan,1.3573823356663859,0.0,0.8995495220442677,0.0,0.10045047795573221,50.74161268333487,-0.5072965688493549
10000,0.1,static_day,0.5042792451194938,0.8758484294984622,0.25478848021304634,0.010928413005753592,7.4716845224941855,44.716477425317,32.16104154477134,0.0,0.0,0.710839665854592,1.0342437198667505,0.0,0.8995495220442677,0.09073969386408448,0.009710784091647742,32.16104154477134,0.0
10000,0.1,static_day_self,0.5042792451194938,0.8758484294984622,0.25478848021304634,0.010928413005753592,7.4716845224941855,44.716477425317,32.16104154477134,0.0,0.0,0.04537961507806316,1.0342437198667505,0.0,0.8995495220442677,0.09073969386408448,0.009710784091647742,32.16104154477134,0.0
10000,0.1,static_hour,0.5160011266873226,0.8772341809402058,0.3246083146372835,0.04893060236407364,6.078288446910363,34.77034427102714,46.1031562924225,0.0,0.03912185359761899,0.7004782630089224,1.4828220445014442,0.0,0.8995495220442677,0.05538200018515491,0.045068477770577306,39.46006978726861,-0.16834958835519376
10000,0.1,static_hour_self,0.5042792451194938,0.8758484294984622,0.25478848021304634,0.010928413005753592,7.4716845224941855,44.716477425317,32.16104154477134,0.0,0.0,0.0387147764479912,1.0342437198667505,0.0,0.8995495220442677,0.09073969386408448,0.009710784091647742,32.16104154477134,0.0
10000,0.1,broadcast,0.5042792451194938,0.8758484294984622,0.25478848021304634,0.010928413005753592,7.471684522494187,44.716477425317,32.16104154477126,0.0,0.0,0.014020331080368093,1.0342437198667516,0.0,0.8995495220442677,0.09073969386408448,0.009710784091647742,32.16104154477134,2.4424906541753444e-15
10000,0.1,oracle,0.5042792451194938,0.8758484294984622,0.25478848021304634,0.010928413005753592,7.4716845224941855,44.716477425317,32.16104154477134,0.0,0.0,0.012737737050139478,1.0342437198667505,0.0,0.8995495220442677,0.09073969386408448,0.009710784091647742,32.16104154477134,0.0
10000,0.1,piggyback,0.5042792451194938,0.8758484294984622,0.25478848021304634,0.010928413005753592,7.4716845224941855,44.716477425317,32.16104154477134,0.0,0.0,0.06285619782684992,1.0342437198667505,0.0,0.8995495220442677,0.09073969386408448,0.009710784091647742,32.16104154477134,0.0
10000,0.2,recserve,0.5517409485840574,0.8838756764561614,0.5517575573734003,0.043124127654461546,12.224185286983223,57.34859620484893,61.714685473034415,0.0,0.0,nan,1.1345880818264213,0.0,0.799695873212221,0.16039142535794976,0.03991270142982924,61.714685473034415,0.0
10000,0.2,recserve_no_onu,0.5979262650118282,0.8891145508966937,0.8546801448935656,0.2136700362233914,4.7724654902317205,14.04746360893557,110.54512450854246,0.0,0.20030412678777898,nan,1.7262520797142045,0.0,0.799695873212221,0.0,0.20030412678777898,101.7060890778252,-0.08690763267825252
10000,0.2,static_day,0.5517409485840574,0.8838756764561614,0.5517575573734003,0.043124127654461546,12.224185286983223,57.34859620484893,61.714685473034415,0.0,0.0,0.6426603526482791,1.1345880818264213,0.0,0.799695873212221,0.16039142535794976,0.03991270142982924,61.714685473034415,0.0
10000,0.2,static_day_self,0.5517409485840574,0.8838756764561614,0.5517575573734003,0.043124127654461546,12.224185286983223,57.34859620484893,61.714685473034415,0.0,0.0,0.14142343740622404,1.1345880818264213,0.0,0.799695873212221,0.16039142535794976,0.03991270142982924,61.714685473034415,0.0
10000,0.2,static_hour,0.572154277373873,0.8861810346617616,0.685302942978197,0.11831765294484944,8.94431602568226,48.78449403558229,74.32017589502541,0.0,0.08827851237878755,0.5846483420060601,1.8625612368997866,0.0,0.799695873212221,0.08970065966360899,0.11060346712417,79.48963322722065,0.06503310082483804
10000,0.2,static_hour_self,0.5517409485840574,0.8838756764561614,0.5517575573734003,0.043124127654461546,12.224185286983223,57.34859620484893,61.714685473034415,0.0,0.0,0.09496283839447586,1.1345880818264213,0.0,0.799695873212221,0.16039142535794976,0.03991270142982924,61.714685473034415,0.0
10000,0.2,broadcast,0.5517409485840574,0.8838756764561614,0.5517575573734003,0.043124127654461546,12.224185286983236,57.34859620484893,61.714685473033605,0.0,0.0,0.03731399323302654,1.1345880818264196,0.0,0.799695873212221,0.16039142535794976,0.03991270142982924,61.714685473034415,1.3100631690576847e-14
10000,0.2,oracle,0.5517409485840574,0.8838756764561614,0.5517575573734003,0.043124127654461546,12.224185286983223,57.34859620484893,61.714685473034415,0.0,0.0,0.03493205905596192,1.1345880818264213,0.0,0.799695873212221,0.16039142535794976,0.03991270142982924,61.714685473034415,0.0
10000,0.2,piggyback,0.5517409485840574,0.8838756764561614,0.5517575573734003,0.043124127654461546,12.224185286983223,57.34859620484893,61.714685473034415,0.0,0.0,0.16415966594912704,1.1345880818264213,0.0,0.799695873212221,0.16039142535794976,0.03991270142982924,61.714685473034415,0.0
10000,0.3,recserve,0.5941827872904942,0.8915232772831329,0.8951881134487465,0.1007233844741699,16.89000105802753,63.29834969536961,98.67100324786452,0.0,0.0,nan,1.314861066763229,0.0,0.6998235119159003,0.21029855244315843,0.08987793564094129,98.67100324786452,0.0
10000,0.3,recserve_no_onu,0.6478806656909922,0.8976568266337384,1.2758906798139782,0.31897266995349455,5.635375727947082,15.046144247640523,131.6381673677451,0.0,0.30017648808409975,nan,2.099966836839104,0.0,0.6998235119159003,0.0,0.30017648808409975,140.83764912783778,0.06531976227281633
10000,0.3,static_day,0.6112633277064625,0.8934869051934362,1.0171855784022708,0.17067991049532877,13.281899938413376,57.34859620484893,108.48476183727544,0.0,0.09625199189257863,2.890324569286409,1.7209170907795723,0.0,0.6998235119159003,0.14288148313022103,0.1572950049538787,112.51933093768514,0.03585667517561142
10000,0.3,static_day_self,0.5941827872904942,0.8915232772831329,0.8951881134487465,0.1007233844741699,16.89000105802753,63.29834969536961,98.67100324786452,0.0,0.0,0.3323291242896372,1.314861066763229,0.0,0.6998235119159003,0.21029855244315843,0.08987793564094129,98.67100324786452,0.0
10000,0.3,static_hour,0.6182361828148668,0.8942825241402305,1.0664967627436805,0.19897884211210537,11.828102021826446,54.98291931170856,101.26995920257178,0.0,0.1351542202516137,1.6487472508848642,2.1309534374606405,0.0,0.6998235119159003,0.1155859069537487,0.18459058113035104,118.1726873376119,0.1430341351783775
10000,0.3,static_hour_self,0.5941827872904942,0.8915232772831329,0.8951881134487465,0.1007233844741699,16.89000105802753,63.29834969536961,98.67100324786452,0.0,0.0,0.1919821633482322,1.314861066763229,0.0,0.6998235119159003,0.21029855244315843,0.08987793564094129,98.67100324786452,0.0
10000,0.3,broadcast,0.6530108355016812,0.8997332067738728,1.4895310262506327,0.272678488348044,15.388443317299508,60.74367879841035,98.2791609423737,0.18150105479206513,0.002374513229712242,0.03369762958281065,3.3882177607015795,0.0,0.5728082287569212,0.17049812579897297,0.2566936454441059,144.20483162664019,0.3184752561077312
10000,0.3,oracle,0.6535564515652484,0.8998086881209059,1.4948798482517636,0.27430814208866555,15.367565469994869,60.74367879841035,97.9957975527059,0.18298820326857507,0.0026837613235030523,0.01643088421875799,3.4206052305304477,0.0,0.5717662399568234,0.16996629786697603,0.2582674621762005,144.5629462560003,0.32212368320738727
10000,0.3,piggyback,0.594202484621309,0.891525492758481,0.8953490288231042,0.10082006685274078,16.88443068788204,63.29834969536961,98.69551730053347,0.0,0.00015265431381393508,0.346843259541058,1.315344109943364,0.0,0.6998235119159003,0.2102020355221664,0.08997445256193333,98.68697318119769,-8.657798552702545e-05
10000,0.4,recserve,0.6390099727585915,0.8995444680655811,1.2705696152914319,0.1745215715318417,22.036299639952375,67.59357533427573,135.01537752739367,0.0,0.0,nan,1.5671737523170322,0.0,0.5999304684222241,0.24013409942818648,0.1599354321495894,135.01537752739367,0.0
10000,0.4,recserve_no_onu,0.6938680239440753,0.9054484753901499,1.692163657242807,0.42304091431070173,6.5104703153264065,16.01119482573937,146.11439604317508,0.0,0.4000695315777759,nan,2.487261304787166,0.0,0.5999304684222241,0.0,0.4000695315777759,170.21531792231048,0.14159079319838608
10000,0.4,static_day,0.6937518096922686,0.905434756074009,1.691221269965707,0.422497135023233,6.545009329328486,16.051124154182713,145.90494018504708,0.0,0.3991703484260848,7.68001463810733,2.4895940975984296,0.0,0.5999304684222241,0.0005288733323747299,0.3995406582454012,170.15348999762168,0.14250985867473853
10000,0.4,static_day_self,0.6938640844779124,0.9054478313086344,1.692123045286133,0.4230175473671563,6.5123192384653095,16.012990871426034,146.1060676321394,0.0,0.4000252125834428,4.243127873580361,2.487363101597763,0.0,0.5999304684222241,2.166706389617143e-05,0.40004786451387975,170.21322206045662,0.14162915275615195
10000,0.4,static_hour,0.6698707658125247,0.9028750529713059,1.5088774826023326,0.31390210328098445,13.39278859181016,57.07231947170084,128.04932272313667,0.0013866920893549715,0.22257294414033954,3.613216743483918,2.4923366750522935,0.0,0.5990962864622215,0.10619224988821764,0.29471146364956086,155.27083224038532,0.17531631101909195
10000,0.4,static_hour_self,0.7619843485009347,0.9158719927700694,2.5460812849750734,0.556745739959778,16.308386737658033,60.90716216998152,121.69567318796119,0.4423774284346728,0.0,0.1257233491205788,4.802189297997458,0.0,0.33456901255310895,0.13385715101746562,0.5315738364294255,205.35745951499334,0.4073958965241481
10000,0.4,broadcast,0.799301926595927,0.9207209919346887,2.920154616167963,0.6806415903230953,13.285126759734485,52.99230435782955,125.03880985783978,0.5578697730670517,0.03875843784408775,0.03163371004298874,5.152001181248579,0.0,0.2652698632808268,0.08290901999869997,0.6518211167204732,223.39520561767634,0.4402797969091867
10000,0.4,oracle,0.7986144897504939,0.9206195956912216,2.9119965529671075,0.6789050608352062,13.243248149706721,52.94891381709401,124.98193335376509,0.5542582674621762,0.04105022228437824,0.0071438641464657985,5.140475660252914,0.0,0.2674552821347179,0.08240181373022142,0.6501429041350607,223.06197776586367,0.43969862275249805
10000,0.4,piggyback,0.6457789604930636,0.9002894528811209,1.3246137727676524,0.20450415022760265,20.254216093027825,66.88504773134797,136.45919175916717,0.0022976936395349068,0.04514234276113244,1.8898001613021367,1.7318124676962232,0.0,0.5985329428009211,0.21250366862786424,0.18896338857121472,139.45819674687323,0.02150468783953563
10000,0.5,recserve,0.6873846475064164,0.9071214337079692,1.6639646216241237,0.2661769972601013,27.15480328458118,71.68491654061671,166.7660532763238,0.0,0.0,nan,1.8932122335497483,0.0,0.500048258460496,0.25020239007412104,0.24974935146538293,166.7660532763238,0.0
10000,0.5,recserve_no_onu,0.7406324418977984,0.9124403719964368,2.1025958481966107,0.5256489620491527,7.388018327320942,16.419276388671488,156.56191258254248,0.0,0.499951741539504,nan,2.8790615404729194,0.0,0.500048258460496,0.0,0.499951741539504,195.0481663560258,0.1973166653780969
10000,0.5,static_day,0.7406235780989319,0.9124391665265976,2.1025158947611007,0.5256018686857744,7.392074847376737,16.424318031894146,156.54617494702867,0.0,0.4998493154192675,12.068861676917765,2.8793165788998394,0.0,0.500048258460496,4.727359395528312e-05,0.4999044679455487,195.04388666790632,0.19737974041927397
10000,0.5,static_day_self,0.7406324418977984,0.9124401601858917,2.1025968350328847,0.5256367920533089,7.389723643528819,16.42120672461408,156.55154770091195,2.757626314058182e-05,0.49989264954705986,4.939469179386606,2.8792777050995855,0.0,0.500037424928548,2.0682197355436365e-05,0.4999418928740966,195.0481663560258,0.19736980549125038
10000,0.5,static_hour,0.7450456288668322,0.9134072859110941,2.1879070896602806,0.5198009240017886,11.11778642887195,47.21418923820594,147.12019801409073,0.08043897471453643,0.3690610085427324,6.5409651212470274,3.2501356783460476,0.0,0.45985093060039434,0.04539939292826429,0.4947496764713414,197.17897551863342,0.2538748229768144
10000,0.5,static_hour_self,0.8218455217133527,0.9237379598746248,3.0671572398524276,0.7519481674588278,10.168452164480234,22.879287021566526,143.0197733756031,0.4910258960808221,0.2048463312736491,0.486997896604577,4.578075439632135,0.0,0.2544885292594001,0.0248540920219901,0.7206573787186098,234.32297858041431,0.3896468274598943
10000,0.5,broadcast,0.8631025659712852,0.9294370419646764,3.553467423569432,0.8681419773756459,11.246143341199085,41.0672641869382,141.5320412162082,0.7357701557861894,0.06458262340870188,0.04569280122610513,5.276724788099878,0.0,0.1321040885749572,0.03384887813852345,0.8340470332865193,253.09779644001804,0.44080097414143216
10000,0.5,oracle,0.8611082112262968,0.9291525040336449,3.528786642452081,0.8627807155252393,11.119420248882045,39.509979096671955,141.48206677684237,0.722660597262465,0.07383347482582635,0.005098333538976752,5.243818333796664,0.0,0.13866329973625274,0.03247301958111656,0.8288636806826307,252.20753668406132,0.43902522249334686
10000,0.5,piggyback,0.7612900175897164,0.9156359551360882,2.3780892840611165,0.5665238209670208,11.348892595326506,48.11963884556775,158.4203093524826,0.17444153142807617,0.31928289897435996,4.243304291452657,3.2141531705516706,0.0,0.41279006781791,0.04678214555145632,0.5404277866306337,205.022217278966,0.2273017458545672
10000,0.6,recserve,0.7396850002856113,0.9144437930003527,2.098719541524928,0.38227842964999814,32.32417764835789,73.77763861982693,194.59071524814175,0.0,0.0,nan,2.321099234775353,0.0,0.400277338417871,0.24003167330795003,0.35969098827417895,194.59071524814175,0.0
10000,0.6,recserve_no_onu,0.7827069253845411,0.9187211438471233,2.514627206347268,0.628656801586817,8.270931730649492,16.840693235483002,164.4111743172014,0.0,0.5997226615821291,nan,3.2766434643035245,0.0,0.400277338417871,0.0,0.5997226615821291,215.3628948174765,0.23658541803804
10000,0.6,static_day,0.7826951069860523,0.9187195238271607,2.514499941892874,0.6285835314556525,8.277767383435824,16.84723502030831,164.40220825286775,0.0,0.5995512948040411,16.148309857224312,3.2767958681506757,0.0,0.400277338417871,7.288012401439482e-05,0.5996497814581147,215.3571885666505,0.23660682354242746
10000,0.6,static_day_self,0.9167561253774501,0.9365097438387511,4.155006393753583,1.038741489275788,8.950907639199453,14.199108238215558,167.82839142549494,0.9998562094850527,4.727359395528312e-05,3.971445667510079,4.931143149397677,0.0,5.61373928218987e-05,1.772759773323117e-05,0.9999261350094448,nan,nan
10000,0.6,static_hour,0.8163411026171844,0.9231791228651576,2.9264611854247633,0.7309685157864257,8.577673721264974,16.488961225562083,160.32599424571652,0.2521957599525688,0.44579983966372716,9.657048002620195,3.8755280137308414,0.0,0.2993748067199414,0.0010892623940529818,0.6995359308860056,231.65476874691748,0.30790980426190817
10000,0.6,static_hour_self,0.8880354473165342,0.9327782155029782,3.809371548781425,0.9448153365387457,10.105762468288752,16.883610592922196,152.55229670224043,0.8025647894453822,0.08686818349245494,0.6642374314187517,5.135048974554455,0.0,0.07902273662895941,0.012679171845423227,0.9082980915256174,nan,nan
10000,0.6,broadcast,0.8914736164102403,0.9332315260790034,3.850859485151167,0.9554432598688553,10.078680367676899,16.714638210949488,152.17205175227576,0.8275882785123788,0.07296777713652022,0.05449083913180701,5.190595696079331,0.0,0.06903126557320217,0.012224163503603627,0.9187445709231942,nan,nan
10000,0.6,oracle,0.8913022496321523,0.9332291311998345,3.8504409168713543,0.9549741728598358,10.139435910438541,16.83504122757013,152.13464073959173,0.8280196500572208,0.0711861535643305,0.003323480316864508,5.1940350438264495,0.0,0.06885005012970692,0.012845614290807453,0.9183043355794857,nan,nan
10000,0.6,piggyback,0.8516712200329734,0.9279766532649867,3.366284080814209,0.8314342453854078,10.342406510778702,19.0082897312943,164.01379089287965,0.537292956431474,0.23494188302543123,3.515022531264057,4.289901216619212,0.0,0.1852100621844734,0.017063797684775735,0.7977261401307508,247.99495940920812,0.33864062687562113
10000,0.7,recserve,0.7889539338524236,0.921238047500208,2.563734962565223,0.5156368994037619,37.74961851272227,76.9567173087502,218.37912389991797,0.0,0.0,nan,2.825686245002935,0.0,0.30040990145425395,0.21019514145638124,0.4893949570893648,218.37912389991797,0.0
10000,0.7,recserve_no_onu,0.825052247169986,0.9244488103217146,2.925987476437068,0.731496869109267,9.168825120418564,17.184883196442154,170.602361938936,0.0,0.699590098545746,nan,3.6821463961069782,0.0,0.30040990145425395,0.0,0.699590098545746,235.8774053504744,0.27673292113142667
10000,0.7,static_day,0.9056960741249953,0.9350450404804626,4.005907357543979,1.0014686172276794,8.978278208449257,14.682300086919454,167.8120928559946,0.8789106588166238,0.0846285969788234,26.976280431017923,4.800826332756558,0.0,0.036419379809841966,1.378813157029091e-05,0.9635668320585877,nan,nan
10000,0.7,static_day_self,0.9167689286424796,0.9365113504232785,4.1551305460297066,1.0387744143491116,8.950723086057005,14.198555836686864,167.83484167902043,0.9999281047425264,1.181839848882078e-05,3.9713441367748104,4.931059413366032,0.0,2.560653005911169e-05,1.378813157029091e-05,0.9999606053383706,nan,nan
10000,0.7,static_hour,0.8685488779415501,0.9301658391268259,3.5089969213071934,0.8769289408942195,9.16816785388756,16.113842514565622,163.48325351919317,0.4750287088596624,0.36556079285695997,13.194571317489443,4.482856975146309,0.0,0.15771751269985404,0.0005387219977820805,0.8417437653023638,255.52897493406292,0.36021637639575455
10000,0.7,static_hour_self,0.9081405128790998,0.9353883704754401,4.040424503085586,1.009531401484785,9.108341152013796,14.67744402831886,160.77893259646106,0.9078962659769975,0.06133748815697985,0.7573131329177203,5.0573519177110215,0.0,0.02765800706346283,0.0009533508114315429,0.9713886421251057,nan,nan
10000,0.7,broadcast,0.9067154109946561,0.935194400993292,4.021092524272036,1.0051841168603244,9.005748702404272,14.643984084716067,160.56190790477643,0.8911170947224941,0.07571456991863032,0.058243021258764564,5.042734375761294,0.0,0.0327044632181893,0.0001496997141917299,0.9671458370676189,nan,nan
10000,0.7,oracle,0.9068926869719884,0.9352209649390312,4.023501647681723,1.0055368793124844,9.059204274555526,14.683153848163784,160.50952327694338,0.8937141877904126,0.07259648245066311,0.0016624280765594522,5.048867965307879,0.0,0.03190278185403096,0.0005584193285967818,0.9675387988173723,nan,nan
10000,0.7,piggyback,0.8924831046144936,0.9333618182955905,3.8335393385242362,0.9546061971742209,9.862221885158931,16.421028227555176,166.4953975564711,0.7471719557282792,0.1559467226596124,3.0884250383882623,4.715202251454874,0.0,0.07590957349369587,0.006317918858815442,0.9177725076474886,nan,nan
10000,0.8,recserve,0.8311830413860618,0.92746512630403,3.0513847381141384,0.6648509010543981,43.389638216446855,80.85116402632401,238.849244000236,0.0,0.0,nan,3.412453241204307,0.0,0.20063110247930302,0.16047021468120856,0.6388986828394885,238.849244000236,0.0
10000,0.8,recserve_no_onu,0.8544219522812464,0.9294273067461567,3.336003104299336,0.834000776074834,10.074041812370865,17.55471825217002,175.6861462647292,0.0,0.799368897520697,nan,4.088897506065568,0.0,0.20063110247930302,0.0,0.799368897520697,249.22285842075738,0.2950640748685973
10000,0.8,static_day,0.916730518847391,0.9365068783779081,4.154559494802859,1.038631694384094,8.95185327018075,14.201810369384475,167.81145860298477,0.9992593803613672,0.0005367522647006104,27.578258158773544,4.931404824677474,0.0,0.0001605332461398156,1.378813157029091e-05,0.9998256786222899,nan,nan
10000,0.8,static_day_self,0.9167728681086426,0.9365118217043534,4.155175410640104,1.0387869595791073,8.950635454304981,14.198460518731736,167.83979733925054,0.9999507566729633,2.954599622205195e-06,3.9711479164568404,4.930951011245311,0.0,1.378813157029091e-05,1.181839848882078e-05,0.9999743934699409,nan,nan
10000,0.8,static_hour,0.9053730378996342,0.9352277455530047,4.006521183494425,1.0015864279481488,9.176805382958243,15.05470231310812,164.95708832479798,0.8188308452321625,0.14450749778897462,18.941473389297723,4.91895045698895,0.0,0.03637703054859036,7.386499055512987e-05,0.9635491044608545,nan,nan
10000,0.8,static_hour_self,0.9138074349544894,0.9361771910785589,4.116646883980752,1.0291405345461637,9.012205707403044,14.41506425384432,164.74235533808843,0.9532474004447657,0.037206288175889286,0.7665010038868513,4.999751158733254,0.0,0.009398581398234726,3.644006200719741e-05,0.9905649785397581,nan,nan
10000,0.8,broadcast,0.9133425779472624,0.9361283735180446,4.1105162276459914,1.0275477256476975,9.037405132409015,14.465199882746674,164.75755173143176,0.9459564334437041,0.04266343367810228,0.0594819278809573,4.996080562439836,0.0,0.010837471414248656,0.00013689644916217405,0.9890256321365891,nan,nan
10000,0.8,oracle,0.9133317444153143,0.9361229496096116,4.110008761372747,1.0274824408144452,9.021283302072117,14.451717126648873,164.57596145598922,0.9452965728614116,0.04356951089557854,0.0007122833859607439,5.000520437100822,0.0,0.010995050060766266,3.447032892572727e-05,0.988970479610308,nan,nan
10000,0.8,piggyback,0.9105435872384933,0.9358079917324109,4.073407212768598,1.0164149075308804,9.699247793079273,15.31702455249615,168.28938555359196,0.9072708757236307,0.05859955917373637,2.7939383159313294,4.888786019182954,0.0,0.018626780884922284,0.0031417242649448575,0.9782314948501328,nan,nan
10000,0.9,recserve,0.8721731868114552,0.9330076353589939,3.5923007506652778,0.8410067601239355,49.3369579639147,84.31755761481142,257.1468297004436,0.0,0.0,nan,4.124095714242206,0.0,0.100744953051412,0.09063037367806288,0.8086246732705251,257.1468297004436,0.0
10000,0.9,recserve_no_onu,0.8862577632105073,0.9337359879917484,3.742602431044569,0.9356506077611423,10.994725408076178,17.875329912195614,179.91542318768794,0.0,0.899255046948588,nan,4.502736179662111,0.0,0.100744953051412,0.0,0.899255046948588,nan,nan
10000,0.9,static_day,0.9167708983755611,0.9365117478845387,4.1551648981746485,1.0387835223948803,8.951183129303361,14.199163684505038,167.8398944829475,0.999899543612845,4.2349261251607794e-05,27.574426629831606,4.93098204681632,0.0,1.6742731192496104e-05,1.2803265029555845e-05,0.9999704540037779,nan,nan
10000,0.9,static_day_self,0.9167728681086426,0.9365120216072369,4.1551898152981295,1.0387914239791367,8.950675145983354,14.198418454034254,167.8410566464191,0.9999566658722077,9.84866540735065e-07,3.971413408711565,4.930933509143783,0.0,1.0833531948085715e-05,9.84866540735065e-06,0.9999793178026446,nan,nan
10000,0.9,static_hour,0.9167531707778279,0.9365096473325469,4.154873324495798,1.0387033493341318,8.95559957298402,14.20408306538593,167.82953914387903,0.9993834735454998,0.000408719614405052,19.832847220608873,4.9313633751688535,0.0,8.371365596248053e-05,2.560653005911169e-05,0.9998906798139784,nan,nan
10000,0.9,static_hour_self,0.9167620345766945,0.9365109186602121,4.155034574724779,1.0387470646052752,8.953790833549675,14.202056816313416,167.83083660176388,0.9996621907765278,0.00020977657317656885,0.767385041054375,4.931326158859653,0.0,4.431899433307792e-05,1.96973308147013e-05,0.9999359836748523,nan,nan
10000,0.9,broadcast,0.9167403675127983,0.9365093354831787,4.154791552996653,1.0386720069413393,8.959521920117352,14.20787874434609,167.80565415043256,0.9992810474252634,0.0005466009301079611,0.05939227316038117,4.932210828411866,0.0,9.25774548290961e-05,4.333412779234286e-05,0.9998640884173786,nan,nan
10000,0.9,oracle,0.9167315037139318,0.936508651639032,4.154700456781102,1.0386531437924846,8.95857290073051,14.207878744113259,167.80117438132024,0.9990230123915909,0.0007800143002621715,1.4105886006916756e-05,4.9322785039132375,0.0,0.0001181839848882078,3.742492854793247e-05,0.9998443910865639,nan,nan
10000,0.9,piggyback,0.9159662624117806,0.9364454642738266,4.14467693225891,1.03531910759273,9.547483020667377,14.791184825473465,169.1203894096934,0.9801145596760183,0.004800239519542707,2.7055806742169755,4.919436449681617,0.0,0.002017991541966148,0.0013374487623182183,0.9966445596957156,nan,nan
20000,0.1,recserve,0.5035877977308588,0.8758149938677956,0.25529824198899836,0.011001159682209506,7.484078052104389,44.716477425317,32.04334230206991,0.0,0.0,nan,1.0622234598965736,0.0,0.8995302941025266,0.09070830581600896,0.009761400081464462,32.04334230206991,0.0
20000,0.1,recserve_no_onu,0.533183915909693,0.8793374144046979,0.43429086174373494,0.10857271543593373,3.8970079621169798,11.335210041839622,63.41222238007736,0.0,0.10046970589747342,nan,1.7367268397527629,0.0,0.8995302941025266,0.0,0.10046970589747342,48.83671990611767,-0.29845375573910826
20000,0.1,static_day,0.533004476590831,0.8793168894403307,0.43322693982307187,0.1079931239643929,3.9181283723202074,11.35573899606965,63.24903511698601,0.0,0.09988294426802599,0.712121111424659,1.7352971882571784,0.0,0.8995302941025266,0.0005304087855072349,0.09993929711196618,48.73490276170515,-0.297818022255002
20000,0.1,static_day_self,0.5035877977308588,0.8758149938677956,0.25529824198899836,0.011001159682209506,7.484078052104389,44.716477425317,32.04334230206991,0.0,0.0,0.0775704517606574,1.0622234598965736,0.0,0.8995302941025266,0.09070830581600896,0.009761400081464462,32.04334230206991,0.0
20000,0.1,static_hour,0.6490997386018958,0.8969105407260847,1.5941720076639867,0.3823849561634193,6.897135153345389,15.779432682603339,47.031654289614885,0.32622661356976485,0.036995147723542836,1.3713667578987798,9.716090807020821,0.00010663916546078919,0.6060511090635146,0.027746360792657125,0.36620253014382825,116.7592789801821,0.5971912922004451
20000,0.1,static_hour_self,0.5035877977308588,0.8758149938677956,0.25529824198899836,0.011001159682209506,7.484078052104389,44.716477425317,32.04334230206991,0.0,0.0,0.05925860622172575,1.0622234598965736,0.0,0.8995302941025266,0.09070830581600896,0.009761400081464462,32.04334230206991,0.0
20000,0.1,broadcast,0.5035877977308588,0.8758149938677956,0.25529824198899836,0.011001159682209506,7.484078052104387,44.716477425317,32.04334230206983,0.0,0.0,0.022864390266277627,1.062223459896571,0.0,0.8995302941025266,0.09070830581600896,0.009761400081464462,32.04334230206991,2.4424906541753444e-15
20000,0.1,oracle,0.5035877977308588,0.8758149938677956,0.25529824198899836,0.011001159682209506,7.484078052104389,44.716477425317,32.04334230206991,0.0,0.0,0.02096820311943083,1.0622234598965736,0.0,0.8995302941025266,0.09070830581600896,0.009761400081464462,32.04334230206991,0.0
20000,0.1,piggyback,0.5035877977308588,0.8758149938677956,0.25529824198899836,0.011001159682209506,7.484078052104389,44.716477425317,32.04334230206991,0.0,0.0,0.10192526158542616,1.0622234598965736,0.0,0.8995302941025266,0.09070830581600896,0.009761400081464462,32.04334230206991,0.0
20000,0.2,recserve,0.5509528573857817,0.883823445822881,0.5522681999912998,0.0431887716464126,12.239458343191776,57.34859620484893,58.91914159497229,0.0,0.0,nan,1.2678135802570591,0.0,0.7996493271272704,0.16048004713865963,0.039870625734069944,58.91914159497229,0.0
20000,0.2,recserve_no_onu,0.59702377892285,0.8890474720660609,0.8547211265823286,0.21368028164558214,4.786639764183061,14.120123084439808,81.43168349413419,0.0,0.20035067287272956,nan,2.511206802980248,0.0,0.7996493271272704,0.0,0.20035067287272956,89.62306493057854,0.09139814000770152
20000,0.2,static_day,0.5970143867821933,0.889046540794876,0.8546650001384105,0.2136481684337073,4.78821616813865,14.122324710455727,81.41630083755521,0.0,0.20030914972456312,3.2559917545410983,2.5115619374281977,0.0,0.7996493271272704,3.114236112484231e-05,0.20031953051160473,89.61788375025846,0.09151725715325865
20000,0.2,static_day_self,0.5509528573857817,0.883823445822881,0.5522681999912998,0.0431887716464126,12.239458343191776,57.34859620484893,58.91914159497229,0.0,0.0,0.282957276064127,1.2678135802570591,0.0,0.7996493271272704,0.16048004713865963,0.039870625734069944,58.91914159497229,0.0
20000,0.2,static_hour,0.7282423646839693,0.9088850600263829,2.2478990730451494,0.5427647852066864,8.446840689117392,18.23481914396397,63.54165220944573,0.44047755574976966,0.07154240699803457,1.5809698702539026,9.017402246228988,7.508513608943305e-05,0.4474163704023,0.032486920208327566,0.5200967093893725,145.1977566958244,0.5623785542185786
20000,0.2,static_hour_self,0.5509528573857817,0.883823445822881,0.5522681999912998,0.0431887716464126,12.239458343191776,57.34859620484893,58.91914159497229,0.0,0.0,0.16422161907190627,1.2678135802570591,0.0,0.7996493271272704,0.16048004713865963,0.039870625734069944,58.91914159497229,0.0
20000,0.2,broadcast,0.5754559637127231,0.8873185996853504,0.7912165343198705,0.1093142491626165,12.056188146032943,56.03713813077104,59.110163528664245,0.06610485188099861,0.00028868474439536364,0.02344558821495034,3.2390388167703943,0.00021955363790832205,0.7467849219562543,0.14964646005275417,0.10356861799099146,75.48797905318958,0.21695925271738115
20000,0.2,oracle,0.5729536997125017,0.88698200968567,0.7681653669262193,0.102932205057124,12.06844309651328,56.05141959238968,59.27212405752152,0.05981656654974275,0.00024073539472695563,0.020799273956970322,3.0287542490314006,0.00023323969942501342,0.7518181207018598,0.1506904706352251,0.09749140866291509,73.79596478593592,0.19681077102988642
20000,0.2,piggyback,0.5509543403553591,0.8838235913773999,0.5522818660502786,0.04319688398432403,12.238875179570321,57.34859620484893,58.920707684980975,0.0,1.3841049388818805e-05,0.31948885195176746,1.2679331673215666,0.0,0.7996493271272704,0.1604721379675803,0.03987853490514927,58.92014436913304,-9.560666457408828e-06
20000,0.3,recserve,0.5934191742034476,0.8914546888143424,0.8958461448722868,0.10083170420886538,16.91059232431829,63.29834969536961,87.6345824624606,0.0,0.0,nan,1.6483709342590758,0.0,0.6998400370149207,0.2102672904366258,0.08989267254845355,87.6345824624606,0.0
20000,0.3,recserve_no_onu,0.646965251056863,0.8975821338501364,1.2759596632274954,0.31898991580687386,5.665135879735817,15.169223597102004,90.4696385784899,0.0,0.30015996298507935,nan,3.2950451980345905,0.0,0.6998400370149207,0.0,0.30015996298507935,115.88954359622156,0.21934597573616155
20000,0.3,static_day,0.6469617907945158,0.8975815322358275,1.2759229053549042,0.31896856005631335,5.666371590773754,15.170627795956396,90.46149778984498,0.0,0.30012733765437716,6.622591557491975,3.295313869742849,0.0,0.6998400370149207,2.1750220468143836e-05,0.3001382127646112,115.88813365002245,0.21940672491080837
20000,0.3,static_day_self,0.5934191742034476,0.8914546888143424,0.8958461448722868,0.10083170420886538,16.91059232431829,63.29834969536961,87.6345824624606,0.0,0.0,1.0022819746882674,1.6483709342590758,0.0,0.6998400370149207,0.2102672904366258,0.08989267254845355,87.6345824624606,0.0
20000,0.3,static_hour,0.758794503917017,0.9139648535999366,2.4994658007442534,0.6072760142523262,9.041720545326289,18.866909881401796,75.65103701539773,0.4435102285354983,0.12419524184267867,1.8834874354245696,8.081746886369574,6.726741864261162e-05,0.3894114983529151,0.030046940930355794,0.5805415607167291,154.28899264964852,0.5096796231784195
20000,0.3,static_hour_self,0.7368193663963049,0.9114561223605319,2.3439616543613147,0.5174895460531259,13.700088030941929,55.09376452481567,72.88303818071665,0.44403767138185085,0.0,0.045100100408923004,8.955475824465386,7.905272816968918e-05,0.3890452048673039,0.11696131624425102,0.4939934788884451,147.91270901476005,0.5072564172058823
20000,0.3,broadcast,0.843959469452804,0.9263678794208152,3.4227586872357842,0.8289132709958833,11.015853632180564,38.64096009303576,73.07529518287278,0.7741986032403874,0.0025274744830368055,0.008254555151512412,10.91889618734039,4.9043679294069004e-05,0.15801090279233285,0.0457288498878875,0.7962602473197796,179.85853189288912,0.5937068182765375
20000,0.3,oracle,0.8416534517599883,0.9260459926929281,3.399013839072096,0.8221447838028085,11.067260335236423,39.09369219713763,72.99453572872328,0.7668603754483512,0.0027004876003970404,0.001677791257094289,10.897324930613184,4.945103096010115e-05,0.16314494346919972,0.04715398365174338,0.7897010728790569,179.15544236377357,0.5925631129837043
20000,0.3,piggyback,0.6036694599222528,0.8927157671417016,0.9800016332438278,0.13756454674517837,15.51637499195687,61.397121856882144,89.98699299878082,0.012304198583467459,0.034694073262651705,2.227104960003328,2.0248560966645814,0.0,0.6911972903179883,0.1834146659759324,0.1253880437060794,93.28915904760782,0.0353971038279145
20000,0.4,recserve,0.6380615017143129,0.8994737196132251,1.2715174535632792,0.17460648957373523,22.07210417891255,67.64320124489727,112.26155060504574,0.0,0.0,nan,2.1789577905686643,0.0,0.599870091865022,0.24033993617298938,0.15978997196198852,112.26155060504574,0.0
20000,0.4,recserve_no_onu,0.6930435874418182,0.9053917441127202,1.6934054162003551,0.4233513540500888,6.56504004442616,16.23017998122619,96.03427623426268,0.0,0.4001299081349779,nan,4.1039972626265016,0.0,0.599870091865022,0.0,0.4001299081349779,134.05598418575974,0.2836255925644531
20000,0.4,static_day,0.6930396328562785,0.9053910828834852,1.693364176793701,0.42332697205294395,6.566441800552856,16.231792313192766,96.02617596369957,0.0,0.40009283389554356,9.357127243449101,4.104350570968633,0.0,0.599870091865022,2.4716159622890723e-05,0.40010519197535505,134.05473240669502,0.28367932828827314
20000,0.4,static_day_self,0.91662843900645,0.9364915146238342,4.155662941776637,1.0389016632986778,9.313921701518485,14.838012678688388,94.04218671497935,0.9999194253196294,0.0,1.9340828107779937,9.176434132432371,3.905419634867982e-05,4.350044093628767e-05,2.4716159622890723e-05,0.9999317833994408,nan,nan
20000,0.4,static_hour,0.7878602133103441,0.918758184533255,2.7559120767110503,0.6762505828070439,9.314990197679972,18.42620641118586,83.97951451327194,0.4465537764314611,0.18582992909428128,2.87555722070982,7.824050903516789,6.0393120994177794e-05,0.3320161267998307,0.021361682438871994,0.6466221907612972,162.6567372268774,0.4837009770081927
20000,0.4,static_hour_self,0.8645149107647773,0.9294542577571197,3.6043722817167643,0.8836481951271598,10.723924415044761,20.20841003653406,79.65135574952308,0.7968796342799292,0.032576887029354885,0.3486841095282944,10.25854981288329,4.6003276132044544e-05,0.1218561044959683,0.02925800111519312,0.8488858943888385,186.12574987557133,0.5720562264878903
20000,0.4,broadcast,0.8862942963012761,0.9324258883327982,3.8375119369164516,0.9467547731847464,10.417883224751918,17.44995769434608,79.44908978700109,0.8859769408117182,0.010306144239552974,0.010558282185427805,10.617387480952921,4.289685153399684e-05,0.06843706870301458,0.021203993340477952,0.9103589379565075,nan,nan
20000,0.4,oracle,0.8862245967311396,0.9324191423302776,3.83708323018456,0.9465646866386419,10.427142150537328,17.474136036611156,79.43112035346762,0.8858849966979211,0.01012373898153604,0.0013011185468482511,10.62139928040665,4.29054017357679e-05,0.06848501805268299,0.02133746060244156,0.9101775213448754,nan,nan
20000,0.4,piggyback,0.8044012559763674,0.9211552175821941,2.9475676827315116,0.7151339299484717,10.325270938933842,37.18834322759267,95.91702216113173,0.5355784174539587,0.12517597905651498,2.4779185587047734,6.967983480050339,0.0,0.2785758351096013,0.03643458522329567,0.6849895796671029,167.7294664809294,0.42814447470959227
20000,0.5,recserve,0.6863460025072072,0.9070585799498018,1.6651194947226058,0.2664817342637155,27.2000831863624,71.82149266367789,131.93593986731935,0.0,0.0,nan,2.86197518363466,0.0,0.5000731598324838,0.250134950231541,0.24979188993597526,131.93593986731935,0.0
20000,0.5,recserve_no_onu,0.7398204024977162,0.9123803172702882,2.103339226324885,0.5258348065812213,7.470982171876906,16.678878843970256,99.87236263520266,0.0,0.49992684016751626,nan,4.913897656431036,0.0,0.5000731598324838,0.0,0.49992684016751626,148.8265271680527,0.32893440077098435
20000,0.5,static_day,0.856672473316434,0.9283179203197112,3.4597540148929693,0.8649324917645755,8.667612270300214,15.4933959556227,96.38816891070314,0.6610529677187182,0.16938083054205505,14.260674067762837,7.779458024829319,2.9762577963072976e-06,0.1695454401651435,1.0380787041614104e-05,0.8304441790478149,183.7346426131022,0.47539469127946776
20000,0.5,static_day_self,0.9166412914094538,0.9364931457034298,4.155778766643862,1.0389386797022988,9.313450481624953,14.837285028700714,94.05123947374129,0.9999584768518336,0.0,1.9341641095601214,9.175657945724105,3.90527483989609e-05,2.0761574083228207e-05,1.0380787041614104e-05,0.9999688576388751,nan,nan
20000,0.5,static_hour,0.8216210043856353,0.9236796096316455,3.0660020741801155,0.7581336921790162,9.587789165854165,17.852652451184444,89.56511149744178,0.4807980155889762,0.2316344104306148,4.341959001401273,7.98856718556441,5.3761757832543696e-05,0.259644245484852,0.013974516650782415,0.7263812378643656,173.0235592722113,0.4823530860526777
20000,0.5,static_hour_self,0.8962296981464858,0.9338292888279538,3.929847609057583,0.9743241969225416,10.247172710643323,16.684774103864232,83.95185847958835,0.9015664113322603,0.02205867814023751,0.14061367379231565,10.15865823453773,4.166952375426585e-05,0.04923903887753044,0.013588450237472861,0.9371725108849966,nan,nan
20000,0.5,broadcast,0.9002851256174097,0.9343484354028703,3.9736950638863293,0.9870633727275964,10.04029926411263,16.08515566184651,84.1979115262621,0.9204752620901566,0.018504494386465828,0.013306595226856928,10.14945730997914,4.112509942903786e-05,0.039795488608816355,0.010625477021880722,0.9495790343693029,nan,nan
20000,0.5,oracle,0.9003439500773122,0.9343557617877722,3.9743026177378975,0.9872795432255972,10.03219063368587,16.07019897666759,84.1862396972698,0.9206640935496755,0.01861275116561409,0.0012281942099414364,10.150261500789608,4.111666619824895e-05,0.039702061525441826,0.01052414076742687,0.9497737977071313,nan,nan
20000,0.5,piggyback,0.8657101842441403,0.9297072996961053,3.579128970898205,0.8829985501500766,10.341611622971923,18.287055998163375,95.05661574325345,0.7361312685124035,0.0925427391832199,1.8896183598807177,8.295619853630765,3.496230480836578e-06,0.13201345745459148,0.01966170498000957,0.848324837565399,186.49018084693284,0.49028621608086764
20000,0.6,recserve,0.7385593840337563,0.9143718233071978,2.0999126352962576,0.38253320616045333,32.39715828661437,74.05578502170115,148.46349180322488,0.0,0.0,nan,3.745678361180757,0.0,0.40030044963637584,0.24004729684305437,0.3596522535205698,148.46349180322488,0.0
20000,0.6,recserve_no_onu,0.7821161778139842,0.9186668425087404,2.5155974706470885,0.6288993676617721,8.392064687248096,17.136032553051752,102.71287111404244,0.0,0.5996995503636241,nan,5.734924989496906,0.0,0.40030044963637584,0.0,0.5996995503636241,161.0030833894414,0.3620440742392741
20000,0.6,static_day,0.9164356529613914,0.9364644903801881,4.153166476187463,1.0382867282131996,9.312247780177334,14.842470219288948,94.07439509048585,0.9983667561721193,0.0009520664686737506,15.01612802941617,9.169938619101346,3.907766810198777e-05,0.0006604157851236401,8.403494271782846e-06,0.9993311807206046,nan,nan
20000,0.6,static_day_self,0.9166422800558387,0.9364934653508414,4.155798500025705,1.03894473417276,9.313488962179676,14.837302764388731,94.05216714933563,0.9999624314373732,0.0,1.9342537513220583,9.175611519758855,3.9052516736969435e-05,1.680698854356569e-05,8.403494271782846e-06,0.9999747895171847,nan,nan
20000,0.6,static_hour,0.8754043563714305,0.9310551191897385,3.654932209506033,0.911679713668234,9.460381964068146,16.08294822934658,91.28281783716896,0.6980817294193482,0.17245700376872003,7.274409998074461,8.835281274391454,4.459464875504724e-05,0.12085114544570157,0.0034488929137781715,0.8756999616405202,nan,nan
20000,0.6,static_hour_self,0.9080227665489519,0.935366371581281,4.051847943220061,1.0110601003080624,9.602177463433415,15.354551508277654,88.41044611365854,0.9400385967548671,0.027920362556402276,0.15702811164792188,9.694934401930833,4.0145234277932065e-05,0.02402460147664224,0.0032190326292852877,0.9727563658940724,nan,nan
20000,0.6,broadcast,0.9081527735485683,0.9353956176550452,4.054368106663081,1.0105241012215715,9.802692306444511,15.57995743008796,87.79581198787183,0.9437771630594256,0.02074278980191481,0.015881982243508362,9.804964002520185,4.0164930423155334e-05,0.02254558648480846,0.00517506950184086,0.9722793440133507,nan,nan
20000,0.6,oracle,0.9089214461128401,0.9354727610789414,4.061892243475922,1.0146730754020825,9.418162025036596,15.139576873905023,88.98443302636703,0.9442793954229627,0.03002074180115553,0.0008109267075794462,9.610038468741285,3.999840006399744e-05,0.02233055589608931,0.0013420874675229664,0.9763273566363877,nan,nan
20000,0.6,piggyback,0.8922696750517062,0.9333169068178708,3.8627297386809873,0.9592260732745155,10.228335756481478,16.953203372531778,94.87430451181537,0.8327838107177177,0.07318652593614926,1.6632029548200848,8.81497524222972,1.6080703691593543e-05,0.06692592270367104,0.010869672678954882,0.9222044046173741,nan,nan
20000,0.7,recserve,0.7885097539852336,0.9211946452642519,2.564471862135239,0.5157633580956298,37.86137968264402,77.76427205648721,162.84373388284908,0.0,0.0,nan,4.79394184130779,0.0,0.30037795951295326,0.21027025637578053,0.48935178411126623,162.84373388284908,0.0
20000,0.7,recserve_no_onu,0.8249146798169817,0.9244137007403775,2.9264504826571653,0.7316126206642913,9.334555480400871,17.574756715679634,104.94827626126028,0.0,0.6996220404870468,nan,6.5705038345177,0.0,0.30037795951295326,0.0,0.6996220404870468,174.03617704939833,0.3969743645226601
20000,0.7,static_day,0.9165898817974382,0.9364872717117605,4.155143182689988,1.0387820899786848,9.313750448660132,14.839598915469832,94.01882522374493,0.9993979143515864,0.0004038620482380344,15.0226462446111,9.178346313544214,3.9058753264372384e-05,0.0001779563492848132,6.9205246944094024e-06,0.9998151231260208,nan,nan
20000,0.7,static_day_self,0.9166457403181859,0.9364938665873158,4.1558289315500785,1.0389535271937076,9.313513781080905,14.837285028700714,94.05474970085793,0.9999693519620676,0.0,1.9342233337046526,9.175414503762397,3.905220785858948e-05,1.0380787041614104e-05,6.9205246944094024e-06,0.999982698688264,nan,nan
20000,0.7,static_hour,0.9028590664805375,0.9346767935949776,3.9708015331928133,0.9925515411019848,9.388426446936524,15.414356620877296,92.04098541270427,0.8497608464394889,0.10424287482550391,9.26159644827936,9.204633032023406,4.09080340789815e-05,0.045128741532243714,0.0002535877977308588,0.9546176706700255,nan,nan
20000,0.7,static_hour_self,0.9129091513063974,0.9360030393573805,4.105817924949875,1.0264029169022941,9.339098620434541,15.003880286798811,91.0847775787498,0.9595426126364827,0.027989073480153913,0.19006319968851906,9.434254091497573,3.953593816779452e-05,0.012163316473616983,8.89781746424066e-05,0.9877477053517406,nan,nan
20000,0.7,broadcast,0.9127969399417094,0.935984082689916,4.103888687314876,1.0258842888271096,9.348910038150837,15.016349730547514,91.03113758838191,0.9580280063747919,0.028827939937754822,0.017059791411369565,9.439805791435008,3.955656588922159e-05,0.012615622194715882,0.00015175722008454903,0.9872326205851996,nan,nan
20000,0.7,oracle,0.912890367025084,0.9359970752452763,4.105121710279154,1.0261854270556923,9.349512773972114,15.014334547915494,91.04365818912426,0.9590349427178284,0.028110182662306075,0.0005979020059000749,9.439771387631986,3.9544566726700995e-05,0.012307164522622207,0.0001606550375487897,0.987532180439829,nan,nan
20000,0.7,piggyback,0.9059856606728331,0.9351268703449399,4.015798788710449,1.0006991326605266,10.051224273579795,16.11913859852583,94.93812963776159,0.893866338963345,0.056053284085561414,1.531004184829601,9.041313718252159,3.33777342783169e-05,0.03189818128611031,0.005453867782387067,0.9626479509315026,nan,nan
20000,0.8,recserve,0.8310818559660855,0.9274375327883885,3.052500217502205,0.6651599264051631,43.56526980414582,81.28923951212445,175.9322327882826,0.0,0.0,nan,6.011935047314612,0.0,0.2006082152560001,0.1604325921121837,0.6389591926318162,175.9322327882826,0.0
20000,0.8,recserve_no_onu,0.8546254809764663,0.9293982672819247,3.336799621150705,0.8341999052876763,10.295786864740514,17.997425148258795,106.78263109901161,0.0,0.7993917847439999,nan,7.4174247388601655,0.0,0.2006082152560001,0.0,0.7993917847439999,183.11052819936856,0.4168405708340923
20000,0.8,static_day,0.9166462346413784,0.9364940168710641,4.155836452183129,1.0389564575415924,9.313508544042007,14.837243725406001,94.05609185912428,0.9999624314373732,9.392140656698475e-06,15.021267773574259,9.175307837657046,3.905207272583468e-05,9.392140656698475e-06,4.44890873212033e-06,0.9999861589506112,nan,nan
20000,0.8,static_day_self,0.9166467289645709,0.9364940337492987,4.155838767592963,1.0389570363940508,9.313483357570133,14.83719013398513,94.05592651346565,0.9999723179012223,0.0,1.934203598790118,9.175313419545413,3.905205342123176e-05,8.89781746424066e-06,4.44890873212033e-06,0.9999866532738036,nan,nan
20000,0.8,static_hour,0.9129037137512803,0.9360602837659239,4.10575539010009,1.0264337681070586,9.38791217996342,15.0993355301537,92.6099603698625,0.9388339311348474,0.048851983817835974,10.376968339711613,9.305663365522316,3.9536927490275915e-05,0.012268607313610498,8.403494271782846e-06,0.9877229891921178,nan,nan
20000,0.8,static_hour_self,0.9164470223948179,0.9364714553360821,4.153236297361105,1.0383042356577068,9.318448804827954,14.853421609522767,93.88059680295594,0.996713245093348,0.0025981626995582726,0.19759136382047476,9.192108886175738,3.907722351875064e-05,0.0006495406748895682,7.909171079325031e-06,0.9993425501540311,nan,nan
20000,0.8,broadcast,0.9151850152844732,0.936320421714497,4.135914443530496,1.0339695180546602,9.346244270509706,14.94831863083767,92.6162595109181,0.9756446963076035,0.019400208011199387,0.01779300577326899,9.31463823172699,3.9243348500804736e-05,0.0048725437080566775,1.5324018966192248e-05,0.9951121322729771,nan,nan
20000,0.8,oracle,0.9152141803528281,0.9363235587495954,4.136283006948207,1.0340651424046252,9.344419277475884,14.945860097720285,92.66126577533034,0.9761147976636309,0.019054181776478916,0.00030586212368842957,9.309813303750209,3.92392746396568e-05,0.004775162039142487,9.392140656698475e-06,0.9952154458202008,nan,nan
20000,0.8,piggyback,0.9133085644459032,0.9361278328460322,4.11268441715341,1.0263792106449534,9.967398498900511,15.685247012623574,95.24388167385692,0.9536295186083023,0.022372079044255765,1.4265751099726234,9.136739757933766,3.803453535810516e-05,0.009304645451633441,0.002946660550241032,0.9877486939981255,nan,nan
20000,0.9,recserve,0.8718857638875158,0.9329823353082836,3.592969200699171,0.8412294381324865,49.59886374103366,84.60020282764737,188.37307419896732,0.0,0.0,nan,7.48161228296491,0.0,0.10077865789275955,0.0905812647555473,0.8086400773516932,188.37307419896732,0.0
20000,0.9,recserve_no_onu,0.8862206421455999,0.9337073067709761,3.742898191172574,0.9357245477931435,11.281266163718609,18.364964787226615,108.33203060019362,0.0,0.8992213421072405,nan,8.28180234288078,5.497235989744357e-07,0.10077865789275955,0.0,0.8992213421072405,nan,nan
20000,0.9,static_day,0.9166477176109558,0.9364942488339248,4.155856412953641,1.0389621481901838,9.31352265613377,14.837202619388698,94.05760657081008,0.9999673746692977,8.89781746424066e-06,15.021202091223905,9.175195476950078,3.9051860376252315e-05,5.437555117035959e-06,2.9659391547468868e-06,0.9999915965057282,nan,nan
20000,0.9,static_day_self,0.9166477176109558,0.9364942707020059,4.155858237994867,1.0389626044504905,9.313500256036342,14.837166324327697,94.05753000195566,0.9999767668099545,0.0,1.934192660273357,9.175193326942415,3.9051841071859344e-05,4.943231924578145e-06,2.9659391547468868e-06,0.9999920908289207,nan,nan
20000,0.9,static_hour,0.9166373368239141,0.9364931706329752,4.155685932748318,1.0389195281388535,9.314673057093918,14.83958968685474,94.04975671106183,0.9995620296514823,0.0003653048392263249,10.650880616990436,9.176283436342276,3.9053482013399796e-05,4.6960703283492374e-05,2.9659391547468868e-06,0.9999500733575618,nan,nan
20000,0.9,static_hour_self,0.9166457403181859,0.9364940332989187,4.155813491859486,1.0389514179166452,9.313974511642428,14.83765257736668,94.05568362403848,0.9998729589395383,8.848385144994878e-05,0.19805921472867177,9.17548689143803,3.905226577291355e-05,1.5818342158650063e-05,2.9659391547468868e-06,0.9999812157186866,nan,nan
20000,0.9,broadcast,0.9166358538543368,0.9364930648743038,4.155679020132795,1.0389172997299017,9.31487157033252,14.839609193499198,94.04348564389443,0.9995254497352405,0.00039793016992854065,0.01791560771808407,9.17695625715517,3.905357854366734e-05,4.893799605332363e-05,3.4602623472047012e-06,0.9999476017415995,nan,nan
20000,0.9,oracle,0.9166452459949935,0.936493762414078,4.155784898228741,1.0389437692538883,9.314300069682254,14.838508889917284,94.0495178529788,0.9997849694112808,0.00016658691585828348,3.948484353756349e-06,9.176193301749613,3.9052516736969435e-05,2.1750220468143836e-05,3.4602623472047012e-06,0.9999747895171847,nan,nan
20000,0.9,piggyback,0.9159230398108126,0.9364342384199843,4.146525988547521,1.0357983808938154,9.901979935805313,15.475120165082625,95.42686743750426,0.9826769380435083,0.002525002867074516,1.3819837509402098,9.15124342803627,3.917179908139652e-05,0.0017434778997987117,0.001326763448556774,0.9969297586516445,nan,nan
