subscribers,beta,policy,accuracy,mean_confidence,comm_MB_per_1k_queries,pon_MB_per_1k_queries,latency_s_mean,latency_s_p95,J_per_query,forwarded_on_arrival,skipped_on_escalation,olt_rate_error,mean_olt_batch,olt_queued,final_user,final_onu,final_olt,J_recserve_same_accuracy,saving_same_accuracy
1000,0.1,recserve,0.5012924230465667,0.8758720153133298,0.2563263022888714,0.010903877269139701,7.514818781899598,44.716477425317,32.42166828330611,0.0,0.0,nan,1.0043655241478324,0.0,0.8993685872138911,0.09077545382794001,0.009855958958168903,32.42166828330611,0.0
1000,0.1,recserve_no_onu,0.5313930544593528,0.8793990541483098,0.4347655090765588,0.1086913772691397,3.8960896934192246,11.253499809941452,95.12827337512373,0.0,0.10063141278610892,nan,1.0343944941888943,0.0,0.8993685872138911,0.0,0.10063141278610892,52.80546625107226,-0.8014853409838429
1000,0.1,static_day,0.5012924230465667,0.8758720153133298,0.2563263022888714,0.010903877269139701,7.514818781899598,44.716477425317,32.42166828330611,0.0,0.0,0.14018538315211915,1.0043655241478324,0.0,0.8993685872138911,0.09077545382794001,0.009855958958168903,32.42166828330611,0.0
1000,0.1,static_day_self,0.5012924230465667,0.8758720153133298,0.2563263022888714,0.010903877269139701,7.514818781899598,44.716477425317,32.42166828330611,0.0,0.0,0.011219112066470974,1.0043655241478324,0.0,0.8993685872138911,0.09077545382794001,0.009855958958168903,32.42166828330611,0.0
1000,0.1,static_hour,0.5012924230465667,0.8758720153133298,0.2563263022888714,0.010903877269139701,7.514818781899598,44.716477425317,32.42166828330611,0.0,0.0,0.1438471761764998,1.0043655241478324,0.0,0.8993685872138911,0.09077545382794001,0.009855958958168903,32.42166828330611,0.0
1000,0.1,static_hour_self,0.5012924230465667,0.8758720153133298,0.2563263022888714,0.010903877269139701,7.514818781899598,44.716477425317,32.42166828330611,0.0,0.0,0.011969256848027758,1.0043655241478324,0.0,0.8993685872138911,0.09077545382794001,0.009855958958168903,32.42166828330611,0.0
1000,0.1,broadcast,0.5012924230465667,0.8758720153133298,0.2563263022888714,0.010903877269139701,7.514818781899598,44.716477425317,32.42166828330613,0.0,0.0,0.0017586418883681419,1.0043655241478324,0.0,0.8993685872138911,0.09077545382794001,0.009855958958168903,32.42166828330611,-6.661338147750939e-16
1000,0.1,oracle,0.5012924230465667,0.8758720153133298,0.2563263022888714,0.010903877269139701,7.514818781899598,44.716477425317,32.42166828330611,0.0,0.0,0.0016857401225455467,1.0043655241478324,0.0,0.8993685872138911,0.09077545382794001,0.009855958958168903,32.42166828330611,0.0
1000,0.1,piggyback,0.5012924230465667,0.8758720153133298,0.2563263022888714,0.010903877269139701,7.514818781899598,44.716477425317,32.42166828330611,0.0,0.0,0.03055397098139829,1.0043655241478324,0.0,0.8993685872138911,0.09077545382794001,0.009855958958168903,32.42166828330611,0.0
1000,0.2,recserve,0.5492797947908445,0.8839033728351287,0.5523182912391476,0.043146339779005526,12.262407225371938,57.35080478593375,64.9181590454217,0.0,0.0,nan,1.0158658511487462,0.0,0.8002367797947908,0.1597573007103394,0.04000591949486977,64.9181590454217,0.0
1000,0.2,recserve_no_onu,0.5954123914759274,0.8890752390548499,0.8523576953433306,0.21308942383583265,4.7599738177695015,13.965613505169166,167.59897079517717,0.0,0.19976322020520915,nan,1.0647275076917049,0.0,0.8002367797947908,0.0,0.19976322020520915,118.42273167874892,-0.41526013138956297
1000,0.2,static_day,0.5492797947908445,0.8839033728351287,0.5523182912391476,0.043146339779005526,12.262407225371938,57.35080478593375,64.9181590454217,0.0,0.0,0.1237002566465296,1.0158658511487462,0.0,0.8002367797947908,0.1597573007103394,0.04000591949486977,64.9181590454217,0.0
1000,0.2,static_day_self,0.5492797947908445,0.8839033728351287,0.5523182912391476,0.043146339779005526,12.262407225371938,57.35080478593375,64.9181590454217,0.0,0.0,0.024103968568845984,1.0158658511487462,0.0,0.8002367797947908,0.1597573007103394,0.04000591949486977,64.9181590454217,0.0
1000,0.2,static_hour,0.5492797947908445,0.8839033728351287,0.5523182912391476,0.043146339779005526,12.262407225371938,57.35080478593375,64.9181590454217,0.0,0.0,0.12394348505432003,1.0158658511487462,0.0,0.8002367797947908,0.1597573007103394,0.04000591949486977,64.9181590454217,0.0
1000,0.2,static_hour_self,0.5492797947908445,0.8839033728351287,0.5523182912391476,0.043146339779005526,12.262407225371938,57.35080478593375,64.9181590454217,0.0,0.0,0.0235365180211554,1.0158658511487462,0.0,0.8002367797947908,0.1597573007103394,0.04000591949486977,64.9181590454217,0.0
1000,0.2,broadcast,0.5492797947908445,0.8839033728351287,0.5523182912391476,0.043146339779005526,12.262407225371938,57.35080478593375,64.91815904542165,0.0,0.0,0.006670066952448596,1.0158658511487453,0.0,0.8002367797947908,0.1597573007103394,0.04000591949486977,64.9181590454217,8.881784197001252e-16
1000,0.2,oracle,0.5492797947908445,0.8839033728351287,0.5523182912391476,0.043146339779005526,12.262407225371938,57.35080478593375,64.9181590454217,0.0,0.0,0.006074133838894213,1.0158658511487462,0.0,0.8002367797947908,0.1597573007103394,0.04000591949486977,64.9181590454217,0.0
1000,0.2,piggyback,0.5492797947908445,0.8839033728351287,0.5523182912391476,0.043146339779005526,12.262407225371938,57.35080478593375,64.9181590454217,0.0,0.0,0.03850648797229318,1.0158658511487462,0.0,0.8002367797947908,0.1597573007103394,0.04000591949486977,64.9181590454217,0.0
1000,0.3,recserve,0.5922553275453828,0.8916098967914144,0.8999218429360695,0.10147872928176796,16.979137692131086,63.7359280700851,114.17662515735034,0.0,0.0,nan,1.0327995322345247,0.0,0.6994080505130229,0.21026045777426994,0.09033149171270718,114.17662515735034,0.0
1000,0.3,recserve_no_onu,0.6463397790055249,0.8977125934482011,1.27981318074191,0.3199532951854775,5.620745091028767,14.9936124325397,235.25063961007493,0.0,0.3005919494869771,nan,1.097962084190954,0.0,0.6994080505130229,0.0,0.3005919494869771,187.44801358997228,-0.25501804529477234
1000,0.3,static_day,0.5922553275453828,0.8916098967914144,0.8999218429360695,0.10147872928176796,16.979137692131086,63.7359280700851,114.17662515735034,0.0,0.0,0.09581877622066555,1.0327995322345247,0.0,0.6994080505130229,0.21026045777426994,0.09033149171270718,114.17662515735034,0.0
1000,0.3,static_day_self,0.5922553275453828,0.8916098967914144,0.8999218429360695,0.10147872928176796,16.979137692131086,63.7359280700851,114.17662515735034,0.0,0.0,0.043476154012811866,1.0327995322345247,0.0,0.6994080505130229,0.21026045777426994,0.09033149171270718,114.17662515735034,0.0
1000,0.3,static_hour,0.5922553275453828,0.8916098967914144,0.8999218429360695,0.10147872928176796,16.979137692131086,63.7359280700851,114.17662515735034,0.0,0.0,0.09561477169181959,1.0327995322345247,0.0,0.6994080505130229,0.21026045777426994,0.09033149171270718,114.17662515735034,0.0
1000,0.3,static_hour_self,0.5922553275453828,0.8916098967914144,0.8999218429360695,0.10147872928176796,16.979137692131086,63.7359280700851,114.17662515735034,0.0,0.0,0.03845943640377073,1.0327995322345247,0.0,0.6994080505130229,0.21026045777426994,0.09033149171270718,114.17662515735034,0.0
1000,0.3,broadcast,0.5922553275453828,0.8916098967914144,0.8999218429360695,0.10147872928176796,16.979137692131104,63.7359280700851,114.17662515735026,0.0,0.0,0.014597276686577742,1.0327995322345245,0.0,0.6994080505130229,0.21026045777426994,0.09033149171270718,114.17662515735034,7.771561172376096e-16
1000,0.3,oracle,0.5922553275453828,0.8916098967914144,0.8999218429360695,0.10147872928176796,16.979137692131086,63.7359280700851,114.17662515735034,0.0,0.0,0.01333985193994958,1.0327995322345247,0.0,0.6994080505130229,0.21026045777426994,0.09033149171270718,114.17662515735034,0.0
1000,0.3,piggyback,0.5922553275453828,0.8916098967914144,0.8999218429360695,0.10147872928176796,16.979137692131086,63.7359280700851,114.17662515735034,0.0,0.0,0.054679387744976736,1.0327995322345247,0.0,0.6994080505130229,0.21026045777426994,0.09033149171270718,114.17662515735034,0.0
1000,0.4,recserve,0.6370659037095501,0.8996412578920437,1.2746696527229675,0.17482774269928966,22.135306643028148,67.87227714889002,174.44479959545123,0.0,0.0,nan,1.055232473546176,0.0,0.5994475138121547,0.24034135753749014,0.16021112865035517,174.44479959545123,0.0
1000,0.4,recserve_no_onu,0.6921566692975533,0.9054912339864529,1.696279952644041,0.42406998816101027,6.473797464161976,15.844917835708127,298.17015776061373,0.0,0.4005524861878453,nan,1.1317555589349841,0.0,0.5994475138121547,0.0,0.4005524861878453,252.59642133084722,-0.1804211484456253
1000,0.4,static_day,0.6370659037095501,0.8996412578920437,1.2746696527229675,0.17482774269928966,22.135306643028148,67.87227714889002,174.44479959545123,0.0,0.0,0.0786228967742703,1.055232473546176,0.0,0.5994475138121547,0.24034135753749014,0.16021112865035517,174.44479959545123,0.0
1000,0.4,static_day_self,0.6370659037095501,0.8996412578920437,1.2746696527229675,0.17482774269928966,22.135306643028148,67.87227714889002,174.44479959545123,0.0,0.0,0.06462000582587404,1.055232473546176,0.0,0.5994475138121547,0.24034135753749014,0.16021112865035517,174.44479959545123,0.0
1000,0.4,static_hour,0.6370659037095501,0.8996412578920437,1.2746696527229675,0.17482774269928966,22.135306643028148,67.87227714889002,174.44479959545123,0.0,0.0,0.06922722912735056,1.055232473546176,0.0,0.5994475138121547,0.24034135753749014,0.16021112865035517,174.44479959545123,0.0
1000,0.4,static_hour_self,0.6370659037095501,0.8996412578920437,1.2746696527229675,0.17482774269928966,22.135306643028148,67.87227714889002,174.44479959545123,0.0,0.0,0.05149511223101283,1.055232473546176,0.0,0.5994475138121547,0.24034135753749014,0.16021112865035517,174.44479959545123,0.0
1000,0.4,broadcast,0.6370659037095501,0.8996412578920437,1.2746696527229675,0.17482774269928966,22.13530664302817,67.87227714889002,174.44479959545106,0.0,0.0,0.02245767539229966,1.0552324735461758,0.0,0.5994475138121547,0.24034135753749014,0.16021112865035517,174.44479959545123,9.992007221626409e-16
1000,0.4,oracle,0.6370659037095501,0.8996412578920437,1.2746696527229675,0.17482774269928966,22.135306643028148,67.87227714889002,174.44479959545123,0.0,0.0,0.020832136436276488,1.055232473546176,0.0,0.5994475138121547,0.24034135753749014,0.16021112865035517,174.44479959545123,0.0
1000,0.4,piggyback,0.6370659037095501,0.8996412578920437,1.2746696527229675,0.17482774269928966,22.135306643028148,67.87227714889002,174.44479959545123,0.0,0.0,0.07275216084342076,1.055232473546176,0.0,0.5994475138121547,0.24034135753749014,0.16021112865035517,174.44479959545123,0.0
1000,0.5,recserve,0.6865232833464877,0.9071463454351691,1.6686873914759273,0.2669037292817679,27.22187763037372,71.73157015707393,243.79066316410413,0.0,0.0,nan,1.0842459545915644,0.0,0.5000591949486977,0.2501874506708761,0.2497533543804262,243.79066316410413,0.0
1000,0.5,recserve_no_onu,0.7392462509865825,0.9124380265473674,2.106864048934491,0.5267160122336227,7.324948492568422,16.255631061160454,357.73110579645237,0.0,0.4999408050513023,nan,1.1640842279907786,0.0,0.5000591949486977,0.0,0.4999408050513023,326.3510328844662,-0.09615435451400978
1000,0.5,static_day,0.6865232833464877,0.9071463454351691,1.6686873914759273,0.2669037292817679,27.22187763037372,71.73157015707393,243.79066316410413,0.0,0.0,0.08939616364921513,1.0842459545915644,0.0,0.5000591949486977,0.2501874506708761,0.2497533543804262,243.79066316410413,0.0
1000,0.5,static_day_self,0.6865232833464877,0.9071463454351691,1.6686873914759273,0.2669037292817679,27.22187763037372,71.73157015707393,243.79066316410413,0.0,0.0,0.08939616364921513,1.0842459545915644,0.0,0.5000591949486977,0.2501874506708761,0.2497533543804262,243.79066316410413,0.0
1000,0.5,static_hour,0.6865232833464877,0.9071463454351691,1.6686873914759273,0.2669037292817679,27.22187763037372,71.73157015707393,243.79066316410413,0.0,0.0,0.06495081649725223,1.0842459545915644,0.0,0.5000591949486977,0.2501874506708761,0.2497533543804262,243.79066316410413,0.0
1000,0.5,static_hour_self,0.6865232833464877,0.9071463454351691,1.6686873914759273,0.2669037292817679,27.22187763037372,71.73157015707393,243.79066316410413,0.0,0.0,0.06495081649725223,1.0842459545915644,0.0,0.5000591949486977,0.2501874506708761,0.2497533543804262,243.79066316410413,0.0
1000,0.5,broadcast,0.6865232833464877,0.9071463454351691,1.6686873914759273,0.2669037292817679,27.221877630373832,71.73157015707393,243.79066316410348,0.0,0.0,0.029959180223632084,1.0842459545915661,0.0,0.5000591949486977,0.2501874506708761,0.2497533543804262,243.79066316410413,2.6645352591003757e-15
1000,0.5,oracle,0.6865232833464877,0.9071463454351691,1.6686873914759273,0.2669037292817679,27.22187763037372,71.73157015707393,243.79066316410413,0.0,0.0,0.027796614718853852,1.0842459545915644,0.0,0.5000591949486977,0.2501874506708761,0.2497533543804262,243.79066316410413,0.0
1000,0.5,piggyback,0.6865232833464877,0.9071463454351691,1.6686873914759273,0.2669037292817679,27.22187763037372,71.73157015707393,243.79066316410413,0.0,0.0,0.09431440780939022,1.0842459545915644,0.0,0.5000591949486977,0.2501874506708761,0.2497533543804262,243.79066316410413,0.0
1000,0.6,recserve,0.7382596685082873,0.9145049656919532,2.1055440213101813,0.3833030880031571,32.40783118145817,73.94479413184273,324.6617591823187,0.0,0.0,nan,1.1205261420340968,0.0,0.3997730860299921,0.24027229676400946,0.3599546172059984,324.6617591823187,0.0
1000,0.6,recserve_no_onu,0.7813141278610892,0.9187575051083646,2.521990331491713,0.6304975828729282,8.182399352818594,16.619183582567416,414.18644403568095,0.0,0.6002269139700079,nan,1.197580940795057,0.0,0.3997730860299921,0.0,0.6002269139700079,398.381663544035,-0.03967245969868527
1000,0.6,static_day,0.7426795580110497,0.9148912929920487,2.1445425217048144,0.4066389305445935,30.102961460481914,73.19338276912127,332.9047299523032,0.0,0.056876479873717446,0.16849339891549428,1.1318507270153058,0.0,0.3997730860299921,0.2175611681136543,0.3826657458563536,332.22970536793935,-0.0020318008096726903
1000,0.6,static_day_self,0.7392659826361484,0.914599321130399,2.1147585240726126,0.38885089779005527,31.86694754432534,73.77763861982693,326.7806365419069,0.0,0.013555643251775848,0.12496084239770877,1.122791129056514,0.0,0.3997730860299921,0.2347967640094712,0.3654301499605367,326.38481835850916,-0.0012127346651367166
1000,0.6,static_hour,0.7427584846093134,0.9149006859080719,2.145424210734017,0.40720540647198106,30.039207277372874,73.19338276912127,333.0274074334058,0.0,0.05839581689029203,0.135468023792139,1.1323920426134888,0.0,0.3997730860299921,0.21699881610102603,0.3832280978689818,332.3648472641113,-0.0019934724588006603
1000,0.6,static_hour_self,0.7393153117600632,0.9146095649224038,2.1156942778216257,0.3893830307813733,31.817327517452213,73.77763861982693,326.62656044429497,0.0,0.014739542225730071,0.08916896991087203,1.1246331380965477,0.0,0.3997730860299921,0.2343626677190213,0.36586424625098657,326.46928204361654,-0.0004817555872145274
1000,0.6,broadcast,0.7432517758484609,0.9150189327213877,2.1567199684293605,0.41356922849250194,29.474745934003927,73.0367153749001,334.50140074251476,0.0,0.07294790844514601,0.034420683339635647,1.1394097367588505,0.0,0.3997730860299921,0.2109017363851618,0.3893251775848461,333.209484115185,-0.0038771904430043858
1000,0.6,oracle,0.7432813733228097,0.9150230013988632,2.1570573599052882,0.4137523382004736,29.448660439079273,73.0367153749001,334.4869534081866,0.0,0.07361878453038674,0.030419072725427373,1.1397626004558128,0.0,0.3997730860299921,0.21068468823993686,0.389542225730071,333.2601623262493,-0.0036811813130437354
1000,0.6,piggyback,0.7384076558800315,0.9145156083451645,2.1067262825572217,0.3840024763220205,32.35001448667478,73.93771052476743,324.9576026687391,0.0,0.0014404104183109708,0.12461712934129673,1.1207536224902834,0.0,0.3997730860299921,0.2396310181531176,0.3605958958168903,324.9151502376408,-0.00013065697634373485
1000,0.7,recserve,0.788743093922652,0.9212475309111807,2.5703849644830306,0.5168509767166535,37.79622970150137,77.87525623525994,411.10189452120557,0.0,0.0,nan,1.165396894728862,0.0,0.3001874506708761,0.2103295185477506,0.48948303078137334,411.10189452120557,0.0
1000,0.7,recserve_no_onu,0.8244573796369377,0.9244522100790736,2.931158602999211,0.7327896507498027,9.039897989005388,16.888968996443534,467.4179161964869,0.0,0.699812549329124,nan,1.2314888755789688,0.0,0.3001874506708761,0.0,0.699812549329124,487.11648055308336,0.04043912522571658
1000,0.7,static_day,0.824388318863457,0.924441266578401,2.929993093922652,0.7321067876874507,9.137152220220644,17.068438093881355,467.11705521119836,0.0,0.6975039463299132,0.4244486846914183,1.231700795710173,0.0,0.3001874506708761,0.0006610102604577742,0.6991515390686661,486.9694910220825,0.04076730919880944
1000,0.7,static_day_self,0.8244179163378058,0.9244430655036411,2.930235398579321,0.7322575374901341,9.109261897139683,17.048294311053798,467.17103845225034,0.0,0.6981748224151539,0.23947503223289635,1.2316424239900732,0.0,0.3001874506708761,0.0005228887134964483,0.6992896606156275,487.0324865353685,0.04078054058448477
1000,0.7,static_hour,0.8244179163378058,0.9244430655036411,2.930235398579321,0.7322575374901341,9.112212233050323,17.048294311053798,467.16415617664734,0.0,0.6980958958168902,0.3900090434611255,1.231678615865518,0.0,0.3001874506708761,0.0005228887134964483,0.6992896606156275,487.0324865353685,0.04079467162459671
1000,0.7,static_hour_self,0.8228295185477505,0.9243215022099868,2.915409254143646,0.7233740627466455,10.31993592548287,19.143941056551043,464.0615575031653,0.0,0.6687549329123915,0.14125734826306044,1.2318885357867668,0.0,0.3001874506708761,0.009264009471191792,0.6905485398579321,483.6517273223485,0.04050470351391211
1000,0.7,broadcast,0.8244179163378058,0.9244418853902859,2.930100591949487,0.7321704814522495,9.132162489073313,17.06382663324318,467.15871742221134,0.0,0.6976223362273086,0.018960515655422346,1.2316686658373033,0.0,0.3001874506708761,0.000611681136543015,0.6992008681925809,487.0324865353685,0.040805838753251056
1000,0.7,oracle,0.8214976322020521,0.9241895195575458,2.901737766377269,0.7152125493291239,11.391580831707914,36.711413414766874,461.74731629333263,0.0,0.6425019731649566,0.010921563765742926,1.2304383159812862,0.0,0.3001874506708761,0.017048145224940806,0.6827644041041832,480.8169292244747,0.0396608600323205
1000,0.7,piggyback,0.819465272296764,0.9239894526017114,2.8777577348066297,0.7013065706393053,13.223683152194129,50.8696174576125,458.72803386716646,0.0,0.5973954222573007,0.20610393742910216,1.2253237283296583,0.0,0.3001874506708761,0.03052486187845304,0.6692876874506709,476.49123731216343,0.037279181764595104
1000,0.8,recserve,0.8312352012628256,0.9275187123200757,3.0575229084451463,0.6661689917127072,43.40543217047995,80.85314914500958,501.5424530955972,0.0,0.0,nan,1.2169436762305212,0.0,0.200207182320442,0.16077348066298341,0.6390193370165745,501.5424530955972,0.0
1000,0.8,recserve_no_onu,0.855130228887135,0.9294501533340754,3.341268823993686,0.8353172059984215,9.902647889956551,17.24194892326891,518.4021379558702,0.0,0.799792817679558,nan,1.2648446216940994,0.0,0.200207182320442,0.0,0.799792817679558,559.3453703271368,0.07319848262500273
1000,0.8,static_day,0.855110497237569,0.929445971744262,3.3407291239147594,0.8350194850039464,9.952355100139016,17.27383947091233,518.2750473927224,0.0,0.7986089187056038,0.5337571808464606,1.2649496398366509,0.0,0.200207182320442,0.00027624309392265195,0.7995165745856354,559.2976387687293,0.07334661999703129
1000,0.8,static_day_self,0.8993587213891081,0.9345577177370582,3.931975730071034,0.9828165055248619,9.066954911045174,15.128388172854224,576.5693193894855,0.7189818468823994,0.22374704025256512,0.34641867158544953,1.3163107622933823,0.0,0.05601815311760063,0.00029597474348855567,0.9436858721389109,nan,nan
1000,0.8,static_hour,0.8553078137332281,0.9294789878036089,3.3444111286503553,0.8359399861878454,9.947963322195783,17.26994389379918,518.5487909033872,0.004498816101026046,0.7949782951854775,0.4992815808811888,1.2655984095023298,0.0,0.19930939226519337,0.00027624309392265195,0.800414364640884,559.7749543528047,0.07364774563213894
1000,0.8,static_hour_self,0.8585635359116022,0.9298590384106312,3.38795181531176,0.8468251578531965,9.884207894507838,17.20385465171524,522.2140627967166,0.056856748224151536,0.7532261247040253,0.1648151093767161,1.271541649249629,0.0,0.18871349644830307,0.00027624309392265195,0.8110102604577742,567.65066149005,0.08004324098568827
1000,0.8,broadcast,0.867008681925809,0.9308082593345203,3.500509865824783,0.8749646704814522,9.714185385364038,16.82273717748918,533.7195927742085,0.1936266771902131,0.6436760063141279,0.020738243589842033,1.280877314656746,0.0,0.16149368587213891,0.00027624309392265195,0.8382300710339384,588.0797684884803,0.09243673839348654
1000,0.8,oracle,0.8584846093133386,0.929817869169157,3.38405410418311,0.845850730071034,9.889360181742699,17.210722822393564,521.4468412867225,0.052663772691397,0.7564522494080506,0.009576374723804454,1.272122067046397,0.0,0.18968034727703237,0.00027624309392265195,0.810043409629045,567.4597352564199,0.08108574249573042
1000,0.8,piggyback,0.8564621152328334,0.9296237559148961,3.3586521902131015,0.8366015193370167,10.935574040678228,18.664706525518664,520.5114067236708,0.03276440410418311,0.7478196527229677,0.23292979042551587,1.2661507933671254,0.0,0.19369573796369377,0.005080899763220206,0.801223362273086,562.5672505196462,0.07475700684163222
1000,0.9,recserve,0.8716357537490134,0.9330339758643357,3.5960822809786896,0.8422056235201263,49.247235650871,84.35171764335267,599.2728189350499,0.0,0.0,nan,1.2769956143507841,0.0,0.10096685082872928,0.09029202841357538,0.8087411207576953,599.2728189350499,0.0
1000,0.9,recserve_no_onu,0.8864838200473559,0.9337468205088351,3.7458560773480665,0.9364640193370166,10.768434629633852,17.53579247529288,566.4792074382175,0.0,0.8990331491712708,nan,1.2994229131748016,0.0,0.10096685082872928,0.0,0.8990331491712708,nan,nan
1000,0.9,static_day,0.9164956590370955,0.9364937552544813,4.156463417521706,1.0390512529597475,8.721715914237235,13.807773244567215,598.2514449970535,0.9882004735595896,0.009816495659037095,0.8008486289072639,1.333863740464294,0.0,0.0012628255722178373,0.0001085240726124704,0.9986286503551697,nan,nan
1000,0.9,static_day_self,0.9166239147592739,0.9365098216963557,4.158960220994476,1.039682132991318,8.699757536182307,13.771557586267589,598.3046258121234,0.9943172849250197,0.004518547750591949,0.3615875794822841,1.3343587109077857,0.0,0.0006314127861089187,9.865824782951855e-05,0.9992699289660616,nan,nan
1000,0.9,static_hour,0.9166239147592739,0.936509671953078,4.159011424625099,1.0396891475927386,8.705989123375433,13.773418625304473,598.3194977914704,0.9942186266771902,0.004488950276243094,0.7571864409411186,1.3343563650675605,0.0,0.0006215469613259668,0.0001085240726124704,0.9992699289660616,nan,nan
1000,0.9,static_hour_self,0.9165844514601421,0.9365072864217029,4.158533741120758,1.0395755130228888,8.705553332542914,13.776678777951746,598.2722703122034,0.9930939226519337,0.005574191002367798,0.19491583675571184,1.3343383000814362,0.0,0.0007399368587213891,9.865824782951855e-05,0.9991614048934491,nan,nan
1000,0.9,broadcast,0.9164167324388319,0.9364867281084902,4.155626282557222,1.0388486483820047,8.717253072017492,13.807773244567215,598.0726384324137,0.986888318863457,0.011069455406471982,0.0196665329160345,1.3340337391245791,0.0,0.0014404104183109708,9.865824782951855e-05,0.9984609313338595,nan,nan
1000,0.9,oracle,0.9164265982636148,0.9364895672927598,4.156111917916338,1.0389700572217837,8.71478840288294,13.807315853354515,598.0770879390186,0.988111681136543,0.009964483030781374,9.884480468741172e-05,1.3341408694069594,0.0,0.0013121546961325967,9.865824782951855e-05,0.9985891870560378,nan,nan
1000,0.9,piggyback,0.9145126282557222,0.9363205422335736,4.128719731649566,1.0312094415943172,9.425551658054703,14.81431527300737,596.821229983932,0.9303571428571429,0.048164956590370955,0.28512685477789934,1.3314180184048408,0.0,0.007271112865035517,0.0015883977900552487,0.9911404893449093,nan,nan
2000,0.1,recserve,0.5031979477988567,0.8758683741860668,0.25459074638476803,0.010906764681263817,7.471256110492729,44.279093508070225,32.29512811819706,0.0,0.0,nan,1.008933714453872,0.0,0.8997877882215077,0.09043865307066996,0.009773558707822294,32.29512811819706,0.0
2000,0.1,recserve_no_onu,0.5338578722691889,0.8793835287629927,0.43285891117139913,0.10821472779284978,3.8874415426912274,11.242938394120886,92.49015979466347,0.0,0.10021221177849227,nan,1.0641949768233878,0.0,0.8997877882215077,0.0,0.10021221177849227,53.09918282457798,-0.7418377247013417
2000,0.1,static_day,0.5031979477988567,0.8758683741860668,0.25459074638476803,0.010906764681263817,7.471256110492729,44.279093508070225,32.29512811819706,0.0,0.0,0.24832009695599913,1.008933714453872,0.0,0.8997877882215077,0.09043865307066996,0.009773558707822294,32.29512811819706,0.0
2000,0.1,static_day_self,0.5031979477988567,0.8758683741860668,0.25459074638476803,0.010906764681263817,7.471256110492729,44.279093508070225,32.29512811819706,0.0,0.0,0.0180865624752436,1.008933714453872,0.0,0.8997877882215077,0.09043865307066996,0.009773558707822294,32.29512811819706,0.0
2000,0.1,static_hour,0.5031979477988567,0.8758683741860668,0.25459074638476803,0.010906764681263817,7.471256110492729,44.279093508070225,32.29512811819706,0.0,0.0,0.24909465347491377,1.008933714453872,0.0,0.8997877882215077,0.09043865307066996,0.009773558707822294,32.29512811819706,0.0
2000,0.1,static_hour_self,0.5031979477988567,0.8758683741860668,0.25459074638476803,0.010906764681263817,7.471256110492729,44.279093508070225,32.29512811819706,0.0,0.0,0.01768665998698246,1.008933714453872,0.0,0.8997877882215077,0.09043865307066996,0.009773558707822294,32.29512811819706,0.0
2000,0.1,broadcast,0.5031979477988567,0.8758683741860668,0.25459074638476803,0.010906764681263817,7.471256110492729,44.279093508070225,32.29512811819707,0.0,0.0,0.0032899254152827647,1.0089337144538717,0.0,0.8997877882215077,0.09043865307066996,0.009773558707822294,32.29512811819706,-2.220446049250313e-16
2000,0.1,oracle,0.5031979477988567,0.8758683741860668,0.25459074638476803,0.010906764681263817,7.471256110492729,44.279093508070225,32.29512811819706,0.0,0.0,0.0028904786312858276,1.008933714453872,0.0,0.8997877882215077,0.09043865307066996,0.009773558707822294,32.29512811819706,0.0
2000,0.1,piggyback,0.5031979477988567,0.8758683741860668,0.25459074638476803,0.010906764681263817,7.471256110492729,44.279093508070225,32.29512811819706,0.0,0.0,0.0320033029533525,1.008933714453872,0.0,0.8997877882215077,0.09043865307066996,0.009773558707822294,32.29512811819706,0.0
2000,0.2,recserve,0.5506181714336358,0.8838476951361746,0.5513574562159341,0.043117794770038256,12.217298385475251,57.34859620484893,64.47175424267989,0.0,0.0,nan,1.0247610955877684,0.0,0.7999350070655198,0.1602174309080793,0.03984756202640092,64.47175424267989,0.0
2000,0.2,recserve_no_onu,0.5972013648516241,0.889064275036926,0.8535299336776645,0.21338248341941612,4.758998543071106,13.942528440613101,159.16021252622798,0.0,0.20006499293448024,nan,1.1294206603770613,0.0,0.7999350070655198,0.0,0.20006499293448024,116.54422754166154,-0.36566362730691515
2000,0.2,static_day,0.5506181714336358,0.8838476951361746,0.5513574562159341,0.043117794770038256,12.217298385475251,57.34859620484893,64.47175424267989,0.0,0.0,0.21808458468587003,1.0247610955877684,0.0,0.7999350070655198,0.1602174309080793,0.03984756202640092,64.47175424267989,0.0
2000,0.2,static_day_self,0.5506181714336358,0.8838476951361746,0.5513574562159341,0.043117794770038256,12.217298385475251,57.34859620484893,64.47175424267989,0.0,0.0,0.0377259545643694,1.0247610955877684,0.0,0.7999350070655198,0.1602174309080793,0.03984756202640092,64.47175424267989,0.0
2000,0.2,static_hour,0.5506181714336358,0.8838476951361746,0.5513574562159341,0.043117794770038256,12.217298385475251,57.34859620484893,64.47175424267989,0.0,0.0,0.22123898696051067,1.0247610955877684,0.0,0.7999350070655198,0.1602174309080793,0.03984756202640092,64.47175424267989,0.0
2000,0.2,static_hour_self,0.5506181714336358,0.8838476951361746,0.5513574562159341,0.043117794770038256,12.217298385475251,57.34859620484893,64.47175424267989,0.0,0.0,0.03300392533825137,1.0247610955877684,0.0,0.7999350070655198,0.1602174309080793,0.03984756202640092,64.47175424267989,0.0
2000,0.2,broadcast,0.5506181714336358,0.8838476951361746,0.5513574562159341,0.043117794770038256,12.217298385475253,57.34859620484893,64.4717542426799,0.0,0.0,0.01253566543293252,1.0247610955877677,0.0,0.7999350070655198,0.1602174309080793,0.03984756202640092,64.47175424267989,-2.220446049250313e-16
2000,0.2,oracle,0.5506181714336358,0.8838476951361746,0.5513574562159341,0.043117794770038256,12.217298385475251,57.34859620484893,64.47175424267989,0.0,0.0,0.01137474838942341,1.0247610955877684,0.0,0.7999350070655198,0.1602174309080793,0.03984756202640092,64.47175424267989,0.0
2000,0.2,piggyback,0.5506181714336358,0.8838476951361746,0.5513574562159341,0.043117794770038256,12.217298385475251,57.34859620484893,64.47175424267989,0.0,0.0,0.05069231282338813,1.0247610955877684,0.0,0.7999350070655198,0.1602174309080793,0.03984756202640092,64.47175424267989,0.0
2000,0.3,recserve,0.593523355604902,0.8915075561018836,0.8973819368879217,0.10107783396274723,16.91815034746802,63.2713916007232,111.88796879556057,0.0,0.0,nan,1.0607945055473669,0.0,0.6995061521720934,0.2104195490868985,0.09007429874100809,111.88796879556057,0.0
2000,0.3,recserve_no_onu,0.6480238701323,0.8976071335112198,1.2776491858650216,0.3194122964662554,5.613853555853502,14.936179299596397,216.9091242405832,0.0,0.3004938478279066,nan,1.1970276784769207,0.0,0.6995061521720934,0.0,0.3004938478279066,181.02679767302558,-0.1982155516685935
2000,0.3,static_day,0.593523355604902,0.8915075561018836,0.8973819368879217,0.10107783396274723,16.91815034746802,63.2713916007232,111.88796879556057,0.0,0.0,0.16445624804262524,1.0607945055473669,0.0,0.6995061521720934,0.2104195490868985,0.09007429874100809,111.88796879556057,0.0
2000,0.3,static_day_self,0.593523355604902,0.8915075561018836,0.8973819368879217,0.10107783396274723,16.91815034746802,63.2713916007232,111.88796879556057,0.0,0.0,0.0700531739818463,1.0607945055473669,0.0,0.6995061521720934,0.2104195490868985,0.09007429874100809,111.88796879556057,0.0
2000,0.3,static_hour,0.593523355604902,0.8915075561018836,0.8973819368879217,0.10107783396274723,16.91815034746802,63.2713916007232,111.88796879556057,0.0,0.0,0.16811686794310415,1.0607945055473669,0.0,0.6995061521720934,0.2104195490868985,0.09007429874100809,111.88796879556057,0.0
2000,0.3,static_hour_self,0.593523355604902,0.8915075561018836,0.8973819368879217,0.10107783396274723,16.91815034746802,63.2713916007232,111.88796879556057,0.0,0.0,0.05354049499227578,1.0607945055473669,0.0,0.6995061521720934,0.2104195490868985,0.09007429874100809,111.88796879556057,0.0
2000,0.3,broadcast,0.593523355604902,0.8915075561018836,0.8973819368879217,0.10107783396274723,16.91815034746806,63.2713916007232,111.8879687955592,0.0,0.0,0.023900101333096967,1.060794505547369,0.0,0.6995061521720934,0.2104195490868985,0.09007429874100809,111.88796879556057,1.2212453270876722e-14
2000,0.3,oracle,0.593523355604902,0.8915075561018836,0.8973819368879217,0.10107783396274723,16.91815034746802,63.2713916007232,111.88796879556057,0.0,0.0,0.02200444356710613,1.0607945055473669,0.0,0.6995061521720934,0.2104195490868985,0.09007429874100809,111.88796879556057,0.0
2000,0.3,piggyback,0.593523355604902,0.8915075561018836,0.8973819368879217,0.10107783396274723,16.91815034746802,63.2713916007232,111.88796879556057,0.0,0.0,0.08053333115923447,1.0607945055473669,0.0,0.6995061521720934,0.2104195490868985,0.09007429874100809,111.88796879556057,0.0
2000,0.4,recserve,0.6383290907389992,0.8994558223687152,1.271470927971088,0.17462373029901673,22.04576543119166,67.59357533427573,168.61079957135436,0.0,0.0,nan,1.1059355760763732,0.0,0.5999487934455611,0.24017843514739118,0.15987277140704778,168.61079957135436,0.0
2000,0.4,recserve_no_onu,0.6938192704050734,0.905366368510269,1.6944105485502143,0.4236026371375536,6.472266701061146,15.872959933996006,268.57616411096103,0.0,0.400051206554439,nan,1.2655129324390955,0.0,0.5999487934455611,0.0,0.400051206554439,239.85057560307706,-0.11976451770297714
2000,0.4,static_day,0.6383290907389992,0.8994558223687152,1.271470927971088,0.17462373029901673,22.04576543119166,67.59357533427573,168.61079957135436,0.0,0.0,0.128897722314339,1.1059355760763732,0.0,0.5999487934455611,0.24017843514739118,0.15987277140704778,168.61079957135436,0.0
2000,0.4,static_day_self,0.6383290907389992,0.8994558223687152,1.271470927971088,0.17462373029901673,22.04576543119166,67.59357533427573,168.61079957135436,0.0,0.0,0.11138592856679538,1.1059355760763732,0.0,0.5999487934455611,0.24017843514739118,0.15987277140704778,168.61079957135436,0.0
2000,0.4,static_hour,0.6383290907389992,0.8994558223687152,1.271470927971088,0.17462373029901673,22.04576543119166,67.59357533427573,168.61079957135436,0.0,0.0,0.10707814999456496,1.1059355760763732,0.0,0.5999487934455611,0.24017843514739118,0.15987277140704778,168.61079957135436,0.0
2000,0.4,static_hour_self,0.6383290907389992,0.8994558223687152,1.271470927971088,0.17462373029901673,22.04576543119166,67.59357533427573,168.61079957135436,0.0,0.0,0.07364493353803256,1.1059355760763732,0.0,0.5999487934455611,0.24017843514739118,0.15987277140704778,168.61079957135436,0.0
2000,0.4,broadcast,0.6383290907389992,0.8994566891211111,1.2715503473675398,0.1746706630756429,22.043380232474007,67.59357533427573,168.61942842192968,0.0,6.400819304871024e-05,0.03492014183381759,1.106085870039612,0.0,0.5999487934455611,0.24013412178297283,0.15991708477146613,168.61079957135436,-5.117614409777538e-05
2000,0.4,oracle,0.6383340144461568,0.8994575345393592,1.2716259065775803,0.1747163600017725,22.041114757304992,67.59357533427573,168.6417701720169,0.0,0.00011324526462464119,0.03250979440635613,1.1061323370587108,0.0,0.5999487934455611,0.24009473212571208,0.15995647442872687,168.61710530934397,-0.00014627734610717091
2000,0.4,piggyback,0.6383290907389992,0.8994558223687152,1.271470927971088,0.17462373029901673,22.04576543119166,67.59357533427573,168.61079957135436,0.0,0.0,0.11796130448094201,1.1059355760763732,0.0,0.5999487934455611,0.24017843514739118,0.15987277140704778,168.61079957135436,0.0
2000,0.5,recserve,0.6869950122846493,0.9070546070198091,1.6650777798019685,0.2664251916553011,27.148308515386827,71.67658275858486,230.93671386130794,0.0,0.0,nan,1.1656447493039592,0.0,0.499963072196318,0.2501341710200444,0.24990275678363755,230.93671386130794,0.0
2000,0.5,recserve_no_onu,0.7407668181527235,0.91234717134183,2.1051159877695116,0.5262789969423779,7.328495099892609,16.291771626393295,314.84016386569283,0.0,0.5000369278036819,nan,1.3338264745386383,0.0,0.499963072196318,0.0,0.5000369278036819,301.27388809189324,-0.045029709875359814
2000,0.5,static_day,0.6869950122846493,0.9070546070198091,1.6650777798019685,0.2664251916553011,27.148308515386827,71.67658275858486,230.93671386130794,0.0,0.0,0.16356895204162586,1.1656447493039592,0.0,0.499963072196318,0.2501341710200444,0.24990275678363755,230.93671386130794,0.0
2000,0.5,static_day_self,0.6869950122846493,0.9070546070198091,1.6650777798019685,0.2664251916553011,27.148308515386827,71.67658275858486,230.93671386130794,0.0,0.0,0.16356895204162586,1.1656447493039592,0.0,0.499963072196318,0.2501341710200444,0.24990275678363755,230.93671386130794,0.0
2000,0.5,static_hour,0.6869950122846493,0.9070546070198091,1.6650777798019685,0.2664251916553011,27.148308515386827,71.67658275858486,230.93671386130794,0.0,0.0,0.09646111490177885,1.1656447493039592,0.0,0.499963072196318,0.2501341710200444,0.24990275678363755,230.93671386130794,0.0
2000,0.5,static_hour_self,0.6869950122846493,0.9070546070198091,1.6650777798019685,0.2664251916553011,27.148308515386827,71.67658275858486,230.93671386130794,0.0,0.0,0.09646111490177885,1.1656447493039592,0.0,0.499963072196318,0.2501341710200444,0.24990275678363755,230.93671386130794,0.0
2000,0.5,broadcast,0.6875907808507181,0.9071113473434341,1.6698739334019368,0.26929118804130003,26.928754237591342,71.62669310182322,231.45635605833235,0.0,0.005475162359243522,0.04516612282277327,1.171643380951515,0.0,0.499963072196318,0.24741628466905302,0.2526206431346289,231.7149081403513,0.0011158197981043783
2000,0.5,oracle,0.6875907808507181,0.9071151250207037,1.670083860580308,0.26941097198902997,26.919622332536125,71.62669310182322,231.45695645492918,0.0,0.005706576595650397,0.0420428172961202,1.1720730647373523,0.0,0.499963072196318,0.2472931919901132,0.25274373581356874,231.7149081403513,0.0011132286976799355
2000,0.5,piggyback,0.6869950122846493,0.9070545716255227,1.66506589397289,0.2664206963106663,27.14802838250528,71.67658275858486,230.93395743466337,0.0,4.923707157593095e-06,0.16342593947388376,1.1656380893182214,0.0,0.499963072196318,0.2501341710200444,0.24990275678363755,230.93671386130794,1.1935852894384702e-05
2000,0.6,recserve,0.7395802047277437,0.9143322749038277,2.0991180852687608,0.3824543449253812,32.30032819129634,73.77763861982693,299.62361386281844,0.0,0.0,nan,1.2423414296422937,0.0,0.40034170527673696,0.24020797739033672,0.3594503173329263,299.62361386281844,0.0
2000,0.6,recserve_no_onu,0.7832928768728551,0.9186366740721438,2.5152621135505346,0.6288155283876337,8.181269542967144,16.643619742792858,356.4398621215022,0.0,0.599658294723263,nan,1.4019248706450744,0.0,0.40034170527673696,0.0,0.599658294723263,360.41670351314013,0.011034009669568356
2000,0.6,static_day,0.7463995391410101,0.9149976218287642,2.1639636728885914,0.4207993146199636,28.537767041863727,72.83786757845525,309.5232546784228,0.0,0.09400834075992497,0.39238976971644157,1.2708209420140573,0.0,0.40034170527673696,0.20260070212064069,0.39705759260262236,309.1075549718177,-0.0013448383901293326
2000,0.6,static_day_self,0.7829580647861388,0.9185982621051147,2.511995834543745,0.6268983549894387,8.367269700339781,16.795365785039767,355.83138492911536,0.0,0.5949364595591312,0.42654112492263146,1.4017542015392728,0.0,0.40034170527673696,0.0019054746699885279,0.5977528200532745,359.95106597132656,0.011445114160432479
2000,0.6,static_hour,0.7532188735542765,0.9156689560427588,2.2286368224363486,0.4595206229474295,24.729000222891738,68.99692199505643,316.2205741018159,0.0,0.18826286687772958,0.44328766252385965,1.3121421434814236,0.0,0.40034170527673696,0.1648063259789561,0.434851968744307,318.591496080817,0.007441887207183084
2000,0.6,static_hour_self,0.7596935484665114,0.9163208784861633,2.2905283039305955,0.4959255190818271,21.20989805171306,66.19906323104033,314.53411190658096,0.0,0.27628397973402136,0.2002681182268081,1.3881348333056982,0.0,0.40034170527673696,0.1296362857522686,0.47002200897099444,327.59610442618447,0.039872246168747405
2000,0.6,broadcast,0.7675074717256116,0.9171018906849202,2.368342394595739,0.5416634498446571,16.747800853091725,60.863005504635105,329.7296198716666,0.00021171940777650307,0.3866341045499978,0.03499754149623902,1.39016142551121,0.0,0.40026292596221547,0.08533769245540353,0.514399381582381,338.46326293880674,0.02580381395400999
2000,0.6,oracle,0.7676108695759211,0.9171091544724927,2.3686557885563198,0.5417290582425319,16.755675153946843,60.90716216998152,329.8356993049548,0.00032004096524355116,0.3865553252354763,0.024027203116530612,1.3898688244727802,0.0,0.4001939940620092,0.08532784504108834,0.5144781608969025,338.60706276789625,0.02590425430362009
2000,0.6,piggyback,0.7557939723976976,0.9159102176042322,2.2533744922426995,0.47404171364703906,23.300901075549366,67.64320124489727,321.1313705824006,0.0,0.22365447392650875,0.29937592639367167,1.3145204507650536,0.0,0.40034170527673696,0.1505965071221424,0.44906178760112064,322.1727965862368,0.003232507570071763
2000,0.7,recserve,0.7904027100084196,0.9211601015402179,2.564093914790324,0.5160908374733505,37.70238497465529,77.33583568112451,370.3046536657719,0.0,0.0,nan,1.3301245509567934,0.0,0.30057262714242805,0.2100699658787094,0.48935740697886254,370.3046536657719,0.0
2000,0.7,recserve_no_onu,0.8262423744085396,0.924374502848322,2.9252552892924144,0.7313138223231036,9.043354358299839,16.901046037055448,394.2624405390722,0.0,0.699427372857572,nan,1.471987857321278,0.0,0.30057262714242805,0.0,0.699427372857572,429.7724527873703,0.08262514737273463
2000,0.7,static_day,0.8258780200788778,0.9243348426577358,2.9211589421907544,0.7288671977705454,9.364783430868762,17.415578315409913,393.64788601087315,0.0,0.6914755857980591,1.1240214187012987,1.4720430410418222,0.0,0.30057262714242805,0.0024618535787965475,0.6969655192787754,429.1678893672579,0.08276482056650025
2000,0.7,static_day_self,0.8261832899226486,0.9243672950177477,2.9244493867522734,0.7308447702844426,9.10086603637678,16.996940374706092,394.08809208562013,0.0,0.6979994977818699,0.5212494612201226,1.4721869846479714,0.0,0.30057262714242805,0.0004628284728137509,0.6989645443847582,429.6744154760007,0.08282160191213028
2000,0.7,static_hour,0.8257647748142531,0.9243340455068411,2.9209284240690496,0.7287579800983757,9.374003588504172,17.425041278434335,393.8595045625058,0.0,0.6913377219976464,0.9844271707843826,1.4710425503521332,0.0,0.30057262714242805,0.0024766247002693267,0.6969507481573026,428.9799845204662,0.08186974037313122
2000,0.7,static_hour_self,0.8254102678989065,0.9243161751225226,2.9183060477895015,0.7260862682731082,9.845760673906778,18.128951589232877,392.37235882308295,0.0026489544507850853,0.6779944756005691,0.22827133937336277,1.4752316986334262,0.0,0.299774986582898,0.005913372296269307,0.6943116411208327,428.39176065224876,0.08408051960272156
2000,0.7,broadcast,0.8293935469893993,0.924813362006798,2.969325205934052,0.7415484172743341,9.205414643155104,17.117425234932178,394.7828511028116,0.037183836454143054,0.6693041324674174,0.033141285134384114,1.4909068798786245,0.0,0.28928749033722473,0.0013441720540229149,0.7093683376087524,435.00110939374804,0.09245553039390586
2000,0.7,oracle,0.8293935469893993,0.9248382854746509,2.971041610249189,0.7399438106539176,9.68278092131149,17.777439031678828,393.9483873279398,0.04331877557250405,0.6534054820555493,0.016559995793860745,1.4947471658825509,0.0,0.2874460238602849,0.004790767064338081,0.707763209075377,435.00110939374804,0.0943738330300411
2000,0.7,piggyback,0.8225742125761328,0.9240350745480197,2.8872446442375392,0.7088243073574957,12.050361116981614,44.814782194708144,390.8800942010539,3.446595010315167e-05,0.6262463133742657,0.4236800685974404,1.4637842427846153,0.0,0.3005529323137977,0.021925267972762053,0.6775217997134403,423.68596970650884,0.07742969522493248
2000,0.8,recserve,0.8322689919694336,0.9274439444052648,3.0527803484999927,0.6654513808536724,43.32332441939522,80.66416023435224,439.77225854706757,0.0,0.0,nan,1.433389921363777,0.0,0.20031610199951747,0.1604439214373286,0.6392399765631539,439.77225854706757,0.0
2000,0.8,recserve_no_onu,0.855558126824849,0.9293919910305952,3.3367163796966013,0.8341790949241503,9.912425864083831,17.259870642142662,428.7148090570911,0.0,0.7996838980004826,nan,1.5434001386749587,0.0,0.20031610199951747,0.0,0.7996838980004826,480.11304520901035,0.10705444616599358
2000,0.8,static_day,0.9114618978921609,0.9357852911485035,4.074499894140296,1.0185113319120231,8.84123547544966,14.28942462042904,468.9651095961185,0.901333832268992,0.07814415629816002,2.674653645198894,1.6798180306870036,0.0,0.019724370873317937,0.0001969482863037238,0.9800786808403783,nan,nan
2000,0.8,static_day_self,0.9170650766375019,0.9364523062475666,4.152373817694819,1.038033491056086,8.705424623058974,13.807773244567215,473.2523424119585,0.9960807291025559,0.0029689954160286363,0.9927335102562033,1.6921023499872172,0.0,0.0006893190020630333,9.84741431518619e-05,0.9992122068547851,nan,nan
2000,0.8,static_hour,0.9086800033481208,0.935469460748657,4.038225210365388,1.0094592883273674,8.888225133672405,14.529124730008721,467.70594082187756,0.857965819624912,0.11285629175919133,2.30036614379017,1.6711882495305614,0.0,0.02850826444246402,0.00016740604335816522,0.9713243295141778,nan,nan
2000,0.8,static_hour_self,0.8867498116682012,0.9329483635412359,3.749494246648186,0.9372844031728369,9.326797561424705,16.052287190693843,440.29257758480287,0.5033111930634814,0.39671293310159084,0.3691676021461604,1.665749395222327,0.0,0.0993998000974894,0.00015263492188538594,0.9004475649806252,nan,nan
2000,0.8,broadcast,0.912175835430012,0.9358733053998631,4.0853363138173995,1.0212393463286378,8.821561759072186,14.239596311049533,467.79889871760565,0.9139434462995879,0.06825735232571307,0.04024131666038284,1.688034420966771,0.0,0.01716404315136953,0.00016248233620057214,0.9826734745124299,nan,nan
2000,0.8,oracle,0.8809053712721382,0.9322376078412873,3.667896336269504,0.9167723671706901,9.490405418918732,16.4068557466509,437.1375286785048,0.40342394595739023,0.4760486265318884,0.008008438537786872,1.646159395703807,0.0,0.11939497486447496,0.00034465950103151666,0.8802603656344935,nan,nan
2000,0.8,piggyback,0.8857699939438402,0.9328831778846909,3.7360381094933994,0.931382759147017,10.219777997867059,17.199757242575288,450.7653267836195,0.49615704656349857,0.3813460430627428,0.6326938678581736,1.6226839047688681,0.0,0.10074397215151232,0.004347633420154703,0.894908394428333,nan,nan
2000,0.9,recserve,0.8725793824686483,0.9329577250058975,3.5915257386791666,0.8411237672268205,49.179807450091644,84.22304389993911,509.59678717314057,0.0,0.0,nan,1.558094297958665,0.0,0.100832598880349,0.09052727979950664,0.8086401213201444,509.59678717314057,0.0
2000,0.9,recserve_no_onu,0.8868925991757715,0.933672986273348,3.741705690328362,0.9354264225820905,10.78534864040073,17.535939299549195,459.8197478758886,0.0,0.899167401119651,nan,1.6167388589107135,0.0,0.100832598880349,0.0,0.899167401119651,nan,nan
2000,0.9,static_day,0.9171930930235993,0.9364706934326746,4.15409518510677,1.0384967774336653,8.704230368662685,13.804549284512174,473.44762041010887,0.9974741382281548,0.0019547117415644587,2.759863261591641,1.692119854302403,0.0,0.0002904987222979926,4.431336441833785e-05,0.9996651879132836,nan,nan
2000,0.9,static_day_self,0.9172275589737025,0.9364732661304922,4.154538397530269,1.0386075805395398,8.697361558978873,13.795463958848268,473.4841477468035,0.9987099887247106,0.0009207332384699087,0.9932832006006381,1.6920720295875207,0.0,0.0001772534576733514,4.431336441833785e-05,0.9997784331779083,nan,nan
2000,0.9,static_hour,0.9170749240518171,0.9364566677434425,4.152261261749196,1.0380382965942718,8.714094665772764,13.817450209660452,473.3308420100672,0.9929886410075874,0.00598230419647561,2.4512972646312665,1.6920061783569473,0.0,0.0007484034879541504,4.431336441833785e-05,0.9992072831476275,nan,nan
2000,0.9,static_hour_self,0.9172226352665449,0.9364727527893294,4.154504473187952,1.0385968173156934,8.703540589492444,13.799920458719129,473.4862329996163,0.9985573538028252,0.000989665138676212,0.36342308238255017,1.692096880687642,0.0,0.0001772534576733514,4.923707157593095e-05,0.9997735094707507,nan,nan
2000,0.9,broadcast,0.9172177115593872,0.9364730796789413,4.15450494586384,1.0385843849551204,8.70802975715084,13.801491174148394,473.46400813367956,0.9986607516531347,0.0007680983165845229,0.03993576632684295,1.69218587877472,0.0,0.00017232975051575833,6.893190020630333e-05,0.999758738349278,nan,nan
2000,0.9,oracle,0.9172177115593872,0.9364730765346134,4.154513217691864,1.0385890674006273,8.705704646366447,13.800426546763628,473.4682830552712,0.9986607516531347,0.000773022023742116,1.2986216601110993e-05,1.692161238415708,0.0,0.00017232975051575833,6.400819304871024e-05,0.9997636620564355,nan,nan
2000,0.9,piggyback,0.9154894903470722,0.9363090553023059,4.130490086115638,1.0317371035800276,9.394868022248284,14.698597325012088,473.3837557974004,0.945814602730688,0.03499278676901413,0.7067380303234915,1.6881408932331787,0.0,0.005494857187873894,0.0014229513685444044,0.9930821914435817,nan,nan
5000,0.1,recserve,0.5041598947831977,0.8758784924070488,0.2548886751727447,0.010972465505358592,7.475178326852319,44.716477425317,32.318687668983216,0.0,0.0,nan,1.0131497014093673,0.0,0.8996115588398504,0.09061520627667201,0.009773234883477526,32.318687668983216,0.0
5000,0.1,recserve_no_onu,0.5335664901862819,0.8794006484553797,0.43391391891117986,0.10847847972779497,3.8896686691821563,11.253499809941452,86.25500787556399,0.0,0.10038844116014953,nan,1.1632097417338156,0.0,0.8996115588398504,0.0,0.10038844116014953,51.93034291363718,-0.6609751262187982
5000,0.1,static_day,0.5041598947831977,0.8758784924070488,0.2548886751727447,0.010972465505358592,7.475178326852319,44.716477425317,32.318687668983216,0.0,0.0,0.48967503921272054,1.0131497014093673,0.0,0.8996115588398504,0.09061520627667201,0.009773234883477526,32.318687668983216,0.0
5000,0.1,static_day_self,0.5041598947831977,0.8758784924070488,0.2548886751727447,0.010972465505358592,7.475178326852319,44.716477425317,32.318687668983216,0.0,0.0,0.02608313436359727,1.0131497014093673,0.0,0.8996115588398504,0.09061520627667201,0.009773234883477526,32.318687668983216,0.0
5000,0.1,static_hour,0.5041598947831977,0.8758784924070488,0.2548886751727447,0.010972465505358592,7.475178326852319,44.716477425317,32.318687668983216,0.0,0.0,0.49036080003650656,1.0131497014093673,0.0,0.8996115588398504,0.09061520627667201,0.009773234883477526,32.318687668983216,0.0
5000,0.1,static_hour_self,0.5041598947831977,0.8758784924070488,0.2548886751727447,0.010972465505358592,7.475178326852319,44.716477425317,32.318687668983216,0.0,0.0,0.024386212796292883,1.0131497014093673,0.0,0.8996115588398504,0.09061520627667201,0.009773234883477526,32.318687668983216,0.0
5000,0.1,broadcast,0.5041598947831977,0.8758784924070488,0.2548886751727447,0.010972465505358592,7.475178326852319,44.716477425317,32.31868766898314,0.0,0.0,0.007555385350709368,1.0131497014093667,0.0,0.8996115588398504,0.09061520627667201,0.009773234883477526,32.318687668983216,2.4424906541753444e-15
5000,0.1,oracle,0.5041598947831977,0.8758784924070488,0.2548886751727447,0.010972465505358592,7.475178326852319,44.716477425317,32.318687668983216,0.0,0.0,0.006771832723370537,1.0131497014093673,0.0,0.8996115588398504,0.09061520627667201,0.009773234883477526,32.318687668983216,0.0
5000,0.1,piggyback,0.5041598947831977,0.8758784924070488,0.2548886751727447,0.010972465505358592,7.475178326852319,44.716477425317,32.318687668983216,0.0,0.0,0.042266224733834575,1.0131497014093673,0.0,0.8996115588398504,0.09061520627667201,0.009773234883477526,32.318687668983216,0.0
5000,0.2,recserve,0.5511658171779068,0.8839175246315967,0.552663722913289,0.04329424763469548,12.243390963301563,57.34859620484893,63.66757154437765,0.0,0.0,nan,1.0620179311817508,0.0,0.7996299243852973,0.16036873275761626,0.04000134285708643,63.66757154437765,0.0
5000,0.2,recserve_no_onu,0.5972060673442828,0.8891165923747624,0.8555152680875937,0.21387881702189843,4.7664455515386654,13.981321492256724,137.55038262852776,0.0,0.20037007561470271,nan,1.3370558210957546,0.0,0.7996299243852973,0.0,0.20037007561470271,110.33106637129534,-0.24670582051325152
5000,0.2,static_day,0.5511658171779068,0.8839175246315967,0.552663722913289,0.04329424763469548,12.243390963301563,57.34859620484893,63.66757154437765,0.0,0.0,0.438031980048773,1.0620179311817508,0.0,0.7996299243852973,0.16036873275761626,0.04000134285708643,63.66757154437765,0.0
5000,0.2,static_day_self,0.5511658171779068,0.8839175246315967,0.552663722913289,0.04329424763469548,12.243390963301563,57.34859620484893,63.66757154437765,0.0,0.0,0.06937447520766885,1.0620179311817508,0.0,0.7996299243852973,0.16036873275761626,0.04000134285708643,63.66757154437765,0.0
5000,0.2,static_hour,0.5511658171779068,0.8839175246315967,0.552663722913289,0.04329424763469548,12.243390963301563,57.34859620484893,63.66757154437765,0.0,0.0,0.44692817155488573,1.0620179311817508,0.0,0.7996299243852973,0.16036873275761626,0.04000134285708643,63.66757154437765,0.0
5000,0.2,static_hour_self,0.5511658171779068,0.8839175246315967,0.552663722913289,0.04329424763469548,12.243390963301563,57.34859620484893,63.66757154437765,0.0,0.0,0.05167373244315691,1.0620179311817508,0.0,0.7996299243852973,0.16036873275761626,0.04000134285708643,63.66757154437765,0.0
5000,0.2,broadcast,0.5511658171779068,0.8839175246315967,0.552663722913289,0.04329424763469548,12.243390963301575,57.34859620484893,63.6675715443776,0.0,0.0,0.023349949880603807,1.0620179311817464,0.0,0.7996299243852973,0.16036873275761626,0.04000134285708643,63.66757154437765,7.771561172376096e-16
5000,0.2,oracle,0.5511658171779068,0.8839175246315967,0.552663722913289,0.04329424763469548,12.243390963301563,57.34859620484893,63.66757154437765,0.0,0.0,0.021542871315313118,1.0620179311817508,0.0,0.7996299243852973,0.16036873275761626,0.04000134285708643,63.66757154437765,0.0
5000,0.2,piggyback,0.5511658171779068,0.8839175246315967,0.552663722913289,0.04329424763469548,12.243390963301563,57.34859620484893,63.66757154437765,0.0,0.0,0.08573699921380663,1.0620179311817508,0.0,0.7996299243852973,0.16036873275761626,0.04000134285708643,63.66757154437765,0.0
5000,0.3,recserve,0.5936316977465673,0.8915807624613968,0.8961841965468825,0.10081703572197329,16.914489087311573,63.29834969536961,106.55314399416898,0.0,0.0,nan,1.149777356216912,0.0,0.6997707269003897,0.21021440293216795,0.09001487016744243,106.55314399416898,0.0
5000,0.3,recserve_no_onu,0.6473953509497752,0.8976643093843936,1.2763132253649905,0.3190783063412476,5.620547475819768,14.960061951673389,176.15667455499167,0.0,0.3002292730996104,nan,1.5066605428726854,0.0,0.6997707269003897,0.0,0.3002292730996104,162.7050350909298,-0.08267500422801444
5000,0.3,static_day,0.5936316977465673,0.8915807624613968,0.8961841965468825,0.10081703572197329,16.914489087311573,63.29834969536961,106.55314399416898,0.0,0.0,0.33191538100386325,1.149777356216912,0.0,0.6997707269003897,0.21021440293216795,0.09001487016744243,106.55314399416898,0.0
5000,0.3,static_day_self,0.5936316977465673,0.8915807624613968,0.8961841965468825,0.10081703572197329,16.914489087311573,63.29834969536961,106.55314399416898,0.0,0.0,0.14427970959291378,1.149777356216912,0.0,0.6997707269003897,0.21021440293216795,0.09001487016744243,106.55314399416898,0.0
5000,0.3,static_hour,0.5937442607670479,0.8915944071153231,0.8970147141590457,0.10129647717241692,16.889417742576725,63.29834969536961,106.63245109232886,0.0,0.0006773529127162642,0.35676249736325105,1.15317342074116,0.0,0.6997707269003897,0.20974637774174884,0.09048289535786154,106.6721172402995,0.0003718511359559473
5000,0.3,static_hour_self,0.5936316977465673,0.8915807624613968,0.8961841965468825,0.10081703572197329,16.914489087311573,63.29834969536961,106.55314399416898,0.0,0.0,0.08583472072770355,1.149777356216912,0.0,0.6997707269003897,0.21021440293216795,0.09001487016744243,106.55314399416898,0.0
5000,0.3,broadcast,0.5936316977465673,0.8915807624613968,0.8961841965468825,0.10081703572197329,16.91448908731156,63.29834969536961,106.553143994169,0.0,0.0,0.04215848564072074,1.149777356216917,0.0,0.6997707269003897,0.21021440293216795,0.09001487016744243,106.55314399416898,-2.220446049250313e-16
5000,0.3,oracle,0.5936316977465673,0.8915807624613968,0.8961841965468825,0.10081703572197329,16.914489087311573,63.29834969536961,106.55314399416898,0.0,0.0,0.039417956979024116,1.149777356216912,0.0,0.6997707269003897,0.21021440293216795,0.09001487016744243,106.55314399416898,0.0
5000,0.3,piggyback,0.5936316977465673,0.8915807624613968,0.8961841965468825,0.10081703572197329,16.914489087311573,63.29834969536961,106.55314399416898,0.0,0.0,0.1579495684901387,1.149777356216912,0.0,0.6997707269003897,0.21021440293216795,0.09001487016744243,106.55314399416898,0.0
5000,0.4,recserve,0.6386509815692865,0.899577291761454,1.2708296605533755,0.1746164977892228,22.04875826141125,67.59357533427573,154.13618069657267,0.0,0.0,nan,1.2674229647627109,0.0,0.6000359411749605,0.23989154454237208,0.16007251428266747,154.13618069657267,0.0
5000,0.4,recserve_no_onu,0.6934099288483223,0.9054484757353265,1.6929458927333658,0.42323647318334146,6.484441349305342,15.916150839754632,206.36147376078188,0.0,0.39996405882503955,nan,1.6863338758769937,0.0,0.6000359411749605,0.0,0.39996405882503955,207.21909597299341,0.004138721907769094
5000,0.4,static_day,0.6386509815692865,0.899577291761454,1.2708296605533755,0.1746164977892228,22.04875826141125,67.59357533427573,154.13618069657267,0.0,0.0,0.2524140089978326,1.2674229647627109,0.0,0.6000359411749605,0.23989154454237208,0.16007251428266747,154.13618069657267,0.0
5000,0.4,static_day_self,0.6386509815692865,0.899577291761454,1.2708296605533755,0.1746164977892228,22.04875826141125,67.59357533427573,154.13618069657267,0.0,0.0,0.2519892781301756,1.2674229647627109,0.0,0.6000359411749605,0.23989154454237208,0.16007251428266747,154.13618069657267,0.0
5000,0.4,static_hour,0.6453079980963026,0.9002826454316569,1.321716056818653,0.2046815967360674,20.161748818403712,66.88504773134797,156.13180343274826,0.0,0.048518611406781036,0.5149545883314672,1.407953161183468,0.0,0.6000359411749605,0.21084238609905942,0.18912167272598013,160.6595791074529,0.028182419622028054
5000,0.4,static_hour_self,0.6386509815692865,0.899577291761454,1.2708296605533755,0.1746164977892228,22.04875826141125,67.59357533427573,154.13618069657267,0.0,0.0,0.12163179336548466,1.2674229647627109,0.0,0.6000359411749605,0.23989154454237208,0.16007251428266747,154.13618069657267,0.0
5000,0.4,broadcast,0.6475888803534083,0.900648202826561,1.351427303049273,0.20929296599609387,20.50279753558838,67.01896200157451,156.4772108598391,0.015381638009174874,0.03452920022986554,0.06107690174797903,1.4452273583660482,0.0,0.5907939247565578,0.2155502850609124,0.19365579018252982,162.89468001655013,0.039396431829811895
5000,0.4,oracle,0.6497927458070275,0.9009112651315127,1.3710415357545573,0.21877547429514813,20.010714372653748,66.88337618710057,156.90690432712395,0.01794294042256553,0.046334493851491854,0.04411693254763211,1.4913480559375858,0.0,0.5892634626359889,0.20787822655973837,0.20285831080427266,165.0543099858597,0.0493619685510408
5000,0.4,piggyback,0.6386529563591195,0.899577654725849,1.270849262317258,0.1746281826206646,22.048378400550376,67.59357533427573,154.14375027644599,0.0,1.1848738997952143e-05,0.25584857646236875,1.2673976856544384,0.0,0.6000359411749605,0.23987969580337412,0.16008436302166543,154.13811584887492,-3.655440797389886e-05
5000,0.5,recserve,0.686804256856964,0.9070949605451512,1.6635105206928353,0.2660605154596422,27.146572497495466,71.68491654061671,201.3229344346042,0.0,0.0,nan,1.4155697370252975,0.0,0.500378172253018,0.25007751050094496,0.2495443172460371,201.3229344346042,0.0
5000,0.5,recserve_no_onu,0.7401275319274147,0.9124108559688024,2.102718321902591,0.5256795804756478,7.3454289419196535,16.345987615458878,230.51344108927756,0.0,0.49962182774698205,nan,1.8669597388963517,0.0,0.500378172253018,0.0,0.49962182774698205,248.8579094508818,0.07371462856889821
5000,0.5,static_day,0.7277061038778948,0.9111696341071076,1.9997740287489902,0.46478330433683596,11.983742004658493,51.47877105559597,224.47869048659427,0.0,0.3824871688030601,2.325578343775092,1.7843612036199763,0.0,0.500378172253018,0.058639409300865156,0.44098241844611685,237.83154363732993,0.056144163833446226
5000,0.5,static_day_self,0.7399853470594392,0.9123993254281264,2.101715492028761,0.5250826252066124,7.389540887736688,16.396545461671437,230.27296650151126,0.0,0.4985119958608405,1.3099455204057409,1.8678003246804915,0.0,0.500378172253018,0.000576638631233671,0.49904518911574836,248.73779309214993,0.07423410154563037
5000,0.5,static_hour,0.7088053903863282,0.9092991751912767,1.8458341532002458,0.37375301698516733,18.947270695997954,64.46443695374032,199.4257995537374,0.0,0.2071297812130344,1.7907846489545012,1.8015800658434733,0.0,0.500378172253018,0.14640894342819566,0.3532128843187864,220.96094211747248,0.09746130857953195
5000,0.5,static_hour_self,0.7254113980919581,0.9114825540732246,2.03092148828061,0.42721562137749497,18.11996950401503,63.28008373283677,198.64020068840208,0.07981310589020564,0.19120310120995374,1.3306055775023726,2.0415187139399755,0.0,0.4603906529247625,0.134441717040264,0.4051676300349735,235.78331054088503,0.15753069955323362
5000,0.5,broadcast,0.7758475304265744,0.9181933457779929,2.6020520357120995,0.5811129342809692,17.037677108701374,61.491751340972215,202.86959775745376,0.3419664562198968,0.09716755894253953,0.09727172075914381,2.6238123827770043,0.0,0.3293396500277458,0.1158925161389699,0.5547678338332843,279.0338080167368,0.27295692518633663
5000,0.5,oracle,0.7783239168771463,0.9185329528168339,2.630962291388139,0.5881896528911911,17.081653566653756,61.49495733891622,202.68725942363866,0.35621259007510125,0.08960608867201308,0.0160960330893426,2.657434097168191,0.0,0.3221573394051538,0.11612554133926296,0.5617171192555832,281.12583459798304,0.2790158908252367
5000,0.5,piggyback,0.690771609631445,0.9075025687789405,1.6971397262546335,0.28593586080101424,25.633665299535078,70.39386242155966,203.56097334117695,7.899159331968096e-06,0.038243779905723536,0.5785255309486794,1.4661117565632844,0.0,0.500374222673352,0.23090822559209137,0.26871755173455664,204.8641567158072,0.006361207326463059
5000,0.6,recserve,0.7388537924851347,0.9144186477983486,2.0996466627039214,0.38236009700167656,32.32843745995092,73.95584295770685,247.78186707057566,0.0,0.0,nan,1.6127327903807085,0.0,0.4002267058728275,0.2402055361258178,0.3595677580013547,247.78186707057566,0.0
5000,0.6,recserve_no_onu,0.7823919839331099,0.9187184980925057,2.51626462973678,0.629066157434195,8.21316184963287,16.72875181408145,250.03094916457115,0.0,0.5997732941271725,nan,2.053724157803581,0.0,0.4002267058728275,0.0,0.5997732941271725,284.5624970839219,0.12134960956983332
5000,0.6,static_day,0.782376185614446,0.9187161302450573,2.5160423355444395,0.6289322153389827,8.227912343910875,16.742766472413,250.0016481654335,0.0,0.599409932797902,4.917839779868087,2.0538304132343703,0.0,0.4002267058728275,0.00013033612897747358,0.599642957998195,284.5491508218406,0.12141137148582704
5000,0.6,static_day_self,0.782386059563611,0.9187179860735347,2.516227167973648,0.6290428786116438,8.216270921592626,16.73248576119822,250.02781909258735,0.0,0.5996962773236858,2.0119529989984684,2.053736734177428,0.0,0.4002267058728275,2.567226782889631e-05,0.5997476218593436,284.5574922356414,0.12134515549659153
5000,0.6,static_hour,0.7725298835071478,0.9177635527864025,2.4229768021438316,0.5738495624853125,13.605182775931807,54.10147997703511,240.025648995078,0.0,0.46549153506338087,3.471784804191845,2.06481444600598,0.0,0.4002267058728275,0.05375575404387588,0.5460175400832966,276.23109297966056,0.13106940132640477
5000,0.6,static_hour_self,0.8369356791203496,0.9261058196588219,3.1958001789159587,0.781722998204916,11.394820045522533,43.58225990886289,238.56779012346345,0.44506825861057736,0.26047872855131393,0.6501386408813834,2.7166837104790504,0.0,0.22211646125561088,0.029041259283980703,0.7488422794604084,332.2994866028544,0.28206994069603786
5000,0.6,broadcast,0.8379309731961776,0.9262217744200228,3.20720503650399,0.7845007553571111,11.41232690585529,43.73247397107389,240.26300017187364,0.4518299389987421,0.2560788968034077,0.09332049028013233,2.704959616469457,0.0,0.21935767985892102,0.029163696253626206,0.7514786238874528,333.1258189601564,0.2787619977285207
5000,0.6,oracle,0.8380395866369922,0.9262540596514522,3.2095978853950466,0.782799112529449,11.806666516399005,46.117296100983125,239.38230761766783,0.4574146446464435,0.2429820906310046,0.01170556862486649,2.7193971064471185,0.0,0.21710246986964413,0.033048107855121515,0.7498494222752343,333.21599411819534,0.28160018773661766
5000,0.6,piggyback,0.7753834548158213,0.9180724158060266,2.453114978188446,0.5850266833602235,13.00143729915469,52.164437802568486,248.2166339317246,0.011819117150457262,0.4738014506806113,1.6180216099121776,2.0124272519666815,0.0,0.3954477144769868,0.047635880351433596,0.5569164051715796,278.6417615680982,0.10919083867813517
5000,0.7,recserve,0.7883834962864077,0.9212421369214335,2.564757458287502,0.5155755051018696,37.74635843186144,77.44484566269898,289.6240669782609,0.0,0.0,nan,1.8499940776925694,0.0,0.3003754075472518,0.21048099955962188,0.48914359289312637,289.6240669782609,0.0
5000,0.7,recserve_no_onu,0.8246307636709763,0.9244602952550415,2.927414466915358,0.7318536167288395,9.089599715510037,17.01074045733666,266.0372211287765,0.0,0.6996245924527482,nan,2.2459954857572773,0.0,0.3003754075472518,0.0,0.6996245924527482,321.7442256873658,0.1731406505884554
5000,0.7,static_day,0.8297415197587596,0.9251267764633174,2.9951540908758782,0.7485459365737002,9.12072106132136,16.940607033252178,266.6088317938538,0.05589050185334026,0.6593092580122161,9.776766462649402,2.287996240258771,0.0,0.2836153662346485,0.00040285712593037286,0.7159817766394212,326.2730718186196,0.18286596467248173
5000,0.7,static_day_self,0.9163952976304497,0.9364868075696414,4.1562143278901535,1.039041788527656,8.783034078688472,13.939857355738054,285.68090116168855,0.9993147479279517,0.00043642855309123724,5.20243276516977,2.8382757211237815,0.0,0.00018760503413424226,1.974789832992024e-05,0.9997926470675358,nan,nan
5000,0.7,static_hour,0.8253397132210204,0.9245611930366003,2.9373850820426437,0.7330834980637185,9.373649614909874,17.43280740024219,265.46496384492906,0.011072646593586278,0.6848788367697968,5.984103283409809,2.259611020234348,0.0,0.2970538110481592,0.0021386973891303618,0.7008074915627105,322.3724543431309,0.17652714967275074
5000,0.7,static_hour_self,0.8811235764233791,0.9318668608356079,3.6830526340734187,0.9194673715349845,9.206552353428108,15.773592946685673,263.89812317440504,0.6178781673160434,0.26011931680170935,0.758000660228822,2.7808868760342613,0.0,0.11483205399865319,0.0021742436061242183,0.8829937023952226,nan,nan
5000,0.7,broadcast,0.8821070217602092,0.9319802567643253,3.6964441657796567,0.923572258547384,9.0306803975983,15.5676960959513,264.44999943774815,0.6265139232557175,0.25829658578585774,0.09567383936973121,2.781965545100893,0.0,0.11222533141910372,0.000914327692675307,0.886860340888221,nan,nan
5000,0.7,oracle,0.8814178201084949,0.9318994888895786,3.6878514207625455,0.9201002502058717,9.340101711135802,15.941867289134395,263.64545514587155,0.6226611082915501,0.25348797254252214,0.007096211948935724,2.7880484309175944,0.0,0.11335688599340815,0.0031102939869624376,0.8835328200196294,nan,nan
5000,0.7,piggyback,0.8403777377992547,0.9265692911161422,3.1440176348732085,0.7808745633245981,10.200598999679093,18.421647197218512,267.7494376562658,0.18827448788762655,0.5391432966746514,2.8385031434389814,2.3853233223076855,0.0,0.24408007377814817,0.008582436614183335,0.7473374896076685,335.1572193385237,0.2011228694858369
5000,0.8,recserve,0.8306992928277608,0.9274680488992154,3.053956554623674,0.6655063222896503,43.37351972859766,80.89611241121744,327.12179298309337,0.0,0.0,nan,2.125752724587728,0.0,0.20057742854716687,0.16037070754744925,0.6390518639053838,327.12179298309337,0.0
5000,0.8,recserve_no_onu,0.8543098800710135,0.9294277959039567,3.3381590140269326,0.8345397535067332,9.971003145032832,17.37659883646036,279.65449611669067,0.0,0.7994225714528331,nan,2.4388145119384257,0.0,0.20057742854716687,0.0,0.7994225714528331,346.7242327924231,0.19343827264558622
5000,0.8,static_day,0.914839163242052,0.9363091939321808,4.135637606317748,1.0339006660966106,8.815216342677758,14.053225615806875,285.7425032107589,0.9736266817803915,0.02100583945353616,23.369511845053726,2.8268486238250667,0.0,0.005280588013420672,1.3823528830944167e-05,0.9947055884577484,nan,nan
5000,0.8,static_day_self,0.9164347934271095,0.9364912512704359,4.156719111818525,1.0391710424718048,8.783137183922976,13.938609706889837,285.7394107264481,0.9996603361487254,0.00021130251213014655,5.199974087195727,2.837991801695699,0.0,6.516806448873679e-05,1.3823528830944167e-05,0.9999210084066803,nan,nan
5000,0.8,static_hour,0.901226936923238,0.9347515259550703,3.9566171139236506,0.9890239166796674,9.115452586433612,15.137848621001465,280.7214420909492,0.7548713128205331,0.1952909161642472,16.378745737716784,2.783111925768964,0.0,0.04913672062450754,0.00021722688162912262,0.9506460524938634,nan,nan
5000,0.8,static_hour_self,0.9100167264698854,0.9357602806968732,4.071791837403705,1.0177985358908177,8.954194556359289,14.468943723710252,278.8972588109294,0.89600756739464,0.08209596293714441,0.7696971770186822,2.864152455752008,0.0,0.0208221839990679,0.000250798308789987,0.9789270176921421,nan,nan
5000,0.8,broadcast,0.9077733652196065,0.9354986968015067,4.041870698660895,1.0103117620457243,8.998461944959157,14.651903144177046,277.97795669702,0.8595924428742671,0.11115499532962204,0.09717646819032649,2.8577955536574375,0.0,0.028148654279468308,0.0002665966274539232,0.9715847490930778,nan,nan
5000,0.8,oracle,0.9083855500678341,0.9355522176344571,4.048635941569918,1.0121433697418751,8.950740979250899,14.578907042296537,278.2529022683003,0.8669722324801583,0.10622986948613994,0.0018617590578565674,2.8581299816938817,0.0,0.02663794005722941,2.567226782889631e-05,0.9733363876749417,nan,nan
5000,0.8,piggyback,0.8954131556549094,0.9340977427426047,3.880335473347249,0.9679310916835676,9.896665302115819,16.478602959991846,281.40356522313584,0.6683142996506597,0.24812246856628284,3.423692723561702,2.741413808412937,0.0,0.06647142577851152,0.0035289494315567465,0.9299996247899317,nan,nan
5000,0.9,recserve,0.8715122743062069,0.9329969234367312,3.5934518220398393,0.841399798176479,49.25964071146629,84.34521423053621,361.00633827745736,0.0,0.0,nan,2.4601782590559163,0.0,0.10092163441505737,0.09050066846635847,0.8085776971185842,361.00633827745736,0.0
5000,0.9,recserve_no_onu,0.8858808451310569,0.933716760138487,3.742971750631439,0.9357429376578598,10.857935671918742,17.670426251797352,291.2062825257982,0.0,0.8990783655849426,nan,2.634283727984913,0.0,0.10092163441505737,0.0,0.8990783655849426,nan,nan
5000,0.9,static_day,0.9164189951084456,0.9364911334088828,4.156591864260846,1.0391349670111358,8.78744129691415,13.943057133676477,285.72131657111817,0.9992318067549661,0.0006121848482275274,23.703919267666706,2.8382114272345644,0.0,8.886554248464107e-05,1.974789832992024e-05,0.9998913865591854,nan,nan
5000,0.9,static_day_self,0.9164525665356065,0.9364932148393302,4.156908893071055,1.039223398099857,8.782780677871331,13.937968236533925,285.7495325002951,0.9998538655523586,6.714285432172881e-05,5.20081479753406,2.838005531655668,0.0,2.172268816291226e-05,5.924369498976071e-06,0.9999723529423381,nan,nan
5000,0.9,static_hour,0.9164071463694476,0.936489597265552,4.156367563682036,1.0390718408793345,8.792675865190379,13.947217814484608,285.7034061400284,0.9987242857678872,0.000983445336830028,16.801618265915963,2.8383815476794187,0.0,0.00013823528830944168,3.159663732787238e-05,0.9998301680743626,nan,nan
5000,0.9,static_hour_self,0.9163992472101157,0.9364888398001326,4.156280463601661,1.039057762602615,8.78988370740285,13.947217814484608,285.68218905559763,0.9983609244386166,0.0013645797745974885,0.771939755572782,2.838519431908911,0.0,0.00017970587480227416,1.974789832992024e-05,0.9998005462268678,nan,nan
5000,0.9,broadcast,0.916302482508299,0.9364791641401594,4.154697677449677,1.0386596291739651,8.799644949471892,13.965182499727229,285.515379950227,0.9946028993864328,0.00463483173803228,0.09590642414780928,2.8397019243524255,0.0,0.0005588655227367428,2.7647057661888334e-05,0.9994134874196013,nan,nan
5000,0.9,oracle,0.9163854236812847,0.9364874798931546,4.156019258150452,1.0390002448739393,8.78932366208838,13.948806946072725,285.6695183581679,0.9976361765699086,0.0020142856296518643,2.4953332551156266e-05,2.838555109184092,0.0,0.00024487393929101096,7.899159331968096e-06,0.9997472269013771,nan,nan
5000,0.9,piggyback,0.9153664321274608,0.9364064224551734,4.1431928560003,1.0349250172300413,9.407138955555446,14.592349144211035,286.6784391973445,0.9719007154663565,0.011947478489601744,3.3660103421949024,2.8327203914814207,0.0,0.0028318486205105623,0.0013843276729274088,0.995783823706562,nan,nan
10000,0.1,recserve,0.504365109142539,0.8758526612269051,0.25499669630056754,0.010978720463189325,7.475074832493028,44.716477425317,32.23442393753899,0.0,0.0,nan,1.0296414329860881,0.0,0.8994741331985261,0.0907678089738982,0.00975805782757572,32.23442393753899,0.0
10000,0.1,recserve_no_onu,0.5341685064434974,0.8794066419079694,0.4349909992456586,0.10874774981141465,3.8934522176689477,11.308654445558961,77.28185821956171,0.0,0.10052586680147393,nan,1.3412696547665723,0.0,0.8994741331985261,0.0,0.10052586680147393,50.88279160180106,-0.5188211139112546
10000,0.1,static_day,0.504365109142539,0.8758526612269051,0.25499669630056754,0.010978720463189325,7.475074832493028,44.716477425317,32.23442393753899,0.0,0.0,0.7015333709584166,1.0296414329860881,0.0,0.8994741331985261,0.0907678089738982,0.00975805782757572,32.23442393753899,0.0
10000,0.1,static_day_self,0.504365109142539,0.8758526612269051,0.25499669630056754,0.010978720463189325,7.475074832493028,44.716477425317,32.23442393753899,0.0,0.0,0.04201081038912681,1.0296414329860881,0.0,0.8994741331985261,0.0907678089738982,0.00975805782757572,32.23442393753899,0.0
10000,0.1,static_hour,0.5136561466976829,0.8769686596778682,0.31133755593382334,0.04162337826469879,6.34951541894347,37.84519992615964,43.58574960685319,0.0,0.03164087029672079,0.711469997938883,1.4432038240740668,0.0,0.8994741331985261,0.06222230559910901,0.038303561202364916,38.04794521369291,-0.14554805422625816
10000,0.1,static_hour_self,0.504365109142539,0.8758526612269051,0.25499669630056754,0.010978720463189325,7.475074832493028,44.716477425317,32.23442393753899,0.0,0.0,0.036496799705568454,1.0296414329860881,0.0,0.8994741331985261,0.0907678089738982,0.00975805782757572,32.23442393753899,0.0
10000,0.1,broadcast,0.504365109142539,0.8758526612269051,0.25499669630056754,0.010978720463189325,7.475074832493027,44.716477425317,32.234423937539,0.0,0.0,0.01326818381850605,1.0296414329860892,0.0,0.8994741331985261,0.0907678089738982,0.00975805782757572,32.23442393753899,-2.220446049250313e-16
10000,0.1,oracle,0.504365109142539,0.8758526612269051,0.25499669630056754,0.010978720463189325,7.475074832493028,44.716477425317,32.23442393753899,0.0,0.0,0.011937204343086016,1.0296414329860881,0.0,0.8994741331985261,0.0907678089738982,0.00975805782757572,32.23442393753899,0.0
10000,0.1,piggyback,0.504365109142539,0.8758526612269051,0.25499669630056754,0.010978720463189325,7.475074832493028,44.716477425317,32.23442393753899,0.0,0.0,0.059188537310687746,1.0296414329860881,0.0,0.8994741331985261,0.0907678089738982,0.00975805782757572,32.23442393753899,0.0
10000,0.2,recserve,0.5517740846205189,0.8838711858713795,0.5513748267186939,0.04305943301961682,12.217127453493285,57.34859620484893,61.898827507762896,0.0,0.0,nan,1.1244494885747318,0.0,0.7998082551016781,0.16036370314493228,0.0398280417533896,61.898827507762896,0.0
10000,0.2,recserve_no_onu,0.5979310903195485,0.8891120861523463,0.8542650226499896,0.2135662556624974,4.770782763446713,14.042696328853829,112.10083727654964,0.0,0.2001917448983219,nan,1.696672821593404,0.0,0.7998082551016781,0.0,0.2001917448983219,102.23862860330625,-0.09646264633996138
10000,0.2,static_day,0.5517740846205189,0.8838711858713795,0.5513748267186939,0.04305943301961682,12.217127453493285,57.34859620484893,61.898827507762896,0.0,0.0,0.6373482623416826,1.1244494885747318,0.0,0.7998082551016781,0.16036370314493228,0.0398280417533896,61.898827507762896,0.0
10000,0.2,static_day_self,0.5517740846205189,0.8838711858713795,0.5513748267186939,0.04305943301961682,12.217127453493285,57.34859620484893,61.898827507762896,0.0,0.0,0.12348273551712251,1.1244494885747318,0.0,0.7998082551016781,0.16036370314493228,0.0398280417533896,61.898827507762896,0.0
10000,0.2,static_hour,0.5719517300484596,0.8861749163678591,0.684365488287961,0.1179207270113467,8.950537495875746,48.78449403558229,74.73133269729439,0.0,0.08792816774025379,0.38653254393908726,1.8406391788563006,0.0,0.7998082551016781,0.08991078234288175,0.11028096255544015,79.62505736503543,0.0614596061803272
10000,0.2,static_hour_self,0.5517740846205189,0.8838711858713795,0.5513748267186939,0.04305943301961682,12.217127453493285,57.34859620484893,61.898827507762896,0.0,0.0,0.07403486074083122,1.1244494885747318,0.0,0.7998082551016781,0.16036370314493228,0.0398280417533896,61.898827507762896,0.0
10000,0.2,broadcast,0.5517740846205189,0.8838711858713795,0.5513748267186939,0.04305943301961682,12.217127453493283,57.34859620484893,61.89882750776386,0.0,0.0,0.0367073156962439,1.1244494885747365,0.0,0.7998082551016781,0.16036370314493228,0.0398280417533896,61.898827507762896,-1.554312234475219e-14
10000,0.2,oracle,0.5517740846205189,0.8838711858713795,0.5513748267186939,0.04305943301961682,12.217127453493285,57.34859620484893,61.898827507762896,0.0,0.0,0.03424464057546119,1.1244494885747318,0.0,0.7998082551016781,0.16036370314493228,0.0398280417533896,61.898827507762896,0.0
10000,0.2,piggyback,0.5517740846205189,0.8838711858713795,0.5513748267186939,0.04305943301961682,12.217127453493285,57.34859620484893,61.898827507762896,0.0,0.0,0.14442802824723447,1.1244494885747318,0.0,0.7998082551016781,0.16036370314493228,0.0398280417533896,61.898827507762896,0.0
10000,0.3,recserve,0.5942907018534682,0.8915287053819767,0.8954965304244454,0.10081475882796671,16.891438044995382,63.29834969536961,99.25003047722916,0.0,0.0,nan,1.3023783455885118,0.0,0.6997800166666008,0.21030920099051742,0.08991078234288175,99.25003047722916,0.0
10000,0.3,recserve_no_onu,0.6478894238174415,0.8976613598966454,1.2759463469733534,0.31898658674333835,5.634074335351977,15.041417847164029,133.51344030114353,0.0,0.30021998333339917,nan,2.0654159095117395,0.0,0.6997800166666008,0.0,0.30021998333339917,141.91855833383704,0.059224939510180374
10000,0.3,static_day,0.5948041279457822,0.891581861351305,0.8987470724839159,0.10268221886959372,16.795440541586487,63.2713916007232,99.58758178106928,0.0,0.0025444212305638604,0.4853900605725494,1.3149147848872362,0.0,0.6997800166666008,0.20851813381463738,0.09170184951876177,99.67153061977324,0.000842254936609832
10000,0.3,static_day_self,0.5942907018534682,0.8915287053819767,0.8954965304244454,0.10081475882796671,16.891438044995382,63.29834969536961,99.25003047722916,0.0,0.0,0.2920194620988779,1.3023783455885118,0.0,0.6997800166666008,0.21030920099051742,0.08991078234288175,99.25003047722916,0.0
10000,0.3,static_hour,0.61840198103483,0.8942844192844117,1.0667349793247265,0.19894663923128267,11.833822490484062,54.98291931170856,101.7323667809873,0.0,0.135031062278585,1.0990862797612018,2.1159718513194568,0.0,0.6997800166666008,0.11574006421775586,0.1844799191156433,119.04432563285786,0.14542447747792708
10000,0.3,static_hour_self,0.5942907018534682,0.8915287053819767,0.8954965304244454,0.10081475882796671,16.891438044995382,63.29834969536961,99.25003047722916,0.0,0.0,0.13156022820834157,1.3023783455885118,0.0,0.6997800166666008,0.21030920099051742,0.08991078234288175,99.25003047722916,0.0
10000,0.3,broadcast,0.6098534365978018,0.8936827078100676,1.051134239201267,0.14703696569128874,16.379007440455545,62.744078602649424,100.19556020855491,0.04618662643512467,0.0039928752256112735,0.05557211306356783,1.856444387236777,0.0,0.6674726798077417,0.1978062882848014,0.13472103190745693,112.02634825949863,0.10560719183257494
10000,0.3,oracle,0.6098356641561448,0.8936714789404062,1.0505527802022898,0.14684881378825518,16.383742141268616,62.759140670023434,100.00167160141295,0.04601877559725277,0.003931659037681526,0.03841582270724874,1.8613588708028146,0.0,0.6675911627521218,0.19786750447273116,0.13454133277514702,112.01175786994902,0.10722165687713203
10000,0.3,piggyback,0.5942926765692078,0.8915288354968268,0.8955071701928508,0.10082043514836038,16.89119237284616,63.29834969536961,99.25145553185666,0.0,6.911505088842461e-06,0.3058840589047044,1.3024125479885225,0.0,0.6997800166666008,0.21030426420116824,0.08991571913223091,99.2516516316235,1.9757834113232065e-06
10000,0.4,recserve,0.6390782421870371,0.8995407947757461,1.2702141105287894,0.17447796019762954,22.03198299048795,67.59357533427573,136.0186227194271,0.0,0.0,nan,1.547214695253805,0.0,0.6000509476660835,0.24005039474567635,0.15989865758824018,136.0186227194271,0.0
10000,0.4,recserve_no_onu,0.6939111614883038,0.9054446750234059,1.6917676194011873,0.4229419048502968,6.506952058097275,15.998225750015767,148.2041669338989,0.0,0.39994905233391653,nan,2.4454985911098577,0.0,0.6000509476660835,0.0,0.39994905233391653,171.89419839597645,0.13781751614155735
10000,0.4,static_day,0.6936811071046323,0.9054183667539731,1.6899219533098209,0.42186017334054765,6.575143634100169,16.07571416800381,147.96611249836835,0.0,0.3981945173992204,6.674360114429547,2.4464959937213533,0.0,0.6000509476660835,0.001042649910545377,0.39890640242337116,171.7697320935114,0.13857866170615185
10000,0.4,static_day_self,0.6939072120568244,0.9054440418810862,1.69172639326069,0.4229170984711751,6.508731572006841,16.000568251929725,148.19677658585718,0.0,0.399904621229774,3.624833057996259,2.4455671959791854,0.0,0.6000509476660835,2.3696588876031296e-05,0.3999253557450405,171.89206163541905,0.1378497926205533
10000,0.4,static_hour,0.6719483730317021,0.9030783828422738,1.5227845545633705,0.3233456986741759,12.733122515970196,55.75032562814654,129.74810031892312,0.0,0.23972851608011025,3.073798158813106,2.4834167458696723,0.0,0.6000509476660835,0.09617951745846186,0.30376953487545466,158.0283444293464,0.1789567828008678
10000,0.4,static_hour_self,0.7641478509168605,0.916171452426381,2.565196892982255,0.5640871195216448,16.03193848982609,60.72511102701095,122.22180182199412,0.4467024221863263,0.005413683200303316,0.13944058448302077,4.787496224711559,0.0,0.3320445021939092,0.12952259272277755,0.5384329050833132,208.49600823215656,0.41379308477742005
10000,0.4,broadcast,0.7958835075690854,0.9202260319129445,2.8760360879301423,0.6722548410156357,12.929899750216677,52.5018500197429,128.25753145508835,0.5365184181737039,0.054722335219845104,0.034276921813367424,4.903050168561542,0.0,0.278146610795376,0.07840115165421938,0.6434522375504046,223.863881244087,0.4270735826506802
10000,0.4,oracle,0.8012991654851284,0.9209784594341857,2.9358491336922055,0.6888225856138009,12.810564218637024,52.02866528999917,128.57823799011499,0.5588722003467601,0.05026145236393221,0.007071616018242597,4.976099608196181,0.0,0.26470274603970756,0.07571850032187867,0.6595787536384138,226.48595025633395,0.4322904451927735
10000,0.4,piggyback,0.6439261693279252,0.9000647880256236,1.307990009913073,0.19664566095710523,20.65458423804544,67.08296763682024,137.25517803250122,0.00016093933278304588,0.03533753816138167,1.3880203300673757,1.6650187360276274,0.0,0.5999610980999285,0.21875407285121307,0.18128482904885843,139.26477734367103,0.014430061566900076
10000,0.5,recserve,0.6873748523899985,0.9071147571802824,1.663778693607055,0.2662915430823733,27.146727107539775,71.68491654061671,168.35785967357995,0.0,0.0,nan,1.8646698059478524,0.0,0.5002261049521921,0.24997827812686363,0.24979561692094424,168.35785967357995,0.0
10000,0.5,recserve_no_onu,0.7404868069241433,0.9124247414107663,2.101898242897935,0.5254745607244837,7.382570437902648,16.414507875110562,158.63753313583928,0.0,0.4997738950478079,nan,2.833695924782569,0.0,0.5002261049521921,0.0,0.4997738950478079,197.03770077165402,0.19488741233494444
10000,0.5,static_day,0.7404354643149119,0.9124197608060434,2.1014974585408432,0.5252367447205976,7.400131877965437,16.43683077209428,158.60462440910814,0.0,0.49933649551147113,11.926937592086135,2.8338720828530053,0.0,0.5002261049521921,0.00022709231006196658,0.4995468027377459,197.01283714338055,0.19495284313031824
10000,0.5,static_day_self,0.9166956291641818,0.9365006185460566,4.154212722303624,1.0385378079075518,8.93161771966685,14.179066649102605,169.49078176015857,0.9994204209304071,0.00022610495219213195,3.885130500590864,4.871487743466404,0.0,0.0003060809396487376,2.4683946745865933e-05,0.9996692351136054,nan,nan
10000,0.5,static_hour,0.7347611186369722,0.911994842039142,2.0676653212270093,0.4882662973289995,11.213141722931457,48.52697645159738,149.4016405145503,0.024175457442901095,0.3920245180706237,5.827860659087595,3.0070730484101897,0.0,0.48811813539440996,0.04785921066662454,0.46402265393896547,193.99524703067596,0.2298695828824826
10000,0.5,static_hour_self,0.8239965481968871,0.9240319508278958,3.091470953906185,0.7563852808638196,10.392947758475247,33.972070110230526,143.92245963601766,0.5053643153068116,0.1921852599318328,0.3608577999581557,4.574542755767403,0.0,0.24744965462221713,0.027542347779037208,0.7250079975987457,237.4752159725662,0.3939474523832247
10000,0.5,broadcast,0.8650420022037828,0.929656403518984,3.5703618153166854,0.8746224442241539,10.939157888636569,37.447188298745445,144.95492826958656,0.7407504314753891,0.0695396147724535,0.05049157781163043,5.137821890439762,0.0,0.1296943929921288,0.030048262052677518,0.8402573449551937,255.94333140311522,0.43364444201408003
10000,0.5,oracle,0.8644268782508758,0.9295501851634271,3.5613557529393645,0.8733004065939708,10.807494593549283,35.653562864109574,145.163374922885,0.7351007697441954,0.07545783784424231,0.004802829986719651,5.114305161919991,0.0,0.1325202112155955,0.028505021702125977,0.8389747670822785,255.67105949535366,0.4322260203817747
10000,0.5,piggyback,0.7567318059565326,0.9149767399569804,2.32174960604421,0.5528735599385468,11.245666084956389,47.62225021864944,160.22691820712376,0.14621289015446226,0.3347390018206879,4.3280560075784065,3.0947111744513425,0.0,0.42701845569330293,0.04604642161760814,0.5269351226890889,204.90464838672864,0.218041564851579
10000,0.6,recserve,0.7395122847066165,0.9144377973074879,2.0982367782907647,0.3821346440179936,32.31745101359123,73.77763861982693,196.56576998115509,0.0,0.0,nan,2.282235107211465,0.0,0.4003894139438628,0.24006125568224454,0.3595493303738927,196.56576998115509,0.0
10000,0.6,recserve_no_onu,0.7826450132503426,0.918716577076643,2.5141621715554043,0.6285405428888511,8.263754085398135,16.828327945890027,166.54595712914033,0.0,0.5996105860561373,nan,3.2258818994490244,0.0,0.4003894139438628,0.0,0.5996105860561373,217.45360846438217,0.23410810100941715
10000,0.6,static_day,0.7826420511767331,0.9187161531496716,2.514126962373766,0.6285182710573813,8.266038785092181,16.830401946210436,166.54094337657946,0.0,0.5995572687311661,16.59717540168244,3.225982597892591,0.0,0.4003894139438628,2.172187313636202e-05,0.5995888641830008,217.45217402428946,0.23412610555010227
10000,0.6,static_day_self,0.9167864660882066,0.936513604528907,4.155253940545259,1.0388005517355778,8.93231543251214,14.177694009104743,169.59245390801678,0.9998667066875723,3.3570167574377665e-05,3.8814502646193825,4.869555295787633,0.0,5.430468284090505e-05,2.0734515266527384e-05,0.9999249608018925,nan,nan
10000,0.6,static_hour,0.8138218253482411,0.9229031628076344,2.898568216555227,0.7186375359891944,9.472491803773913,17.876472874812325,160.80198107617622,0.24483315626715535,0.427555578374493,9.337206224028675,3.8458426463311324,0.0,0.3023289797433659,0.01011350666071619,0.6875575135959179,232.548976925856,0.30852423776757787
10000,0.6,static_hour_self,0.8863462229612047,0.9325006681398103,3.782861700783172,0.9401862818472281,9.748780960377141,16.15136754324194,154.76019020896058,0.7829718287052578,0.10681237435871106,0.4690299398586742,5.00675268270624,0.0,0.08689736612414643,0.00933645601715633,0.9037661778586973,nan,nan
10000,0.6,broadcast,0.8929684321941856,0.9333961212832792,3.864691985813642,0.9591054488331404,10.036207923688512,16.60864747782881,154.90654691483553,0.8354113925300453,0.06898570700747628,0.058543609880676466,5.096619126670185,0.0,0.06586071934944965,0.011931232499081757,0.9222080481514686,nan,nan
10000,0.6,oracle,0.8928904309224687,0.9333860116579284,3.8637881880403313,0.9588752700423774,10.034879928780516,16.61050414813216,154.89268595390234,0.8348209525238842,0.0693658397873626,0.003221163371805003,5.096011576258775,0.0,0.06609274844886079,0.011934194572691261,0.921973056978448,nan,nan
10000,0.6,piggyback,0.853014995991327,0.9280854807769405,3.3766996615337224,0.8343424838369516,10.28444567099385,18.67980517331111,166.06978405047994,0.542530440243127,0.2329108099889021,3.475687527092823,4.235045534191757,0.0,0.18319042973763927,0.016578725992393396,0.8002308442699674,250.61982561107078,0.3373637394984125
10000,0.7,recserve,0.789007547363557,0.9212353614147524,2.5634455906572247,0.5156635795277269,37.73990416231777,76.9635390532434,220.53478578350578,0.0,0.0,nan,2.7798424894536597,0.0,0.300501380326302,0.21004853851288108,0.4894500811608169,220.53478578350578,0.0
10000,0.7,recserve_no_onu,0.8249967417190296,0.9244453103815932,2.9256653251764413,0.7314163312941103,9.159672682358462,17.16482626213131,172.6724932551849,0.0,0.699498619673698,nan,3.6281993110658495,0.0,0.300501380326302,0.0,0.699498619673698,237.95947411466398,0.2743617630791185
10000,0.7,static_day,0.9112641735222214,0.9357872122562547,4.081436556332716,1.0203435037776312,8.94544155539528,14.406864666412218,169.8584496913263,0.9399409954936987,0.04196567154158159,27.850218819200585,4.797327157792643,0.0,0.018033104134659816,2.567130461570057e-05,0.9819412245607245,nan,nan
10000,0.7,static_day_self,0.9167953523090351,0.9365149331266309,4.155356311783919,1.0388281799834913,8.932224372454078,14.177432303060776,169.59616670873467,0.9999081757181054,1.9747157396692745e-05,3.881740947272249,4.869553655118077,0.0,3.159545183470839e-05,1.7772441657023472e-05,0.9999506321065083,nan,nan
10000,0.7,static_hour,0.8672112274438095,0.9300054722072011,3.4902001749598144,0.8720230084004408,9.205983224942566,16.163401526498447,165.46377410687032,0.46053826801631903,0.3744495479875672,12.525000626739104,4.400535060115092,0.0,0.16209454149075242,0.000884672651371835,0.8370207858578758,256.9034941340176,0.3559302310596304
10000,0.7,static_hour_self,0.9085173439283415,0.9354274658983573,4.043020126302819,1.01031972622541,9.06264074080174,14.598157077195733,162.61500948831684,0.9095313604606617,0.06088937247483225,0.47748802338273616,4.989582703037042,0.0,0.027139505768144674,0.0007345942551569702,0.9721258999766984,nan,nan
10000,0.7,broadcast,0.9080572351609986,0.9353696423939111,4.037210793006347,1.0087267467348076,9.093663753341115,14.641834297706373,162.71798248364004,0.9051632892445133,0.06320077724811514,0.06270165592428291,4.982503218591128,0.0,0.028469476818811932,0.0009626739230887714,0.9705678492580992,nan,nan
10000,0.7,oracle,0.9076692035181536,0.9353069183188417,4.0307939384125655,1.0073527711185974,9.044624610310597,14.619176936126312,162.6858589374382,0.8993477513911873,0.06851078787208581,0.0016072440285996327,4.975870713085654,0.0,0.030212163459070067,0.0005805664274627667,0.9692072701134672,nan,nan
10000,0.7,piggyback,0.8945501795016607,0.9335689350618281,3.8549133020801656,0.96006913282333,9.822479995633325,16.263722743829682,168.59704857881454,0.7635998672991023,0.14494808472320408,2.9378266834257394,4.663811855873423,0.0,0.07101571478785629,0.006136429161022271,0.9228478560511214,nan,nan
10000,0.8,recserve,0.8312240078040766,0.927474663453897,3.052026686308506,0.6650581968475637,43.38950325535072,80.85209471245318,240.97449494606624,0.0,0.0,nan,3.3623383085155734,0.0,0.20057483975181772,0.16037357672363065,0.6390515835245516,240.97449494606624,0.0
10000,0.8,recserve_no_onu,0.8544318545345397,0.929432088643296,3.33650617888555,0.8341265447213875,10.0639791193146,17.528944136276372,177.64895392158078,0.0,0.7994251602481822,nan,4.033622553450902,0.0,0.20057483975181772,0.0,0.7994251602481822,251.246968769398,0.2929309563745133
10000,0.8,static_day,0.9167756051516385,0.9365130617074916,4.155139138471017,1.0387638427573351,8.936026467145007,14.181336135417222,169.59966659056533,0.9996475132404691,0.00022116816284295876,28.21090901110503,4.869481561071075,0.0,7.602655597726707e-05,3.653224118388158e-05,0.9998874412028389,nan,nan
10000,0.8,static_day_self,0.9168032511719938,0.9365157593996859,4.155435732876253,1.0388505278415174,8.932149881262568,14.177187767997385,169.60113242079123,0.9999496447486385,0.0,3.88136617970242,4.86949217053743,0.0,1.3823010177684922e-05,1.3823010177684922e-05,0.9999723539796447,nan,nan
10000,0.8,static_hour,0.9137542900699445,0.9361644880584835,4.114621484512304,1.0286345828018058,8.99578072720555,14.398503225269046,168.61691878392548,0.9500969585428177,0.03979545894368506,19.14403279749005,4.871542792499637,0.0,0.009983175421898019,3.4557525444212305e-05,0.9899822670526578,nan,nan
10000,0.8,static_hour_self,0.9139487995703018,0.9361907653518292,4.117564583078266,1.0293720315085642,8.992403913481954,14.380935618141665,166.45900917466227,0.9537649930292534,0.036803764598086104,0.48269205529649795,4.937862672441245,0.0,0.009296961702362945,3.258280970454303e-05,0.9906704554879325,nan,nan
10000,0.8,broadcast,0.9156944482841695,0.9363880262611249,4.140695820711609,1.0351534423244773,8.959550568055194,14.261099977559104,168.452191459284,0.981699321882615,0.014505274465740656,0.06361778834990957,4.893805429817827,0.0,0.00364729997116915,3.4557525444212305e-05,0.9963181425033867,nan,nan
10000,0.8,oracle,0.9166679831438265,0.936501158889272,4.153733259347316,1.038412637588319,8.938378755621953,14.189683597884141,169.47875010437104,0.9979245737576076,0.0015264552667643492,2.775429935437695e-05,4.872093873764849,0.0,0.000424563884028894,3.4557525444212305e-05,0.9995408785905269,nan,nan
10000,0.8,piggyback,0.9135795277269837,0.9361532990652338,4.112678014699784,1.0263123565862695,9.618940810884368,15.000801540305838,170.63896900960452,0.9541895569132823,0.021386171460618244,2.655246001639027,4.837601979672911,0.0,0.00918539026307163,0.0030341507340018404,0.9877804590029265,nan,nan
10000,0.9,recserve,0.8723711596715653,0.9330180178485847,3.5932394816766124,0.8413350993874431,49.334466365225666,84.32113537718682,259.1874315175841,0.0,0.0,nan,4.067760565291472,0.0,0.10068088198703797,0.09046962689720815,0.8088494911157539,259.1874315175841,0.0
10000,0.9,recserve_no_onu,0.8864548323268866,0.9337435246787067,3.7432957966200764,0.9358239491550191,10.981578152358916,17.849595199582954,181.76913151653432,0.0,0.899319118012962,nan,4.44520856877501,0.0,0.10068088198703797,0.0,0.899319118012962,nan,nan
10000,0.9,static_day,0.9168042385298636,0.9365161573505079,4.155454830352171,1.0388602019739257,8.931942950304109,14.177398918638936,169.60436461936484,0.9999111377917149,4.739317775206259e-05,28.219840419161976,4.8694329952370605,0.0,1.1848294438015648e-05,5.924147219007824e-06,0.999982227558343,nan,nan
10000,0.9,static_day_self,0.9168062132456033,0.9365163301248325,4.155476402146911,1.0388655949226109,8.931843104479299,14.176859627314842,169.60389818883024,0.9999634677588162,0.0,3.881584381376632,4.869452733265071,0.0,6.911505088842461e-06,5.924147219007824e-06,0.9999871643476922,nan,nan
10000,0.9,static_hour,0.9167815292988575,0.9365138782748499,4.15513020485701,1.0387754145915697,8.935982990408684,14.183085387735627,169.58482353572654,0.9991439607268534,0.0007118850241507735,19.3036559853275,4.870084572844797,0.0,8.688749254544808e-05,1.2835652307850284e-05,0.9999002768551467,nan,nan
10000,0.9,static_hour_self,0.9167923902354256,0.9365150478553183,4.155280427407475,1.038815280152922,8.934214398583622,14.180785334133542,169.58735057025373,0.9993799392577438,0.0005094766608346728,0.4833955654779232,4.870010070321654,0.0,5.726675645040896e-05,7.898862958677098e-06,0.9999348343805909,nan,nan
10000,0.9,broadcast,0.916784491372467,0.9365141184848365,4.155146944522335,1.0387822698172597,8.934904380791112,14.182572124525903,169.57485224002784,0.9991143399907584,0.0007375563287664741,0.06351474727765327,4.870350202748821,0.0,8.9849566154952e-05,7.898862958677098e-06,0.9999022515708864,nan,nan
10000,0.9,oracle,0.9167914028775558,0.936514671168688,4.155221533485254,1.0388009170579895,8.934578436666696,14.181455162400377,169.5794213166146,0.9992733046078017,0.0005963641533801209,6.0468214390298476e-06,4.870233485407743,0.0,7.306448236776315e-05,7.898862958677098e-06,0.9999190366546735,nan,nan
10000,0.9,piggyback,0.9159817694242913,0.9364455974487891,4.144747550365125,1.0353499729463944,9.530084737953352,14.753598723537289,170.86563236006396,0.9792585732283837,0.005615104205749582,2.620461373882716,4.858789573309056,0.0,0.002091223968309762,0.001327996334927587,0.9965807796967626,nan,nan
20000,0.1,recserve,0.5036760768416084,0.8758227330194502,0.25549553158827937,0.01102242585371852,7.4879642579403525,44.716477425317,32.06950304836183,0.0,0.0,nan,1.061539926473225,0.0,0.8994577613118447,0.0907560600230858,0.009786178665069437,32.06950304836183,0.0
20000,0.1,recserve_no_onu,0.5332740982852247,0.8793488738927435,0.4345746440938823,0.10864366102347058,3.897440492529105,11.334919048296461,64.29977931127648,0.0,0.10054223868815523,nan,1.7055853944002606,0.0,0.8994577613118447,0.0,0.10054223868815523,49.0151942773178,-0.3118336111753768
20000,0.1,static_day,0.533150141013792,0.8793354127185288,0.43385813139867435,0.10825166400241172,3.9121841673794133,11.348759662963564,64.19970502132993,0.0,0.10013367552151303,0.5533626869434765,1.7041956609711835,0.0,0.8994577613118447,0.00036046774532631505,0.10018177094282893,48.9442252886885,-0.31169110641060915
20000,0.1,static_day_self,0.5036760768416084,0.8758227330194502,0.25549553158827937,0.01102242585371852,7.4879642579403525,44.716477425317,32.06950304836183,0.0,0.0,0.07040756740412503,1.061539926473225,0.0,0.8994577613118447,0.0907560600230858,0.009786178665069437,32.06950304836183,0.0
20000,0.1,static_hour,0.6578174396972666,0.8981279923060839,1.672948139252607,0.4032351429772752,6.900726614002595,15.504338445793822,48.01675951999602,0.346292983423442,0.03723378936387112,1.3549290599467834,9.724077739704045,0.0,0.5879675172449356,0.02573600869485885,0.38629647406020556,121.29686929274914,0.6041385090978078
20000,0.1,static_hour_self,0.5036760768416084,0.8758227330194502,0.25549553158827937,0.01102242585371852,7.4879642579403525,44.716477425317,32.06950304836183,0.0,0.0,0.051918614812862744,1.061539926473225,0.0,0.8994577613118447,0.0907560600230858,0.009786178665069437,32.06950304836183,0.0
20000,0.1,broadcast,0.5036760768416084,0.8758227330194502,0.25549553158827937,0.01102242585371852,7.487964257940352,44.716477425317,32.06950304836199,0.0,0.0,0.02254698420309864,1.0615399264732224,0.0,0.8994577613118447,0.0907560600230858,0.009786178665069437,32.06950304836183,-4.884981308350689e-15
20000,0.1,oracle,0.5036760768416084,0.8758227330194502,0.25549553158827937,0.01102242585371852,7.4879642579403525,44.716477425317,32.06950304836183,0.0,0.0,0.02065250641746411,1.061539926473225,0.0,0.8994577613118447,0.0907560600230858,0.009786178665069437,32.06950304836183,0.0
20000,0.1,piggyback,0.5036760768416084,0.8758227330194502,0.25549553158827937,0.01102242585371852,7.4879642579403525,44.716477425317,32.06950304836183,0.0,0.0,0.09409198522081462,1.061539926473225,0.0,0.8994577613118447,0.0907560600230858,0.009786178665069437,32.06950304836183,0.0
20000,0.2,recserve,0.5509295803699281,0.8838289912772448,0.552444217244539,0.043196601190783133,12.242218922823694,57.34859620484893,59.12344926577,0.0,0.0,nan,1.2577791655858566,0.0,0.7996121624891414,0.16049640424747028,0.03989143326338838,59.12344926577,0.0
20000,0.2,recserve_no_onu,0.5970397020265527,0.8890529650560849,0.8549427595070269,0.21373568987675673,4.785721598534965,14.118936857159918,82.54816573768572,0.0,0.20038783751085865,nan,2.4678240347306177,0.0,0.7996121624891414,0.0,0.20038783751085865,90.28350732739226,0.08567834611980796
20000,0.2,static_day,0.5970183813758662,0.8890507109435903,0.8548044509585369,0.21365695469708806,4.7891748970778005,14.121932352954756,82.53064601444758,0.0,0.20029710078816992,2.757049123401009,2.4678732033196122,0.0,0.7996121624891414,7.189521743097068e-05,0.2003159422934277,90.271604724222,0.08575186774870014
20000,0.2,static_day_self,0.5509295803699281,0.8838289912772448,0.552444217244539,0.043196601190783133,12.242218922823694,57.34859620484893,59.12344926577,0.0,0.0,0.2436324464095998,1.2577791655858566,0.0,0.7996121624891414,0.16049640424747028,0.03989143326338838,59.12344926577,0.0
20000,0.2,static_hour,0.7290527086151295,0.9089572196379394,2.254028220608243,0.5432844685505527,8.50283862874176,18.447287949160735,63.62117010078591,0.44325434445444917,0.06888206407698441,1.4876724520343647,8.975978505980022,0.0,0.4451860945724565,0.034200802846455616,0.5206131025810878,146.5027152566993,0.5657338501248247
20000,0.2,static_hour_self,0.5509295803699281,0.8838289912772448,0.552444217244539,0.043196601190783133,12.242218922823694,57.34859620484893,59.12344926577,0.0,0.0,0.11473455726702064,1.2577791655858566,0.0,0.7996121624891414,0.16049640424747028,0.03989143326338838,59.12344926577,0.0
20000,0.2,broadcast,0.5620024355124691,0.8854323248323135,0.6619447557149261,0.07353145539719877,12.14375373004522,56.748167235319045,59.693844288745275,0.03024854920409515,0.000218660626807297,0.03405704927405299,2.120753806495752,0.0,0.7754137197891338,0.15547712641261707,0.06910915379824913,66.71375655024185,0.10522435888031445
20000,0.2,oracle,0.5622543166880204,0.8854687317771289,0.6645096518089828,0.07422210663895312,12.1428093139741,56.748167235319045,59.73288845919899,0.030971468011090703,0.0001844484198918696,0.029498484779873844,2.1367905959954947,0.0,0.7748345914170002,0.15538886883535696,0.06977653974764284,66.88641802706938,0.10695040605964745
20000,0.2,piggyback,0.5509300761990139,0.8838289980633284,0.5524450135460507,0.043197502608060996,12.242175553328869,57.34859620484893,59.12381538446248,0.0,9.916581714616645e-07,0.2763056706202685,1.2577777633401768,0.0,0.7996121624891414,0.1604954125892988,0.03989242492155984,59.12378915056694,-4.4371133722798106e-07
20000,0.3,recserve,0.5935193155178637,0.8914581850835087,0.8960057169093585,0.10090473189529676,16.91034259898476,63.29834969536961,88.31819378068107,0.0,0.0,nan,1.62441539416982,0.0,0.6998662253126698,0.2102097158701007,0.08992405881722947,88.31819378068107,0.0
20000,0.3,recserve_no_onu,0.6471030689837091,0.897584665353253,1.2760939695283278,0.31902349238208194,5.662143031478455,15.155875450720918,91.69044743046518,0.0,0.30013377468733016,nan,3.238337456471465,0.0,0.6998662253126698,0.0,0.30013377468733016,116.9053184372742,0.21568626084653375
20000,0.3,static_day,0.6470951357183373,0.8975839158368298,1.2760507302570774,0.31899791751783996,5.663467413893419,15.15730755175295,91.68261592074512,0.0,0.300099066651329,6.661535633530294,3.238552744074804,0.0,0.6998662253126698,2.429562520081078e-05,0.30010947906212937,116.90206679149291,0.21573143711590081
20000,0.3,static_day_self,0.5935193155178637,0.8914581850835087,0.8960057169093585,0.10090473189529676,16.91034259898476,63.29834969536961,88.31819378068107,0.0,0.0,0.7277082799734668,1.62441539416982,0.0,0.6998662253126698,0.2102097158701007,0.08992405881722947,88.31819378068107,0.0
20000,0.3,static_hour,0.7598580738825004,0.9140654427831091,2.5075408801164603,0.6086854936276046,9.074358934967895,19.029266234184597,76.23662293567737,0.44696810430657313,0.12167943261286061,1.5859269195127086,7.985019999260522,0.0,0.3870337719106873,0.03104584237395033,0.5819203857153624,155.62499824461054,0.5101261121568075
20000,0.3,static_hour_self,0.7382741379515515,0.911599388730465,2.3552375269235197,0.5208167068618779,13.635086210810462,55.03315768632125,73.00853869535067,0.44744013359618884,0.0,0.036636182761246305,8.894295694630614,0.0,0.3867025580814191,0.11616333403410511,0.49713410788447576,149.4196207833626,0.5113858654399694
20000,0.3,broadcast,0.8362787233789364,0.9253003696106623,3.3454884065243173,0.8065442800165012,11.173608867785351,41.1147526560468,73.45725222684061,0.7502498978592084,0.002217347671388282,0.006209966211835915,10.676667333070778,0.0,0.1747966109090332,0.05094594272975728,0.7742574463612095,178.39172539237725,0.5882250027837924
20000,0.3,oracle,0.8363699559307108,0.9253103394161669,3.3462674521921594,0.8067791051673324,11.170645904188085,40.97587447614829,73.45146475189048,0.750447733664415,0.0022649472636184415,0.0018138092787083843,10.678646851412172,0.0,0.17464637469605676,0.05087999746135508,0.7744736278425881,178.41939321546943,0.5883212949660337
20000,0.3,piggyback,0.5965547811807079,0.8918123596430012,0.9181273061010777,0.1133618996997259,16.275339256187596,62.84185534884983,89.43428063783493,0.0002464270556082236,0.016850255649476602,0.9491258011044522,1.7378180928834512,0.0,0.6996852476963781,0.19837477142279147,0.10193998088083045,90.01279230645093,0.006426993917113988
20000,0.4,recserve,0.6381612872516392,0.8994733577305719,1.2713511183920856,0.17467041794425292,22.06905645748212,67.64320124489727,113.24030718605319,0.0,0.0,nan,2.143365851369072,0.0,0.599980960163108,0.2401533301864714,0.15986570965042066,113.24030718605319,0.0
20000,0.4,recserve_no_onu,0.6931100581905015,0.9053844377903261,1.692967503361721,0.42324187584043027,6.558356405048501,16.207930297381274,97.27262180171347,0.0,0.4000190398368921,nan,4.034010971806282,0.0,0.599980960163108,0.0,0.4000190398368921,135.13340233983612,0.2801733685570176
20000,0.4,static_day,0.6931050998996442,0.9053838099480022,1.692931350479764,0.4232205765103946,6.559561266110215,16.209751171126758,97.26767950995627,0.0,0.3999873067754053,9.282487458854384,4.034200650243828,0.0,0.599980960163108,2.0824821600694955e-05,0.39999821501529137,135.13183394241344,0.28020158779605564
20000,0.4,static_day_self,0.9166630305867046,0.9364886094431566,4.1556915953003335,1.038910637715537,9.265094724268941,14.742944538779556,94.78173248259806,0.9999261214662261,0.0,1.974802268814941,9.055597498558797,0.0,4.214547228712074e-05,2.0824821600694955e-05,0.9999370297061122,nan,nan
20000,0.4,static_hour,0.7890009242254158,0.9188733141223476,2.7659085542417188,0.6779337463259065,9.380352662786429,18.560914138564836,84.66997318973574,0.45179152965256264,0.1814863369337136,2.369534000161361,7.737470525991261,0.0,0.3289107031649762,0.022701038861100423,0.6483882579739234,163.9972470166168,0.4837110089954335
20000,0.4,static_hour_self,0.8567663812013344,0.9283882933658645,3.5207739029285645,0.8607667243150617,10.819747729309967,32.44931134262181,80.39719234724569,0.7652348444881656,0.03963707294240846,0.09808436265178738,9.973153413837275,0.0,0.14085909330710067,0.03257299595800129,0.826567910734898,184.6049560998164,0.5644906071548008
20000,0.4,broadcast,0.8907177820176674,0.9329943310056128,3.8821989583622565,0.9593865870299044,10.253602001181225,16.87388359550386,81.1031318040002,0.9021054886296475,0.007957065167808395,0.011511304078347615,10.372542634617197,0.0,0.05872599691395977,0.018734902004339495,0.9225391010817008,nan,nan
20000,0.4,oracle,0.8902383152917657,0.932929623276415,3.8768682909366414,0.957945855463838,10.260855455733218,16.907075553201132,81.05466368892577,0.9001008516360377,0.008445952646338996,0.0011362046331157443,10.372116532791123,0.0,0.05993730737040019,0.018914392133374057,0.9211483004962258,nan,nan
20000,0.4,piggyback,0.8090621690340852,0.9217879551978821,2.9964104959084183,0.7271256520152477,10.38067806159661,37.53025571921134,96.64417300327278,0.5554847621805373,0.11653173504480312,2.389583853428313,6.981932187290206,0.0,0.2666876237093569,0.03681729293185722,0.6964950833587858,170.10805386113475,0.43186597689156525
20000,0.5,recserve,0.6863866157879914,0.9070566090767334,1.6650254608235522,0.26652509985997785,27.195995174762004,71.81579100584133,133.006655434709,0.0,0.0,nan,2.8164851211178856,0.0,0.5001204864678326,0.2500892492354316,0.24979026429673587,133.006655434709,0.0
20000,0.5,recserve_no_onu,0.7398682284621761,0.9123764365531412,2.103222480494084,0.525805620123521,7.460817760016981,16.64592161838203,100.94908696004607,0.0,0.4998795135321674,nan,4.840704308752145,0.0,0.5001204864678326,0.0,0.4998795135321674,149.88668104403226,0.32649728276797174
20000,0.5,static_day,0.8888455313899477,0.9326748332026692,3.8313389705794854,0.9578259535784976,8.982821870344198,15.091502164929851,95.52662967133485,0.8418354799427218,0.07904755199263792,15.033584351771243,8.469285244816744,0.0,0.07908969746492506,1.4874872571924968e-05,0.920895427662503,nan,nan
20000,0.5,static_day_self,0.9166719555102478,0.9364898779324216,4.155773197859605,1.0389345103985277,9.265029751974536,14.74276966715697,94.78488219066787,0.9999474421169126,0.0,1.9747431214046596,9.055421235924216,0.0,2.5287283372272445e-05,1.4874872571924968e-05,0.9999598378440558,nan,nan
20000,0.5,static_hour,0.825606498137666,0.924166165758371,3.108678869351019,0.7673959894368572,9.773977580925122,18.161751260329037,89.51334958541736,0.5036825226197229,0.21550764965113464,3.9366931949035973,8.05740522660815,0.0,0.24820757785508304,0.01633608088757373,0.7354563412573433,175.14758159175835,0.4889261457571308
20000,0.5,static_hour_self,0.89679168831787,0.9338561584739858,3.9323434727075837,0.9758378772763513,10.084493431299528,16.261091964319338,84.41366080667842,0.9013191036996783,0.025143492937410503,0.10923171184102383,10.024753857519425,0.0,0.049337969004732196,0.012118558684347271,0.9385434723109205,nan,nan
20000,0.5,broadcast,0.9018253451962095,0.9345270276343406,3.9892587365084906,0.9912049494650996,9.97211717219119,15.88215696113689,85.13443154842581,0.9274488006886075,0.01587148903424394,0.012902331528554257,9.994568035458697,0.0,0.03627138510846757,0.010223004089598298,0.9535056108019341,nan,nan
20000,0.5,oracle,0.902087638782561,0.9345618168138241,3.9922109048682484,0.9919921624296419,9.96830478232773,15.867807409222038,85.14301741868417,0.92885150117214,0.015324093723597101,0.0010997512632489,9.99693843424322,0.0,0.035569291123072715,0.010147142239481481,0.9542835666374458,nan,nan
20000,0.5,piggyback,0.8677579203738155,0.9299612059343619,3.601055156027497,0.8881406929905633,10.372388491855464,18.286161466921914,95.72469564479115,0.7466293538752018,0.08630648980773731,1.8456084245869382,8.239463246571638,0.0,0.12672300607291465,0.02021941428701761,0.8530575796400678,187.93832730800884,0.49065899959879056
20000,0.6,recserve,0.738597418515448,0.9143670986212371,2.099708377131569,0.38243525364632713,32.39038402470188,74.04488067003714,149.52188029532005,0.0,0.0,nan,3.6890584600675216,0.0,0.4003368662808455,0.24011911797955598,0.3595440157395985,149.52188029532005,0.0
20000,0.6,recserve_no_onu,0.782217982332618,0.9186654421523437,2.515454252825234,0.6288635632063085,8.375829456594786,17.0885779970872,103.70951637356605,0.0,0.5996631337191545,nan,5.652622436740196,0.0,0.4003368662808455,0.0,0.5996631337191545,162.0436695532046,0.3599903244630326
20000,0.6,static_day,0.9163957787094957,0.9364522334730118,4.152278278124418,1.0380616181679712,9.263022800332175,14.750208148732774,94.81472217320469,0.9977796773540973,0.0013134512481009746,15.379029263397978,9.047513110905115,0.0,0.0008805924562579581,1.2891556229001639e-05,0.999106515987513,nan,nan
20000,0.6,static_day_self,0.9166754263138479,0.9364902738479328,4.155804743497697,1.038943234511291,9.265017098710995,14.742730065551577,94.78664344324991,0.99995587121137,0.0,1.9744333323271228,9.055297325864979,0.0,1.7849847086309962e-05,1.2891556229001639e-05,0.9999692585966847,nan,nan
20000,0.6,static_hour,0.8740252000174532,0.9308828415802823,3.6393981259643873,0.9041633345299342,10.032277212182107,17.03000275132059,91.0337047402117,0.6950695747373098,0.1588690931881017,6.7313900923229975,8.891431034815561,0.0,0.12206320432521628,0.009613630143235106,0.8683231655315486,nan,nan
20000,0.6,static_hour_self,0.9082101363331654,0.9353765024327987,4.053111641868601,1.011221845337025,9.580618863757271,15.284814945119432,88.89761774094302,0.9410047678924884,0.02674402922614963,0.09870344453311995,9.594011882273762,0.0,0.02360890191707358,0.0034683244546871717,0.9729227736282392,nan,nan
20000,0.6,broadcast,0.9085220128280901,0.9354324724862119,4.058111099431581,1.0111216442287478,9.814564142825736,15.530727825732894,88.45945362837901,0.9464574003482703,0.01777249774893595,0.015065394317717836,9.691216160091853,0.0,0.02143469137614388,0.005746659103620345,0.9728186495202358,nan,nan
20000,0.6,oracle,0.9085993621654641,0.9354406962358596,4.058866330428436,1.0114862714842743,9.78445971920552,15.49496359352487,88.50526559404706,0.9466423445972479,0.018388813302499377,0.0009493967663105848,9.681430457793246,0.0,0.021366266962313023,0.005450153310353308,0.9731835797273337,nan,nan
20000,0.6,piggyback,0.8927417563456206,0.9333556445945678,3.8660784540445774,0.9599224959639513,10.218879533502133,16.91088886435609,95.55401057297033,0.8346925661336835,0.07138005101089634,1.653900730488942,8.716085781610339,0.0,0.06614508752375022,0.011135825436428761,0.922719087039821,nan,nan
20000,0.7,recserve,0.7886330190438036,0.9211966435029924,2.5648217920849814,0.515924575966966,37.854411389475395,77.78608624410316,163.88518031670006,0.0,0.0,nan,4.726387514012279,0.0,0.300364335212195,0.21017302451775663,0.4894626402700484,163.88518031670006,0.0
20000,0.7,recserve_no_onu,0.8250387738345042,0.924409980780818,2.9266143699202316,0.7316535924800579,9.31229273498999,17.51931198956986,105.86217038800541,0.0,0.699635664787805,nan,6.480487130658003,0.0,0.300364335212195,0.0,0.699635664787805,174.9746484766577,0.39498566615421526
20000,0.7,static_day,0.9166709638520764,0.9364896686489464,4.155735129094061,1.0389272747646796,9.264959864873802,14.74317502910271,94.78950985009043,0.9998795135321674,6.14828066306232e-05,15.380230345209107,9.054954793177274,0.0,3.520386508688909e-05,1.090823988607831e-05,0.999953887895027,nan,nan
20000,0.7,static_day_self,0.916678897117448,0.9364907015768767,4.155830941123272,1.0389512277719821,9.26492799258601,14.742628282099025,94.78822976078345,0.9999643003058274,0.0,1.9744795924201322,9.055171316595697,0.0,1.1899898057539974e-05,1.090823988607831e-05,0.9999771918620564,nan,nan
20000,0.7,static_hour,0.9010364811208117,0.9344234710584577,3.945729879255701,0.986228155753799,9.357701286086852,15.41004522582516,93.00602790778352,0.8292434044815016,0.11837374009829316,8.650865667994202,9.032898130492619,0.0,0.05126079419919636,0.00034410538549719757,0.9483951004153064,nan,nan
20000,0.7,static_hour_self,0.9126314442906273,0.9359541872524695,4.101349568430363,1.025279212762244,9.292745178104974,14.929708985565227,91.75815758586737,0.9557224626442367,0.030667524781537704,0.11298140039504329,9.309419016226022,0.0,0.013284252864900457,9.916581714616645e-05,0.9866165813179534,nan,nan
20000,0.7,broadcast,0.9131029777511572,0.9360155143258002,4.107621566383581,1.0268730776706345,9.285384617605013,14.908325014496219,91.86746420695462,0.9607105032466888,0.027324149256454704,0.016005305990191173,9.302953921935561,0.0,0.011783378222393228,5.6028686687584046e-05,0.9881605930909192,nan,nan
20000,0.7,oracle,0.9130142243448115,0.9360038957477126,4.106476035588628,1.026586517217169,9.285577329330561,14.910891864588484,91.85607743671717,0.9597847903436294,0.02797666033327648,0.0005778053353243622,9.302990064783042,0.0,0.012056084219545186,5.6524515773314875e-05,0.9878873912646815,nan,nan
20000,0.7,piggyback,0.9062015327068698,0.9351458184537382,4.018024046719,1.0012287299238802,10.012724072963792,16.006361944787194,95.63775926040532,0.8952422224249612,0.05504446595240834,1.504575530751575,8.931031379661013,0.0,0.03144795976247804,0.005502711193440776,0.9630493290440811,nan,nan
20000,0.8,recserve,0.8312832453401983,0.9274431504359054,3.0534821541195467,0.665473574293047,43.556071886786455,81.26936035458057,176.87676170947674,0.0,0.0,nan,5.932627198745219,0.0,0.2004656826773184,0.16030600587854965,0.639228311444132,176.87676170947674,0.0
20000,0.8,recserve_no_onu,0.8548083521417833,0.9294029236709144,3.337519829196797,0.8343799572991992,10.267663702638266,17.932710445963753,107.62499000058676,0.0,0.7995343173226817,nan,7.3202667389279705,0.0,0.2004656826773184,0.0,0.7995343173226817,184.0111504835609,0.41511702025795594
20000,0.8,static_day,0.9166793929465338,0.9364908941268547,4.155843103810744,1.0389558513782065,9.264894803099923,14.742659914027897,94.78894423273476,0.99995587121137,1.2395727143270806e-05,15.380186893396793,9.055136833313329,0.0,1.0412410800347477e-05,8.429094457424148e-06,0.9999811584947422,nan,nan
20000,0.8,static_day_self,0.9166798887756195,0.936490961255255,4.155851507122089,1.0389579522060428,9.264866473700534,14.74245924439747,94.7889372058023,0.9999702502548562,0.0,1.9744644582981972,9.055131829637899,0.0,8.429094457424148e-06,8.429094457424148e-06,0.9999831418110852,nan,nan
20000,0.8,static_hour,0.9166526181759043,0.9364884328263687,4.155561547264412,1.0388738343058193,9.268795468623384,14.748170666932126,94.79273623823867,0.9995934201497008,0.0002905558442382677,10.525584941984128,9.055308822749158,0.0,7.338270468816317e-05,2.677477062946494e-05,0.9998998425246823,nan,nan
20000,0.8,static_hour_self,0.9151998389547129,0.9363214610204673,4.136401887323832,1.034092259413811,9.295239125569742,14.8555292725563,93.28715773834567,0.9761605375580615,0.019020995386806187,0.120263748239946,9.196823261743585,0.0,0.004772850779244991,1.338738531473247e-05,0.9952137618354403,nan,nan
20000,0.8,broadcast,0.9151363728317394,0.9363143515530419,4.13561408828931,1.0338953284966859,9.296260501170272,14.859371664165518,93.31554094765654,0.9752591202802029,0.019741930877458815,0.01662003861240683,9.193659244967048,0.0,0.004952340908279553,1.338738531473247e-05,0.9950342717064057,nan,nan
20000,0.8,oracle,0.9151542226788257,0.9363167726017478,4.135897093648231,1.0339634405381928,9.296668547991986,14.859046366228718,93.33804711421226,0.9755972757166713,0.019451375033220548,0.0003093765950237318,9.19163770481351,0.0,0.004887387298048813,1.735401800057913e-05,0.9950952586839507,nan,nan
20000,0.8,piggyback,0.9128491132592631,0.9360659668467209,4.105691048896682,1.02462427856868,9.93076347557937,15.61553758154623,95.80514783838764,0.9449604923384489,0.029313911377492532,1.4059616034154134,9.031400347886015,0.0,0.01103913876471125,0.002946712256498336,0.9860141489787904,nan,nan
20000,0.9,recserve,0.871896109923325,0.9329786495158358,3.592986183226697,0.84125827042915,49.56694805292115,84.60020282764737,189.19330367500513,0.0,0.0,nan,7.383412997078016,0.0,0.10078519494016334,0.09056169502147932,0.8086531100383574,189.19330367500513,0.0
20000,0.9,recserve_no_onu,0.8862617660242044,0.9337032734172603,3.742820698286018,0.9357051745715045,11.24310081488579,18.284957505021595,109.14200812954205,0.0,0.8992148050598366,nan,8.1708265789706,0.0,0.10078519494016334,0.0,0.8992148050598366,nan,nan
20000,0.9,static_day,0.9166828637501339,0.936491189025089,4.155877569882151,1.0389664546832047,9.264900393426588,14.742448936379505,94.78998411453328,0.9999707460839419,5.454119943039155e-06,15.38019037771728,9.055092733622946,0.0,3.966632685846658e-06,4.958290857308322e-06,0.9999910750764568,nan,nan
20000,0.9,static_day_self,0.9166828637501339,0.9364912106914813,4.155879001836551,1.0389668126718048,9.26488559409322,14.742393604712559,94.78989300540894,0.9999766960329707,0.0,1.974320036263546,9.055095750930395,0.0,3.4708036001158256e-06,4.958290857308322e-06,0.9999915709055426,nan,nan
20000,0.9,static_hour,0.9166813762628767,0.936491135622804,4.155867067230457,1.0389632645188673,9.265568380516614,14.74323397935368,94.7897815875833,0.9999256256371404,3.966632685846658e-05,10.526836802367969,9.055264097176806,0.0,5.949949028769987e-06,5.949949028769987e-06,0.9999881001019425,nan,nan
20000,0.9,static_hour_self,0.9166759221429337,0.9364907137017128,4.155801402601318,1.0389471525527265,9.265680964165789,14.744253385229953,94.78218263104799,0.9997887768094786,0.0001675902309770213,0.12262037598805416,9.056039397044579,0.0,2.181647977215662e-05,5.454119943039155e-06,0.9999727294002848,nan,nan
20000,0.9,broadcast,0.9166749304847622,0.9364903999016578,4.155760630575598,1.0389363657909665,9.266044803980344,14.744954032031817,94.78097274455203,0.9996796944106179,0.0002573352954943019,0.016751862908649523,9.05624857601563,0.0,3.07414033153116e-05,6.4457781145008194e-06,0.9999628128185701,nan,nan
20000,0.9,oracle,0.9166724513393335,0.9364901166353593,4.1557090207177225,1.0389234633264977,9.266290388800611,14.745675101433875,94.77464870202712,0.999559703771871,0.0003649302070978925,5.5782825485944005e-06,9.056927994542631,0.0,4.2641301372851575e-05,6.4457781145008194e-06,0.9999509129205126,nan,nan
20000,0.9,piggyback,0.91592722022348,0.9364317236275864,4.146442420359932,1.0357735741938812,9.856753227750245,15.374757770262658,96.13258086072402,0.982229485567407,0.0029159708531830246,1.3571457529909825,9.035508861806589,0.0,0.001779530588687957,0.0013238636589013222,0.9968966057524107,nan,nan
